{"type":"FeatureCollection","features":[{"type":"Feature","properties":{"district":"South Salmara-Mankachar","subdistrict":"Mankachar","dt_code":"758","sdt_code":"02012","dist_lgd":707,"subdt_lgd":2012,"st_nm":"ASSAM"},"geometry":{"type":"Polygon","coordinates":[[[89.8570878,25.7885141],[89.8635687,25.7888622],[89.8722398,25.7843668],[89.8859547,25.782543],[89.8896418,25.7870034],[89.8962285,25.790686],[89.9005088,25.781577],[89.9167981,25.7761507],[89.9228256,25.7689819],[89.9282588,25.7660712],[89.930011,25.7633521],[89.9434143,25.7573331],[89.9413773,25.7555915],[89.9352272,25.7544925],[89.937772,25.7457009],[89.9267004,25.7384479],[89.9231624,25.7384943],[89.9031766,25.7463393],[89.8966931,25.7464081],[89.8947393,25.7449686],[89.8936321,25.7396972],[89.8952156,25.7323537],[89.8986681,25.7295685],[89.8991259,25.7264226],[89.9027779,25.7250634],[89.907245,25.7165188],[89.9120614,25.7118597],[89.9134752,25.7085646],[89.91871,25.7051465],[89.9235829,25.6944934],[89.933872,25.6896648],[89.9362729,25.6897495],[89.9375211,25.6858675],[89.9444159,25.6792568],[89.9429178,25.6722302],[89.9474443,25.6710274],[89.9454603,25.6681489],[89.9471474,25.6661531],[89.946339,25.6635403],[89.9508258,25.6552153],[89.9629323,25.6494764],[89.9648524,25.6468033],[89.9791611,25.6387825],[89.983346,25.6305515],[89.9831783,25.6267875],[89.9917487,25.6240818],[89.9951944,25.6246477],[89.998819,25.6223982],[90.0041198,25.6267352],[90.0069726,25.6233233],[90.0042101,25.6202372],[90.0092484,25.6191869],[90.0105426,25.6168184],[90.0098379,25.6154857],[90.0163921,25.6098035],[90.0185921,25.6113299],[90.0176008,25.6078757],[90.0202503,25.607487],[90.0174167,25.6050223],[90.0168489,25.6018673],[90.0109846,25.6015567],[90.0111224,25.5966877],[90.0029994,25.5854242],[89.9955639,25.5862427],[89.9877054,25.5915477],[89.9835045,25.5912486],[89.9785386,25.5869644],[89.975424,25.5761073],[89.9721573,25.5734917],[89.9604984,25.5744468],[89.9538026,25.5707947],[89.9471691,25.5704462],[89.941062,25.56826],[89.9368652,25.5644029],[89.9122537,25.5631655],[89.9095858,25.5604536],[89.9074713,25.5613478],[89.9015694,25.5589434],[89.8986539,25.56051],[89.8924683,25.555835],[89.8852983,25.5549917],[89.8783622,25.5503341],[89.874949,25.543731],[89.8788344,25.5376964],[89.8680792,25.5298746],[89.8679351,25.5242417],[89.8688307,25.5214885],[89.8714869,25.5219174],[89.8717357,25.5185323],[89.8734666,25.5194486],[89.8733473,25.5168939],[89.8773366,25.5196246],[89.8799479,25.5179996],[89.8834895,25.5191143],[89.8806989,25.5167403],[89.8841059,25.5142397],[89.8859357,25.5079206],[89.8808774,25.5068242],[89.8728699,25.5074156],[89.8768139,25.5007988],[89.8766898,25.4955027],[89.8722818,25.4859408],[89.8716897,25.4773485],[89.8654347,25.4716927],[89.8522489,25.4658815],[89.8522523,25.4724342],[89.8492896,25.473919],[89.8504986,25.4857262],[89.8493102,25.4927972],[89.8551978,25.4974554],[89.8539061,25.5042382],[89.8556397,25.5035297],[89.8580345,25.5065179],[89.8667928,25.5079327],[89.8696395,25.5109065],[89.8687141,25.5125603],[89.8601272,25.5168219],[89.8512734,25.5386279],[89.8630124,25.5431977],[89.8660376,25.5461905],[89.8672881,25.5621935],[89.8703869,25.5680806],[89.8729187,25.5694937],[89.8721538,25.5731745],[89.8756448,25.5811354],[89.8732907,25.5876079],[89.8788023,25.6015442],[89.8825055,25.6172042],[89.8817911,25.6258579],[89.8798744,25.6368712],[89.8710935,25.6625521],[89.8668094,25.6627708],[89.863546,25.6655493],[89.8585271,25.6797383],[89.851713,25.6869718],[89.8466879,25.6956162],[89.85193,25.7066411],[89.8505333,25.7129576],[89.8492553,25.7151235],[89.8378657,25.7147831],[89.8343559,25.7164098],[89.8269431,25.732614],[89.8269568,25.7403575],[89.8364896,25.750954],[89.8413458,25.7589913],[89.8384187,25.7756167],[89.8339771,25.7829508],[89.833946,25.7883639],[89.8325855,25.7895359],[89.8453966,25.7918114],[89.8570878,25.7885141]]]}},{"type":"Feature","properties":{"district":"South Salmara-Mankachar","subdistrict":"South Salmara","dt_code":"758","sdt_code":"02011","dist_lgd":707,"subdt_lgd":2011,"st_nm":"ASSAM"},"geometry":{"type":"Polygon","coordinates":[[[90.1589693,26.0476498],[90.1800718,26.0479129],[90.1712207,26.0452751],[90.1706836,26.0440424],[90.1744284,26.0438582],[90.1771424,26.0411906],[90.1775432,26.0378873],[90.1804298,26.0335546],[90.1912671,26.0313561],[90.1962756,26.0278245],[90.1972785,26.025924],[90.1965122,26.022386],[90.183465,26.0088504],[90.1862235,26.006011],[90.1875099,26.001392],[90.1795051,26.0003849],[90.1794929,25.9971204],[90.1762766,25.9969229],[90.1740683,25.9945226],[90.1736977,25.9917291],[90.1751399,25.9890748],[90.170761,25.9906603],[90.1651667,25.9869113],[90.1574917,25.9877478],[90.1522128,25.9846979],[90.1509688,25.9811417],[90.1493308,25.9803115],[90.1417561,25.9822484],[90.1404028,25.981206],[90.1416507,25.977108],[90.1401624,25.9737818],[90.133976,25.9750819],[90.1288981,25.9672696],[90.1245092,25.9693455],[90.1185579,25.9681583],[90.1158723,25.9625887],[90.1196629,25.958007],[90.1162686,25.9568775],[90.112315,25.9519753],[90.1075613,25.9491449],[90.1048989,25.9445219],[90.1066902,25.9423098],[90.1048679,25.9416786],[90.1010772,25.9432322],[90.1013658,25.9402285],[90.0979955,25.9374087],[90.0921132,25.9380712],[90.0940895,25.9278212],[90.0911339,25.9284757],[90.0879499,25.9255523],[90.0854195,25.9254715],[90.0862368,25.9194666],[90.0759053,25.9148892],[90.0725146,25.9185204],[90.0705357,25.9184303],[90.0670544,25.9129898],[90.0605542,25.9134592],[90.0624232,25.9102232],[90.0555841,25.9057437],[90.0565224,25.9031983],[90.0554447,25.9005738],[90.0476729,25.899815],[90.0464433,25.8959065],[90.0413839,25.8940666],[90.0434351,25.8920856],[90.0424852,25.887667],[90.0341869,25.8917208],[90.0336648,25.8944512],[90.0252343,25.895695],[90.0193676,25.892076],[90.0138594,25.8849388],[90.0110705,25.8846129],[90.0056251,25.8784729],[90.0142807,25.8718771],[90.0194935,25.8731514],[90.0228794,25.869966],[90.0238206,25.8672177],[90.0223314,25.860136],[90.0191205,25.8559219],[90.0170278,25.8562191],[90.0174505,25.8530713],[90.0157505,25.8507284],[90.0091562,25.8458112],[90.0006994,25.8462006],[89.9989406,25.84279],[90.0039962,25.841296],[90.0035857,25.8392355],[89.9912626,25.8349592],[89.9814529,25.8355132],[89.9779308,25.832215],[89.9778046,25.8279342],[89.9710892,25.8263676],[89.967913,25.8277674],[89.9658745,25.8324278],[89.963972,25.8330578],[89.9637041,25.8282286],[89.9676473,25.8225185],[89.9637501,25.8219281],[89.9620044,25.8201885],[89.954158,25.8212706],[89.9540315,25.8250391],[89.9587018,25.8259299],[89.9576826,25.8291097],[89.9544531,25.8268196],[89.9482592,25.8254707],[89.9482965,25.823521],[89.9510613,25.821061],[89.94854,25.8150901],[89.9558419,25.8111899],[89.954522,25.8039101],[89.9584281,25.8012806],[89.9552762,25.7965308],[89.9556544,25.791451],[89.9543851,25.7879713],[89.9593514,25.7799302],[89.9553631,25.7777599],[89.9576133,25.7753901],[89.95504,25.7674718],[89.9434143,25.7573331],[89.930011,25.7633521],[89.9282588,25.7660712],[89.9228256,25.7689819],[89.9167981,25.7761507],[89.9005088,25.781577],[89.8962285,25.790686],[89.8896418,25.7870034],[89.8859547,25.782543],[89.8722398,25.7843668],[89.8635687,25.7888622],[89.8593213,25.7878058],[89.8481137,25.7915818],[89.8325855,25.7895359],[89.8317114,25.7904084],[89.8294146,25.7967056],[89.8299705,25.8006342],[89.8263599,25.810473],[89.8165906,25.8147193],[89.8272298,25.8329445],[89.8352816,25.8407344],[89.8338382,25.8540561],[89.8356833,25.8599588],[89.8325726,25.8706055],[89.8387688,25.8760706],[89.8432815,25.882717],[89.8470303,25.880051],[89.8505375,25.8795446],[89.867325,25.8831611],[89.8722564,25.879763],[89.8764922,25.8789974],[89.8832278,25.8842551],[89.8889819,25.8956371],[89.8929139,25.8959932],[89.8979245,25.90028],[89.9037984,25.9029644],[89.9161744,25.9044236],[89.9183758,25.9067518],[89.9303822,25.9062557],[89.9336882,25.9113904],[89.9343071,25.9214141],[89.9373782,25.9245991],[89.9393303,25.9256994],[89.9490174,25.9249502],[89.9492581,25.9266695],[89.9436331,25.9349902],[89.9432683,25.9429472],[89.9452342,25.9499101],[89.9478061,25.9515066],[89.956508,25.9523503],[89.9580969,25.9543082],[89.9585973,25.9629913],[89.9680462,25.972901],[89.9756404,25.9785193],[89.9852091,25.9800964],[90.0001129,25.9911088],[90.0035383,25.991727],[90.0194882,26.00223],[90.0394423,26.0040159],[90.0563341,26.0004186],[90.0580258,26.0039065],[90.0635684,26.0054911],[90.0725316,26.0253535],[90.0709634,26.0262839],[90.078179,26.0322102],[90.0825769,26.0404532],[90.0909276,26.0392488],[90.1010857,26.0407552],[90.118012,26.0529233],[90.1254188,26.0546711],[90.1432389,26.0520844],[90.1589693,26.0476498]]]}},{"type":"Feature","properties":{"district":"Dhubri","subdistrict":"Dhubri","dt_code":"301","sdt_code":"02008","dist_lgd":285,"subdt_lgd":6014,"st_nm":"ASSAM"},"geometry":{"type":"Polygon","coordinates":[[[90.0582206,26.1566633],[90.0569618,26.1475983],[90.0599048,26.1413702],[90.0719241,26.1438611],[90.0795726,26.1420844],[90.0790323,26.1397344],[90.06231,26.131248],[90.0605611,26.1276801],[90.0547524,26.124912],[90.0440377,26.1157187],[90.0347759,26.1127175],[90.0327617,26.1034592],[90.0411582,26.0920882],[90.0379339,26.0855757],[90.0305354,26.07881],[90.0450867,26.0828309],[90.0541802,26.080874],[90.0603128,26.0743773],[90.0683566,26.0796972],[90.0732887,26.0808464],[90.0735914,26.0753875],[90.0606434,26.0694297],[90.0522101,26.0600891],[90.0630254,26.0589679],[90.0582159,26.0519647],[90.0606922,26.0491183],[90.0587066,26.0376793],[90.0625433,26.0288817],[90.0725316,26.0253535],[90.0635684,26.0054911],[90.0580258,26.0039065],[90.0563341,26.0004186],[90.0394423,26.0040159],[90.0194882,26.00223],[90.0035383,25.991727],[90.0001129,25.9911088],[89.9852091,25.9800964],[89.9756404,25.9785193],[89.9680462,25.972901],[89.9585973,25.9629913],[89.9580969,25.9543082],[89.956508,25.9523503],[89.9478061,25.9515066],[89.9452342,25.9499101],[89.9432683,25.9429472],[89.9436331,25.9349902],[89.9492581,25.9266695],[89.9490174,25.9249502],[89.9393303,25.9256994],[89.9373782,25.9245991],[89.9343071,25.9214141],[89.9336882,25.9113904],[89.9303822,25.9062557],[89.9183758,25.9067518],[89.9161744,25.9044236],[89.9037984,25.9029644],[89.8979245,25.90028],[89.8929139,25.8959932],[89.8889819,25.8956371],[89.8832278,25.8842551],[89.8764922,25.8789974],[89.8722564,25.879763],[89.867325,25.8831611],[89.8505375,25.8795446],[89.8470303,25.880051],[89.8432815,25.882717],[89.8487965,25.8878382],[89.848288,25.8920769],[89.8568342,25.8997023],[89.8607766,25.907332],[89.8623203,25.9073644],[89.8781792,25.9242336],[89.8781102,25.9277669],[89.887077,25.9452016],[89.8761861,25.9468338],[89.8688377,25.9443913],[89.8485785,25.9428795],[89.8450347,25.9400251],[89.8427368,25.940031],[89.8391509,25.9410753],[89.8423493,25.9443071],[89.8253873,25.9455045],[89.8256774,25.9515304],[89.8306047,25.9551737],[89.8493363,25.9491093],[89.8445004,25.9547603],[89.8471852,25.9567113],[89.8429845,25.9640919],[89.8385401,25.9658545],[89.8385588,25.9678512],[89.8410756,25.9682765],[89.8415432,25.97042],[89.8477505,25.971095],[89.8580924,25.9689394],[89.8718058,25.9740401],[89.8733297,25.9758796],[89.8701952,25.9814406],[89.8672769,25.9797841],[89.8670844,25.9825808],[89.8504215,25.9899579],[89.8472809,25.996774],[89.8477011,26.0006659],[89.8440909,26.0061891],[89.8358412,26.0125967],[89.8311372,26.0098458],[89.8309294,26.0018333],[89.8333371,25.9955443],[89.8332217,25.9906261],[89.8366304,25.9865716],[89.8359415,25.9824242],[89.8214117,25.986575],[89.8170274,25.9921377],[89.8148656,25.9978653],[89.8175136,25.9960859],[89.8198255,25.9964006],[89.8206354,25.9995471],[89.8191879,26.0041086],[89.8204671,26.0076677],[89.8220511,26.007961],[89.8189644,26.0156397],[89.8157436,26.017892],[89.8167601,26.0228167],[89.8191989,26.0201091],[89.8225085,26.0206935],[89.8256322,26.0259657],[89.8282919,26.0222217],[89.8355674,26.0254786],[89.8362846,26.0287288],[89.8348044,26.0331698],[89.8362625,26.0362803],[89.842438,26.0252547],[89.8443688,26.0251327],[89.8484671,26.0315726],[89.8552177,26.0318001],[89.8596851,26.0337348],[89.8606173,26.0432471],[89.8632217,26.0484087],[89.8768479,26.0515531],[89.8781575,26.055374],[89.8823386,26.0576503],[89.8867601,26.0587351],[89.9019279,26.0575525],[89.9062395,26.0592257],[89.9135248,26.0586425],[89.9241596,26.0645019],[89.92714,26.0673657],[89.9296531,26.0745373],[89.9286905,26.0832543],[89.9255887,26.0906511],[89.9309713,26.096505],[89.9300112,26.1039155],[89.934195,26.1053485],[89.9376566,26.1096496],[89.9396887,26.1145417],[89.9388589,26.11801],[89.9448256,26.1201649],[89.9454239,26.126015],[89.9404442,26.1283676],[89.9383031,26.1327975],[89.9481477,26.1284361],[89.9580264,26.1289112],[89.9669841,26.1269213],[89.9779432,26.1296705],[89.9804623,26.135442],[89.9888893,26.135813],[89.9937873,26.1348766],[89.9968363,26.13272],[89.9965748,26.1286307],[89.9999922,26.126195],[90.0249829,26.1267547],[90.0298192,26.138973],[90.0374084,26.1480378],[90.0525281,26.1555417],[90.0546892,26.1536175],[90.0582206,26.1566633]]]}},{"type":"Feature","properties":{"district":"Kokrajhar","subdistrict":"Dhubri","dt_code":"300","sdt_code":"02008","dist_lgd":294,"subdt_lgd":6014,"st_nm":"ASSAM"},"geometry":{"type":"Polygon","coordinates":[[[90.0054866,26.2352362],[90.0179215,26.231787],[90.0178521,26.2216186],[90.0149734,26.2153525],[90.0158218,26.2098393],[90.0363995,26.207441],[90.0438829,26.2041057],[90.044667,26.2010551],[90.0424789,26.1996885],[90.0400523,26.1933521],[90.0360717,26.1905482],[90.0348636,26.1862838],[90.0357173,26.1843266],[90.0328817,26.1835067],[90.0319912,26.180679],[90.035666,26.1732467],[90.0458769,26.1684948],[90.0492347,26.1651767],[90.0525771,26.1564251],[90.0412801,26.1506421],[90.0333323,26.1442458],[90.0249829,26.1267547],[89.9999922,26.126195],[89.9965748,26.1286307],[89.9968363,26.13272],[89.9937873,26.1348766],[89.9888893,26.135813],[89.9561636,26.1348744],[89.9457341,26.1435836],[89.9356941,26.1433471],[89.9254584,26.1475822],[89.9204383,26.1474633],[89.9147057,26.1498345],[89.913641,26.1659822],[89.9144504,26.1701525],[89.9189634,26.1752416],[89.9174475,26.1770917],[89.9101522,26.1785912],[89.9076025,26.1842591],[89.9036527,26.1862282],[89.9064298,26.1922492],[89.905636,26.1960085],[89.9074831,26.2012981],[89.9097892,26.2019891],[89.9134794,26.1985395],[89.9178562,26.2017602],[89.9199969,26.2072177],[89.9238511,26.2105094],[89.9376873,26.2169502],[89.946676,26.2183286],[89.947827,26.2206391],[89.9522155,26.222708],[89.9607462,26.2206376],[89.9764259,26.2233939],[89.9849339,26.2217801],[89.9888448,26.2229296],[89.9975331,26.2313126],[90.0054866,26.2352362]]]}},{"type":"Feature","properties":{"district":"Dhubri","subdistrict":"Golakganj Pt","dt_code":"301","sdt_code":"02007","dist_lgd":285,"subdt_lgd":6015,"st_nm":"ASSAM"},"geometry":{"type":"Polygon","coordinates":[[[89.8932731,26.3278663],[89.9051758,26.3277814],[89.9052201,26.3268065],[89.9048815,26.3253826],[89.9031239,26.3265021],[89.8968724,26.3234937],[89.891436,26.3173489],[89.8929531,26.3151194],[89.8912603,26.3128449],[89.889823,26.3124118],[89.8898233,26.3142801],[89.8867093,26.3143161],[89.8855747,26.3107424],[89.8793497,26.3071473],[89.882895,26.3055749],[89.8842679,26.2985403],[89.8761305,26.2845636],[89.876143,26.2817955],[89.8697048,26.275207],[89.8685916,26.2660464],[89.8705915,26.2602107],[89.8696754,26.2587383],[89.8659779,26.257928],[89.868995,26.2523681],[89.8765794,26.2459266],[89.8826982,26.2429139],[89.8899207,26.242445],[89.8911923,26.2407813],[89.892576,26.2094765],[89.8881465,26.1959399],[89.8883441,26.1914678],[89.8991764,26.1738193],[89.894747,26.1602828],[89.9204383,26.1474633],[89.9254584,26.1475822],[89.9356941,26.1433471],[89.9457341,26.1435836],[89.9561636,26.1348744],[89.9804623,26.135442],[89.9779432,26.1296705],[89.9669841,26.1269213],[89.9580264,26.1289112],[89.9481477,26.1284361],[89.9383031,26.1327975],[89.9404442,26.1283676],[89.9454239,26.126015],[89.9448256,26.1201649],[89.9388589,26.11801],[89.9396887,26.1145417],[89.9376566,26.1096496],[89.934195,26.1053485],[89.9300112,26.1039155],[89.9309713,26.096505],[89.9255887,26.0906511],[89.9290505,26.0818146],[89.9285814,26.0703558],[89.9241596,26.0645019],[89.9172272,26.0598368],[89.9110141,26.0584006],[89.9052802,26.0591058],[89.9019279,26.0575525],[89.8867601,26.0587351],[89.8823386,26.0576503],[89.8781575,26.055374],[89.8768479,26.0515531],[89.8632217,26.0484087],[89.8606173,26.0432471],[89.8596851,26.0337348],[89.857932,26.0325223],[89.8484671,26.0315726],[89.8461151,26.0291417],[89.8458495,26.0262135],[89.842438,26.0252547],[89.8362625,26.0362803],[89.8348044,26.0331698],[89.8362846,26.0287288],[89.8355674,26.0254786],[89.8282919,26.0222217],[89.8256322,26.0259657],[89.8225085,26.0206935],[89.8191989,26.0201091],[89.8169309,26.0230323],[89.8193247,26.0258154],[89.813877,26.0317818],[89.8115827,26.0405366],[89.8056268,26.0444809],[89.8024725,26.0327251],[89.79916,26.0266864],[89.7941943,26.0222603],[89.7954036,26.0218082],[89.7928174,26.0191061],[89.7899609,26.0178289],[89.7876886,26.0212857],[89.7915597,26.0208696],[89.793993,26.0226587],[89.7937114,26.0281298],[89.7975143,26.0303842],[89.8023082,26.0385151],[89.8000504,26.0412068],[89.7945237,26.0424727],[89.7923721,26.0408199],[89.7929894,26.0357868],[89.7908269,26.034311],[89.787683,26.0360197],[89.7894812,26.0396189],[89.7876477,26.0403692],[89.7798893,26.0404219],[89.7765704,26.0349265],[89.773654,26.0376371],[89.7792023,26.0443929],[89.7886798,26.0487108],[89.7873104,26.0509346],[89.7847536,26.0513835],[89.785347,26.0568618],[89.7988098,26.0595794],[89.7972987,26.0631191],[89.7985283,26.0650651],[89.795567,26.0645766],[89.7961287,26.0658313],[89.7981488,26.065721],[89.7949512,26.0728756],[89.7966044,26.0763093],[89.7947636,26.0770129],[89.7901374,26.0753856],[89.7950214,26.0833006],[89.7948514,26.0875125],[89.7906316,26.0892898],[89.7882309,26.0881338],[89.7851438,26.0833424],[89.7813239,26.0834424],[89.7831046,26.0935653],[89.7860225,26.0963285],[89.7853355,26.0981008],[89.7817938,26.0982317],[89.7816203,26.099428],[89.7848635,26.1014041],[89.7886468,26.0989911],[89.7901431,26.1023242],[89.8025685,26.1013021],[89.8018592,26.0993868],[89.8050141,26.0986835],[89.8097534,26.0946572],[89.8122553,26.094237],[89.8141547,26.0909536],[89.8188549,26.0890711],[89.8202998,26.1018484],[89.8257539,26.1110498],[89.8279411,26.1186381],[89.822034,26.1375196],[89.8163285,26.1351918],[89.8151452,26.1366794],[89.8192047,26.1399149],[89.8162038,26.1576366],[89.8202866,26.1583465],[89.8189543,26.1645865],[89.8093661,26.178591],[89.8102615,26.1840788],[89.8064119,26.1853287],[89.8078145,26.1880621],[89.8112609,26.1902637],[89.8188797,26.1915308],[89.8226545,26.2027807],[89.8205074,26.2077529],[89.8233445,26.2107316],[89.8485484,26.2243661],[89.8458395,26.2272027],[89.8464674,26.2327889],[89.8425623,26.2448558],[89.8451568,26.2576695],[89.8529392,26.2776262],[89.8519124,26.2875329],[89.8481911,26.2983837],[89.8623263,26.3025883],[89.8722486,26.3151919],[89.8775124,26.3180246],[89.8843192,26.3261709],[89.8932731,26.3278663]]]}},{"type":"Feature","properties":{"district":"Dhubri","subdistrict":"Gossaigaon (Pt)","dt_code":"301","sdt_code":"02001","dist_lgd":285,"subdt_lgd":2001,"st_nm":"ASSAM"},"geometry":{"type":"Polygon","coordinates":[[[89.8516536,26.3676667],[89.8600094,26.369031],[89.8651332,26.3625551],[89.8712548,26.3644616],[89.8750672,26.3627604],[89.8758201,26.3554066],[89.8686982,26.3495387],[89.9021684,26.3387241],[89.9044374,26.3363818],[89.9051758,26.3277814],[89.8932731,26.3278663],[89.8843192,26.3261709],[89.8775124,26.3180246],[89.8722486,26.3151919],[89.8623263,26.3025883],[89.850192,26.2983172],[89.8456733,26.2984673],[89.8379939,26.3035889],[89.8367853,26.3069084],[89.8221767,26.3078105],[89.8180508,26.3098208],[89.8185815,26.3050934],[89.8172392,26.3012702],[89.7949916,26.2998966],[89.7947774,26.295201],[89.7866584,26.2933496],[89.7821661,26.2952671],[89.7789299,26.2985752],[89.7830534,26.3042558],[89.7811726,26.3057271],[89.7781578,26.306787],[89.7666038,26.3063325],[89.7625397,26.3079942],[89.758627,26.3123614],[89.7608648,26.3147112],[89.7605965,26.3162103],[89.7656868,26.31695],[89.769093,26.3212941],[89.7692555,26.3242863],[89.778939,26.3267257],[89.7826578,26.3294224],[89.7837211,26.3336879],[89.7815411,26.3416292],[89.7826865,26.3498796],[89.7912212,26.3577013],[89.8048187,26.3628399],[89.8137164,26.3710486],[89.8201045,26.3702435],[89.8205096,26.3717961],[89.8219224,26.3718102],[89.819976,26.3666285],[89.8133058,26.3615126],[89.8128322,26.3570988],[89.8153793,26.3525824],[89.8218818,26.3514071],[89.8249064,26.353597],[89.8257724,26.3548475],[89.8219682,26.3596749],[89.8220717,26.3631454],[89.8282318,26.3675296],[89.829478,26.3707793],[89.8259179,26.3776332],[89.8280157,26.3811315],[89.8320231,26.3839172],[89.8352498,26.3839588],[89.8396658,26.3786213],[89.8421768,26.3780253],[89.8445121,26.3723935],[89.8516536,26.3676667]],[[89.7898974,26.3415555],[89.7934108,26.3413865],[89.7980573,26.337849],[89.796123,26.3329919],[89.7998344,26.3297253],[89.8052598,26.3284101],[89.8147036,26.3216472],[89.8174147,26.3209353],[89.8231213,26.3279374],[89.823026,26.3297844],[89.819675,26.3330219],[89.8193669,26.3368311],[89.8161013,26.3427782],[89.8067406,26.349102],[89.8022845,26.3505743],[89.7955856,26.3493699],[89.7940804,26.3438321],[89.7898945,26.3425829],[89.7898974,26.3415555]]]}},{"type":"Feature","properties":{"district":"Dhubri","subdistrict":"Agamoni","dt_code":"301","sdt_code":"02006","dist_lgd":285,"subdt_lgd":2006,"st_nm":"ASSAM"},"geometry":{"type":"Polygon","coordinates":[[[89.7553495,26.3232147],[89.7608648,26.3147112],[89.758627,26.3123614],[89.7625397,26.3079942],[89.7666038,26.3063325],[89.7781578,26.306787],[89.7830534,26.3042558],[89.7789294,26.2985766],[89.7821661,26.2952671],[89.7866566,26.29335],[89.7947774,26.295201],[89.7949916,26.2998966],[89.8172392,26.3012702],[89.8185815,26.3050934],[89.8180508,26.3098208],[89.8221767,26.3078105],[89.8367853,26.3069084],[89.8379939,26.3035889],[89.8456733,26.2984673],[89.8481911,26.2983837],[89.8513489,26.2899054],[89.8529392,26.2776262],[89.8451568,26.2576695],[89.8425623,26.2448558],[89.8464674,26.2327889],[89.8458395,26.2272027],[89.8485484,26.2243661],[89.8233445,26.2107316],[89.8205074,26.2077529],[89.8226545,26.2027807],[89.8188797,26.1915308],[89.8112609,26.1902637],[89.8078145,26.1880621],[89.8064119,26.1853287],[89.8102615,26.1840788],[89.8093661,26.178591],[89.8189543,26.1645865],[89.8202866,26.1583465],[89.8162038,26.1576366],[89.8192047,26.1399149],[89.8151452,26.1366794],[89.8163285,26.1351918],[89.822034,26.1375196],[89.8279411,26.1186381],[89.8257539,26.1110498],[89.8202998,26.1018484],[89.8188549,26.0890711],[89.8141547,26.0909536],[89.8122553,26.094237],[89.8097534,26.0946572],[89.8050141,26.0986835],[89.8018592,26.0993868],[89.8025685,26.1013021],[89.7901431,26.1023242],[89.7886468,26.0989911],[89.785814,26.1013138],[89.7841725,26.1052987],[89.7788548,26.1081368],[89.7763167,26.1057929],[89.7699544,26.1045329],[89.7683188,26.1079119],[89.7650395,26.1095393],[89.7569622,26.1082614],[89.7554288,26.1137132],[89.7609924,26.1187274],[89.7664947,26.1275421],[89.7665143,26.1307044],[89.764074,26.1357347],[89.7610281,26.1380683],[89.7540327,26.139396],[89.753279,26.1484193],[89.747659,26.157371],[89.7452889,26.1588213],[89.7383257,26.159057],[89.7204876,26.1562963],[89.7194261,26.1663098],[89.716979,26.1653626],[89.7218418,26.1674745],[89.728864,26.1679436],[89.7274821,26.1719612],[89.7289044,26.1741084],[89.7365505,26.1727894],[89.7324688,26.1778245],[89.7255766,26.1779784],[89.7223503,26.1777097],[89.7136536,26.1726562],[89.7092373,26.1728078],[89.7035391,26.1780506],[89.7032773,26.1829925],[89.6986005,26.191177],[89.7060965,26.1877252],[89.7130745,26.1877166],[89.7191107,26.1922935],[89.7203689,26.1956008],[89.7178122,26.2013475],[89.7116,26.2029669],[89.7191621,26.2066224],[89.7272063,26.2059626],[89.7309156,26.2083924],[89.7332303,26.2119921],[89.7317131,26.2161633],[89.7257008,26.2181849],[89.7128727,26.2124571],[89.7074992,26.2122797],[89.7021076,26.2152026],[89.7003936,26.2184484],[89.7011851,26.2199373],[89.7044655,26.2171916],[89.7100398,26.2178428],[89.7136404,26.2221235],[89.7141019,26.2302466],[89.7270746,26.2331626],[89.732158,26.2378299],[89.7318295,26.239879],[89.7262923,26.2428661],[89.7178815,26.2451508],[89.7164821,26.2475345],[89.7184455,26.2558457],[89.7170753,26.2573674],[89.7144333,26.2582537],[89.705828,26.2562053],[89.7026158,26.2578633],[89.7024228,26.2610631],[89.7045418,26.2638917],[89.7058527,26.2704302],[89.7115548,26.2712619],[89.7147124,26.2699421],[89.7125791,26.2619103],[89.7220204,26.2574591],[89.7340044,26.2594092],[89.735573,26.261493],[89.7342818,26.2670269],[89.7385393,26.2699435],[89.7350025,26.2776724],[89.7241278,26.2876405],[89.7178312,26.2958176],[89.7198131,26.3073199],[89.7237054,26.3092804],[89.7258467,26.3072165],[89.721394,26.2995114],[89.7263217,26.2947108],[89.7369089,26.2926135],[89.7448438,26.2968899],[89.7478026,26.2912609],[89.7581248,26.2877858],[89.760889,26.2921024],[89.7541445,26.302224],[89.7512404,26.3209502],[89.7553495,26.3232147]]]}},{"type":"Feature","properties":{"district":"Kokrajhar","subdistrict":"Golakganj Pt","dt_code":"300","sdt_code":"02007","dist_lgd":294,"subdt_lgd":6015,"st_nm":"ASSAM"},"geometry":{"type":"Polygon","coordinates":[[[89.9298369,26.3411025],[89.932749,26.3390236],[89.9324957,26.3357918],[89.9297206,26.3263381],[89.9303641,26.3160327],[89.9275008,26.313704],[89.9320239,26.3086968],[89.926846,26.3011283],[89.9271569,26.2973321],[89.9255938,26.2946297],[89.9200565,26.2963375],[89.909604,26.2966814],[89.9071937,26.2961035],[89.9061789,26.29405],[89.9079016,26.2924245],[89.9164228,26.2909266],[89.917882,26.2887888],[89.915791,26.2822581],[89.93001,26.2732157],[89.9299755,26.2714537],[89.9224435,26.2697839],[89.9203112,26.2675169],[89.923815,26.2633769],[89.9213822,26.2574457],[89.9203777,26.2497809],[89.90814,26.2358253],[89.9087841,26.2316645],[89.9118343,26.2302953],[89.9164548,26.2197084],[89.913927,26.2118869],[89.9143934,26.2065977],[89.9199969,26.2072177],[89.9178562,26.2017602],[89.9134794,26.1985395],[89.9097892,26.2019891],[89.9074831,26.2012981],[89.905636,26.1960085],[89.9064298,26.1922492],[89.9034199,26.187388],[89.9076025,26.1842591],[89.9101522,26.1785912],[89.9174475,26.1770917],[89.9189634,26.1752416],[89.9144504,26.1701525],[89.913641,26.1659822],[89.9147057,26.1498345],[89.894747,26.1602828],[89.8991764,26.1738193],[89.8883441,26.1914678],[89.8881465,26.1959399],[89.892576,26.2094765],[89.8921468,26.2370019],[89.8910057,26.2413193],[89.8892445,26.2426041],[89.8826982,26.2429139],[89.8765794,26.2459266],[89.868995,26.2523681],[89.8659779,26.257928],[89.8696754,26.2587383],[89.8705915,26.2602107],[89.8685916,26.2660464],[89.8697048,26.275207],[89.876143,26.2817955],[89.8761305,26.2845636],[89.8842679,26.2985403],[89.882895,26.3055749],[89.8793497,26.3071473],[89.8855747,26.3107424],[89.8867093,26.3143161],[89.8898233,26.3142801],[89.889823,26.3124118],[89.8912603,26.3128449],[89.8929531,26.3151194],[89.891436,26.3173489],[89.8968724,26.3234937],[89.9031239,26.3265021],[89.9048815,26.3253826],[89.9051758,26.3277814],[89.9078166,26.3287997],[89.9090628,26.3321869],[89.9082706,26.3357588],[89.9106796,26.3362264],[89.9096195,26.3396582],[89.9105509,26.3405497],[89.912404,26.3411887],[89.9141248,26.3394289],[89.9218335,26.337108],[89.9267616,26.3407301],[89.9298369,26.3411025]]]}},{"type":"Feature","properties":{"district":"Kokrajhar","subdistrict":"Bagribari (Pt)","dt_code":"300","sdt_code":"02005","dist_lgd":294,"subdt_lgd":2005,"st_nm":"ASSAM"},"geometry":{"type":"Polygon","coordinates":[[[89.9892935,26.3353634],[90.0043078,26.332981],[90.0039171,26.3280504],[90.0087861,26.3257033],[90.0128497,26.3265035],[90.0162188,26.330115],[90.0162721,26.3349349],[90.0189018,26.3337849],[90.0220537,26.336647],[90.0273861,26.3347512],[90.0219405,26.3242543],[90.0275763,26.3173984],[90.0284442,26.3119605],[90.0267368,26.3114704],[90.0330121,26.3076109],[90.0334558,26.305192],[90.0354339,26.3042221],[90.0345579,26.303123],[90.0371041,26.3026925],[90.0368465,26.3015033],[90.0396428,26.3019844],[90.0419815,26.299304],[90.0449181,26.3000942],[90.0509642,26.2968251],[90.1072116,26.3326403],[90.1050507,26.3166797],[90.1073787,26.3154288],[90.106796,26.3123435],[90.1198734,26.3081483],[90.1243414,26.3038179],[90.1256454,26.3012824],[90.1250848,26.2987575],[90.1190769,26.2944884],[90.1234259,26.2854989],[90.1260728,26.2831929],[90.129236,26.2832684],[90.1293313,26.2910764],[90.1339922,26.2954908],[90.1377861,26.2953397],[90.1408966,26.2932555],[90.143225,26.2876723],[90.1399361,26.27464],[90.1344226,26.2724374],[90.1343907,26.27067],[90.1328325,26.2701525],[90.137536,26.2689026],[90.1399744,26.2662254],[90.1348798,26.2657181],[90.1338035,26.2625184],[90.1309044,26.2606471],[90.1242423,26.2610848],[90.1236821,26.2530471],[90.1188574,26.2531676],[90.1175316,26.2554505],[90.1179606,26.2586492],[90.113679,26.2607987],[90.1076262,26.2524226],[90.1079814,26.2490571],[90.1210259,26.2487908],[90.1205209,26.2388231],[90.1217536,26.2363315],[90.1309349,26.2341196],[90.1357156,26.2294651],[90.1349608,26.2200183],[90.1363862,26.2154301],[90.1417021,26.215063],[90.1474536,26.2199506],[90.1489073,26.2164429],[90.152124,26.2164711],[90.152167,26.2089077],[90.1398055,26.2011166],[90.1364374,26.2009141],[90.125594,26.1957316],[90.1204783,26.1992519],[90.1124562,26.1965578],[90.112841,26.1915221],[90.1013072,26.1849614],[90.0979135,26.1909293],[90.0911764,26.186591],[90.0872147,26.1861855],[90.0848568,26.1822255],[90.0739829,26.1749944],[90.0696569,26.1693498],[90.0694491,26.1742396],[90.0682058,26.1750762],[90.0637677,26.172621],[90.0586149,26.1670919],[90.0526196,26.1557291],[90.0492347,26.1651767],[90.0458769,26.1684948],[90.035666,26.1732467],[90.0319912,26.180679],[90.0328817,26.1835067],[90.0357173,26.1843266],[90.0348636,26.1862838],[90.0360717,26.1905482],[90.0400523,26.1933521],[90.0424789,26.1996885],[90.044667,26.2010551],[90.0438829,26.2041057],[90.0363995,26.207441],[90.0158218,26.2098393],[90.0151132,26.2165427],[90.0176894,26.2207194],[90.0185085,26.2299298],[90.016279,26.2330504],[90.0054866,26.2352362],[89.9975331,26.2313126],[89.9888448,26.2229296],[89.9849339,26.2217801],[89.9764259,26.2233939],[89.9607462,26.2206376],[89.9522155,26.222708],[89.947827,26.2206391],[89.946676,26.2183286],[89.9376873,26.2169502],[89.9273055,26.2125789],[89.9183133,26.2061402],[89.9143934,26.2065977],[89.913927,26.2118869],[89.9164548,26.2197084],[89.9118343,26.2302953],[89.9087841,26.2316645],[89.90814,26.2358253],[89.9203777,26.2497809],[89.9213822,26.2574457],[89.923815,26.2633769],[89.9203112,26.2675169],[89.9224435,26.2697839],[89.9299755,26.2714537],[89.93001,26.2732157],[89.915791,26.2822581],[89.917882,26.2887888],[89.9164228,26.2909266],[89.9079016,26.2924245],[89.9061789,26.29405],[89.9071937,26.2961035],[89.909604,26.2966814],[89.9200565,26.2963375],[89.9255938,26.2946297],[89.9271569,26.2973321],[89.926846,26.3011283],[89.9320239,26.3086968],[89.9275008,26.313704],[89.9303641,26.3160327],[89.9297206,26.3263381],[89.932749,26.3390236],[89.935041,26.3377587],[89.9350385,26.335017],[89.9382415,26.3331554],[89.9487941,26.3329248],[89.9657605,26.3371058],[89.9713416,26.3402164],[89.9783113,26.3408147],[89.9901359,26.3504581],[89.9933058,26.3509019],[89.9972282,26.3488407],[89.9983662,26.3444979],[89.9898524,26.3376581],[89.9892935,26.3353634]]]}},{"type":"Feature","properties":{"district":"Kokrajhar","subdistrict":"Bhowraguri","dt_code":"300","sdt_code":"02002","dist_lgd":294,"subdt_lgd":2002,"st_nm":"ASSAM"},"geometry":{"type":"Polygon","coordinates":[[[90.0956727,26.4513852],[90.0985849,26.4498004],[90.1021885,26.4536783],[90.1059334,26.4529957],[90.1070348,26.4490534],[90.1048152,26.4390286],[90.1083587,26.4376443],[90.1149338,26.439111],[90.1141141,26.4332287],[90.1161264,26.4273634],[90.1132147,26.4229373],[90.1145287,26.418785],[90.1139077,26.4145724],[90.1208345,26.4102982],[90.1196629,26.40746],[90.111827,26.4012916],[90.1042143,26.3996943],[90.1091976,26.3926525],[90.115232,26.3898952],[90.1091996,26.3850459],[90.1015139,26.387043],[90.0981865,26.378194],[90.0997762,26.3748114],[90.1040873,26.3745101],[90.1087478,26.37086],[90.1123463,26.3735891],[90.1099616,26.3800769],[90.1138427,26.381188],[90.1166147,26.3784973],[90.119447,26.3715172],[90.1095174,26.3681552],[90.1039359,26.3644214],[90.1005377,26.3595529],[90.1053578,26.3552439],[90.1072263,26.355293],[90.1101255,26.3584918],[90.1165568,26.3566098],[90.1182371,26.3662375],[90.117266,26.3678174],[90.118887,26.3685659],[90.122185,26.3615763],[90.1193944,26.3561484],[90.1236031,26.3529559],[90.1201947,26.3487784],[90.1129262,26.3480117],[90.1103027,26.3449088],[90.1055812,26.346056],[90.1062734,26.3418273],[90.1022361,26.3378909],[90.1050665,26.3312378],[90.0509642,26.2968251],[90.0449181,26.3000942],[90.0419815,26.299304],[90.0396428,26.3019844],[90.0368465,26.3015033],[90.0371041,26.3026925],[90.0345579,26.303123],[90.0354339,26.3042221],[90.0334558,26.305192],[90.0330121,26.3076109],[90.0267368,26.3114704],[90.0284442,26.3119605],[90.0275763,26.3173984],[90.0219405,26.3242543],[90.0273861,26.3347512],[90.0220537,26.336647],[90.0189018,26.3337849],[90.0162721,26.3349349],[90.0162188,26.330115],[90.0128497,26.3265035],[90.0087861,26.3257033],[90.0039171,26.3280504],[90.0043078,26.332981],[89.9892935,26.3353634],[89.9898524,26.3376581],[89.9983662,26.3444979],[89.9955822,26.3501702],[89.9901359,26.3504581],[89.9823625,26.3439773],[89.9783844,26.3488673],[89.9763691,26.354931],[89.9780483,26.3585845],[89.9780632,26.3676094],[89.9843313,26.3718199],[89.9852436,26.3774924],[89.9839078,26.3882063],[89.985479,26.3919561],[89.9934868,26.3911305],[90.0015426,26.3931256],[90.0044845,26.3981464],[90.004139,26.4045265],[90.0068188,26.408961],[90.0126222,26.4085666],[90.0166322,26.4132096],[90.027036,26.4156494],[90.0287246,26.4173399],[90.0290473,26.4192828],[90.0252919,26.4234337],[90.0241076,26.4280208],[90.0278378,26.4329634],[90.041708,26.4331353],[90.0465888,26.426116],[90.0523104,26.4268905],[90.0555206,26.4302303],[90.063491,26.4488641],[90.0835075,26.4652759],[90.0972661,26.4654018],[90.1031564,26.4616275],[90.1025284,26.4581031],[90.0961523,26.454429],[90.0956727,26.4513852]]]}},{"type":"Feature","properties":{"district":"Kokrajhar","subdistrict":"Gossaigaon (Pt)","dt_code":"300","sdt_code":"02001","dist_lgd":294,"subdt_lgd":2001,"st_nm":"ASSAM"},"geometry":{"type":"Polygon","coordinates":[[[90.1277251,26.7503439],[90.1798521,26.7067965],[90.1944622,26.683932],[90.1963409,26.6703042],[90.1938279,26.6584912],[90.1854733,26.6403837],[90.1789155,26.6361073],[90.1750215,26.6308333],[90.1668563,26.6160205],[90.1604552,26.6006697],[90.1546157,26.5958469],[90.1387622,26.5872254],[90.1322966,26.5787644],[90.1315886,26.5727172],[90.1338463,26.5643097],[90.1314974,26.5587545],[90.1273522,26.5544675],[90.1235286,26.5542555],[90.1163232,26.5486232],[90.1109541,26.5500082],[90.1084103,26.5478012],[90.103104,26.5346275],[90.1018333,26.5286007],[90.1033348,26.5258294],[90.0992334,26.5171884],[90.1036531,26.5113136],[90.107921,26.5089905],[90.1125705,26.5084903],[90.1130113,26.5069873],[90.1061498,26.5012876],[90.1102864,26.4921345],[90.1037731,26.4824339],[90.0992712,26.4792581],[90.0993395,26.4733011],[90.0972661,26.4654018],[90.0835075,26.4652759],[90.0661306,26.4517546],[90.0612976,26.4459037],[90.0578914,26.4351065],[90.0523104,26.4268905],[90.0465888,26.426116],[90.041708,26.4331353],[90.0278378,26.4329634],[90.0241076,26.4280208],[90.0252919,26.4234337],[90.0290473,26.4192828],[90.027036,26.4156494],[90.0180828,26.4139592],[90.0126222,26.4085666],[90.0068188,26.408961],[90.004139,26.4045265],[90.0044845,26.3981464],[90.0015426,26.3931256],[89.9934868,26.3911305],[89.985479,26.3919561],[89.9834145,26.386071],[89.9852436,26.3774924],[89.9843313,26.3718199],[89.9780632,26.3676094],[89.9780483,26.3585845],[89.9763691,26.354931],[89.9783844,26.3488673],[89.9823625,26.3439773],[89.9783113,26.3408147],[89.9713416,26.3402164],[89.958318,26.3349251],[89.9416747,26.3325551],[89.9350385,26.335017],[89.9348107,26.3380407],[89.9298369,26.3411025],[89.9267616,26.3407301],[89.9218335,26.337108],[89.9141248,26.3394289],[89.912404,26.3411887],[89.9096195,26.3396582],[89.9106796,26.3362264],[89.9082706,26.3357588],[89.9090628,26.3321869],[89.9062793,26.3276892],[89.9051758,26.3277814],[89.904259,26.3319299],[89.9044374,26.3363818],[89.9021684,26.3387241],[89.8686982,26.3495387],[89.8758201,26.3554066],[89.8750672,26.3627604],[89.8712548,26.3644616],[89.8651332,26.3625551],[89.8600094,26.369031],[89.8504627,26.3677922],[89.8445121,26.3723935],[89.8421768,26.3780253],[89.8443655,26.378663],[89.8450255,26.3835958],[89.8470544,26.3852525],[89.8514837,26.3852533],[89.8544957,26.3821624],[89.8588997,26.3840269],[89.8554211,26.3908725],[89.8569634,26.3966943],[89.854573,26.3977003],[89.851009,26.4027497],[89.8478114,26.4041527],[89.8471963,26.3989041],[89.8413702,26.3923861],[89.8341949,26.3912469],[89.8308521,26.392875],[89.8299841,26.3955554],[89.8324779,26.4002135],[89.8329659,26.4083821],[89.8352544,26.4120203],[89.8574771,26.4119796],[89.8567148,26.4149354],[89.8497621,26.4204582],[89.8491551,26.4227911],[89.8518216,26.4226698],[89.8558711,26.4249178],[89.8577199,26.4299319],[89.8556792,26.4326033],[89.8586965,26.4355551],[89.8585554,26.4395715],[89.8626557,26.4429205],[89.8642043,26.4467567],[89.8721452,26.4520733],[89.8704303,26.4566989],[89.8729571,26.4626379],[89.8724405,26.4644972],[89.8686346,26.4686128],[89.8648238,26.469118],[89.861593,26.48188],[89.8623651,26.4835499],[89.8563269,26.485395],[89.8541398,26.48817],[89.8539736,26.4918345],[89.8588422,26.4999086],[89.8568274,26.5007582],[89.8567596,26.5066045],[89.8587801,26.5126069],[89.8560359,26.5147817],[89.8566217,26.5207251],[89.8658574,26.5322813],[89.8631765,26.5416357],[89.8689925,26.5538737],[89.8673645,26.5694782],[89.8644875,26.5732433],[89.8659908,26.5767735],[89.8711557,26.5790684],[89.872921,26.5783037],[89.8826022,26.5833931],[89.8737749,26.5913356],[89.8795334,26.6092974],[89.8784216,26.6155338],[89.8641533,26.6157334],[89.8582511,26.623378],[89.859164,26.6295561],[89.8671323,26.634945],[89.8716362,26.6426215],[89.8752369,26.6445666],[89.8769343,26.6485062],[89.8704605,26.6553293],[89.8707817,26.6606544],[89.8741869,26.6667151],[89.8723533,26.6724778],[89.8747744,26.6822705],[89.8633432,26.7008083],[89.8655194,26.7055134],[89.8620689,26.7164541],[89.862528,26.7241804],[89.8645101,26.7270813],[89.8644906,26.7300238],[89.8589478,26.7349178],[89.8629166,26.7370669],[89.8973438,26.7243386],[89.9670642,26.7234709],[90.0082435,26.7321535],[90.0495456,26.7303696],[90.1277251,26.7503439]]]}},{"type":"Feature","properties":{"district":"Tinsukia","subdistrict":"Sadiya","dt_code":"309","sdt_code":"02059","dist_lgd":302,"subdt_lgd":2059,"st_nm":"ASSAM"},"geometry":{"type":"Polygon","coordinates":[[[95.8238812,27.9714751],[95.9718204,27.9621779],[95.9652005,27.9516651],[95.9545631,27.9411362],[95.9483011,27.9371151],[95.9479429,27.9334065],[95.949242,27.931204],[95.954764,27.9312008],[95.9485514,27.9243912],[95.9526935,27.9200936],[95.9471244,27.9174526],[95.9426554,27.9106915],[95.9381512,27.9125254],[95.9355326,27.9074868],[95.9410472,27.9056073],[95.9298314,27.9027426],[95.9317803,27.9001384],[95.9377467,27.8982001],[95.9284869,27.8951315],[95.9278538,27.8987007],[95.9263304,27.8988817],[95.9259732,27.8953355],[95.9192339,27.8950445],[95.9237049,27.8881036],[95.9176779,27.8900728],[95.9155043,27.8893876],[95.9168023,27.8849957],[95.9207631,27.8846394],[95.9250882,27.881678],[95.9194412,27.8805971],[95.9172286,27.8836027],[95.9155529,27.8837612],[95.9170241,27.8804625],[95.9145394,27.8757572],[95.9101158,27.8724105],[95.910699,27.870195],[95.9072921,27.870444],[95.9085863,27.8687066],[95.90658,27.8659954],[95.9033518,27.8689108],[95.9016914,27.868469],[95.9014625,27.8664792],[95.9049187,27.8621154],[95.8947547,27.8620045],[95.8953377,27.8573706],[95.8902512,27.8599927],[95.8911442,27.8568523],[95.8884536,27.8565728],[95.8836553,27.8461053],[95.870407,27.8326688],[95.8543942,27.8300234],[95.837759,27.8241182],[95.8380732,27.8102348],[95.824911,27.8079476],[95.8189097,27.8044982],[95.8116728,27.7976232],[95.8104135,27.7907147],[95.8039181,27.7845977],[95.8003489,27.7736947],[95.7943968,27.7690756],[95.7868867,27.7596679],[95.7760023,27.7536234],[95.7779273,27.7427456],[95.7614964,27.7473047],[95.7410573,27.7468176],[95.7296824,27.750506],[95.7197744,27.750539],[95.7043143,27.7677191],[95.695014,27.7862426],[95.6762405,27.7919177],[95.6569994,27.7901387],[95.6523324,27.7881048],[95.6473047,27.7831937],[95.6328379,27.7834983],[95.6264763,27.7791349],[95.6123616,27.776371],[95.6054771,27.7717979],[95.5978799,27.774688],[95.5858181,27.7716201],[95.5762448,27.7718069],[95.5675242,27.7699992],[95.5607877,27.776131],[95.5319774,27.7876909],[95.525188,27.7847055],[95.5200621,27.7793819],[95.4977868,27.7656556],[95.4831411,27.7504263],[95.4770079,27.7415405],[95.4587977,27.7308273],[95.4491359,27.7297378],[95.4453218,27.7280236],[95.4352467,27.710069],[95.4319801,27.7078317],[95.4189204,27.7050919],[95.4079224,27.6971019],[95.4098552,27.7734309],[95.4154367,27.7782037],[95.4220318,27.7882666],[95.4565258,27.7997627],[95.4612313,27.8025203],[95.4700978,27.8156834],[95.4737722,27.8249758],[95.4736122,27.8300418],[95.4777919,27.8332048],[95.481013,27.838734],[95.482766,27.8484051],[95.4852018,27.853278],[95.4876947,27.8555065],[95.496343,27.8582602],[95.5151811,27.8594789],[95.5145745,27.8794556],[95.5222724,27.8829589],[95.5261609,27.8906182],[95.5340362,27.8981418],[95.5394651,27.8964206],[95.5430389,27.8984908],[95.5446639,27.9011311],[95.5421912,27.9062682],[95.5446688,27.9108418],[95.5538318,27.9137291],[95.5635439,27.9192622],[95.5660954,27.9324742],[95.571931,27.9385156],[95.5768827,27.9396483],[95.5857171,27.9365413],[95.5945761,27.9475305],[95.6037116,27.9540385],[95.6104706,27.9552851],[95.8238812,27.9714751]]]}},{"type":"Feature","properties":{"district":"Tinsukia","subdistrict":"Margherita","dt_code":"309","sdt_code":"02062","dist_lgd":302,"subdt_lgd":2062,"st_nm":"ASSAM"},"geometry":{"type":"Polygon","coordinates":[[[95.7734899,27.6516424],[95.7795677,27.6494961],[95.7809565,27.6473197],[95.7862171,27.646317],[95.7873607,27.6441596],[95.7901516,27.644763],[95.7957849,27.641733],[95.7960341,27.6378592],[95.79443,27.6388692],[95.7882991,27.6348435],[95.7894967,27.6263123],[95.779248,27.6254798],[95.7783237,27.6193783],[95.7806046,27.6162321],[95.7851393,27.6156109],[95.7902829,27.6118409],[95.7894868,27.6034475],[95.7925324,27.5979386],[95.8055744,27.6009464],[95.8141103,27.5995058],[95.818078,27.5966202],[95.8119233,27.5832203],[95.8143371,27.5742493],[95.8234413,27.5744785],[95.8333504,27.5600196],[95.836298,27.559263],[95.8412733,27.5620544],[95.8529028,27.552787],[95.8607409,27.5431049],[95.8626288,27.5453701],[95.8703033,27.5452803],[95.8737051,27.547004],[95.8757995,27.5464882],[95.8765376,27.5446306],[95.8769826,27.5259636],[95.8785008,27.5187575],[95.8758403,27.5124224],[95.8788026,27.5048891],[95.8842956,27.5010471],[95.8868542,27.4970818],[95.8800281,27.4970281],[95.8743002,27.4932471],[95.8729391,27.4907788],[95.8738903,27.4811587],[95.8715379,27.476105],[95.8706934,27.4666518],[95.862974,27.464684],[95.859312,27.4615838],[95.8565451,27.4612586],[95.8533187,27.4569083],[95.85675,27.4449287],[95.855759,27.4433989],[95.8494678,27.441611],[95.8468234,27.4385648],[95.8472893,27.4361914],[95.8448371,27.4338084],[95.8452978,27.43199],[95.843139,27.4302433],[95.8422701,27.4268003],[95.8445066,27.4215845],[95.8503126,27.4173982],[95.8529583,27.411113],[95.8596328,27.4079463],[95.8618674,27.4089076],[95.8622564,27.4119444],[95.8564107,27.4168577],[95.8571383,27.419881],[95.8646873,27.4244437],[95.8708818,27.4263527],[95.8756656,27.4347907],[95.8787455,27.4361217],[95.8832161,27.4353183],[95.8849403,27.4321235],[95.8839526,27.4140203],[95.8875878,27.4116645],[95.8882953,27.4089932],[95.8868387,27.4049819],[95.8840274,27.4025049],[95.8861656,27.3982631],[95.890994,27.4012137],[95.8986661,27.4128633],[95.9000081,27.4220186],[95.907976,27.434349],[95.9108894,27.4357696],[95.9182322,27.4347251],[95.927873,27.4384715],[95.9344359,27.4356396],[95.9413097,27.4372925],[95.9474465,27.4329937],[95.9451869,27.4266371],[95.9511319,27.4239671],[95.9547494,27.4196198],[95.9567468,27.4264953],[95.960339,27.4290291],[95.9632049,27.4272133],[95.9617918,27.4180136],[95.9645628,27.4180525],[95.9654651,27.4270088],[95.9693547,27.4278861],[95.9704203,27.426288],[95.9696189,27.4234955],[95.9740823,27.4216919],[95.9753898,27.4193897],[95.9751454,27.4174632],[95.9707812,27.41683],[95.9702183,27.4149081],[95.9740528,27.4113678],[95.9832959,27.4118347],[95.9845577,27.4044516],[95.9901372,27.4023579],[95.9934878,27.3963943],[95.9964685,27.3946049],[95.998167,27.3878944],[96.0178764,27.3694269],[96.0177539,27.3649191],[96.012705,27.3650284],[96.0075339,27.3606297],[96.0024851,27.3607387],[95.9964975,27.3563636],[95.9932899,27.357936],[95.9892051,27.3564955],[95.9868795,27.3456091],[95.9765382,27.3373776],[95.9715756,27.3365486],[95.9710115,27.332815],[95.9652947,27.3278802],[95.9660443,27.3259461],[95.9677214,27.3256742],[95.9720932,27.3274401],[95.9755563,27.3244595],[95.9691231,27.3224063],[95.9627632,27.3231415],[95.9613144,27.3214796],[95.9626337,27.3192767],[95.961025,27.3164418],[95.9550496,27.3176772],[95.9565614,27.3125683],[95.9600407,27.3109508],[95.9534269,27.3089241],[95.9466292,27.3037883],[95.9417203,27.3052301],[95.9375624,27.3008238],[95.9301233,27.3002756],[95.9179938,27.2913415],[95.9147768,27.2920103],[95.9133818,27.2891363],[95.9071746,27.2889709],[95.9060565,27.2822161],[95.9011126,27.2839183],[95.8972135,27.2821637],[95.8970918,27.2805437],[95.9039487,27.2755744],[95.9043523,27.2739182],[95.9000802,27.274253],[95.8994527,27.2686803],[95.8935646,27.2675712],[95.8946239,27.2610055],[95.8941838,27.2569174],[95.8924315,27.2552841],[95.8813185,27.2559078],[95.8764968,27.2596352],[95.8693722,27.2600232],[95.8638275,27.2664441],[95.8611208,27.2670575],[95.8564291,27.2710594],[95.8538219,27.279195],[95.8593053,27.2872209],[95.8504974,27.2865902],[95.8233192,27.2788712],[95.8153755,27.278541],[95.8051576,27.2729522],[95.8055295,27.2757952],[95.7994463,27.2765502],[95.8000904,27.2800025],[95.8026212,27.2829436],[95.800888,27.2842671],[95.7995358,27.2823396],[95.7952177,27.2825313],[95.7909527,27.2791986],[95.7879028,27.2786463],[95.7889334,27.2781054],[95.7881771,27.2767242],[95.7805853,27.2724596],[95.7795827,27.2697515],[95.7752546,27.2704073],[95.7651783,27.2672637],[95.7568601,27.2686445],[95.7476983,27.2657464],[95.7421123,27.2666584],[95.736179,27.2632591],[95.7346942,27.2603879],[95.7271334,27.2596483],[95.7202065,27.2494775],[95.7137849,27.2502399],[95.7119846,27.2528447],[95.7078813,27.2500572],[95.7015091,27.2485744],[95.6923645,27.2532121],[95.6815338,27.2517414],[95.6760283,27.2469648],[95.6323407,27.2296826],[95.629307,27.2313298],[95.6190343,27.2324849],[95.6175654,27.2308965],[95.6127245,27.2304901],[95.6103271,27.2274124],[95.5993087,27.2229526],[95.5875731,27.2229409],[95.5851042,27.2244385],[95.5829827,27.228508],[95.580459,27.2278123],[95.5782564,27.2320668],[95.5745603,27.2343579],[95.5772696,27.2380726],[95.575199,27.2397775],[95.574248,27.2439646],[95.564307,27.2446692],[95.5580796,27.2489803],[95.5535357,27.2488562],[95.5509901,27.2504462],[95.5519477,27.2531497],[95.5482311,27.2539418],[95.5482437,27.2576149],[95.5451216,27.2599868],[95.5415413,27.2591399],[95.5371115,27.2625045],[95.5351481,27.2615556],[95.5345195,27.2645875],[95.5316241,27.2610479],[95.5298209,27.2618183],[95.5301165,27.2644944],[95.5278908,27.2630805],[95.5255069,27.2637737],[95.5181962,27.2575638],[95.5150401,27.2579359],[95.5114714,27.2619085],[95.5088104,27.2618747],[95.5067237,27.2535025],[95.5037909,27.2485312],[95.4996311,27.2461806],[95.4920879,27.2455391],[95.4847251,27.2414427],[95.4823156,27.2441449],[95.4819575,27.2528426],[95.4705308,27.2532252],[95.4696676,27.2547137],[95.4712765,27.2622964],[95.4670818,27.2637574],[95.453474,27.2487357],[95.4536577,27.2453251],[95.4567214,27.2397067],[95.4536193,27.2315365],[95.4502102,27.2318987],[95.4475781,27.2354967],[95.4470592,27.2469622],[95.4401206,27.2549979],[95.4408862,27.2608862],[95.4488926,27.2660852],[95.4510782,27.264577],[95.4543377,27.2655349],[95.4593886,27.2636219],[95.4630297,27.2638305],[95.4713414,27.2692693],[95.4749432,27.2751718],[95.4820706,27.2816967],[95.4843999,27.290216],[95.5024432,27.3111452],[95.5111282,27.3178385],[95.5204114,27.3183482],[95.5173922,27.325265],[95.5219102,27.3340619],[95.5159959,27.3347983],[95.5079636,27.3392428],[95.5071416,27.3411215],[95.5092691,27.3484139],[95.537125,27.3558872],[95.5482307,27.3611673],[95.5615435,27.3604772],[95.5889632,27.3747248],[95.5922345,27.3794404],[95.5887078,27.4067394],[95.5852323,27.4127194],[95.5869512,27.4136841],[95.6070856,27.4162246],[95.6180299,27.4152716],[95.6331563,27.4164012],[95.6337401,27.4405671],[95.6250744,27.4599501],[95.6133614,27.4631295],[95.61267,27.4718586],[95.6144951,27.4752392],[95.6167575,27.4758929],[95.6209401,27.4737435],[95.6247504,27.4738665],[95.6273772,27.4714535],[95.636222,27.4694985],[95.6459396,27.4704707],[95.6491883,27.4736057],[95.6530103,27.4747763],[95.6608692,27.4708391],[95.6607805,27.468633],[95.665432,27.4674701],[95.665769,27.5131634],[95.6687304,27.5129522],[95.670755,27.5098463],[95.6744271,27.5111938],[95.6801662,27.5077179],[95.6821933,27.5085606],[95.6914015,27.5071516],[95.697826,27.5014857],[95.7035738,27.5007128],[95.7373253,27.5452006],[95.7312149,27.5620059],[95.7375908,27.5654724],[95.7389711,27.5642375],[95.7456391,27.5645006],[95.7476181,27.5628087],[95.7543565,27.5648403],[95.7553106,27.5665521],[95.7606284,27.567169],[95.7624349,27.5918202],[95.758127,27.5947585],[95.7551395,27.5949634],[95.7485502,27.5920811],[95.7434964,27.5875862],[95.7420827,27.5970075],[95.7488832,27.6067317],[95.7449318,27.6066402],[95.7459999,27.6160492],[95.7711426,27.6538662],[95.7725614,27.6547295],[95.7734899,27.6516424]]]}},{"type":"Feature","properties":{"district":"Tinsukia","subdistrict":"Tinsukia","dt_code":"309","sdt_code":"02061","dist_lgd":302,"subdt_lgd":2061,"st_nm":"ASSAM"},"geometry":{"type":"Polygon","coordinates":[[[95.4098552,27.7734309],[95.4079224,27.6971019],[95.4189204,27.7050919],[95.4319801,27.7078317],[95.4352467,27.710069],[95.4453218,27.7280236],[95.4491359,27.7297378],[95.4587977,27.7308273],[95.4602264,27.7284211],[95.4629702,27.7283816],[95.4672167,27.7192437],[95.4708979,27.7005842],[95.4693868,27.6900159],[95.4652606,27.6816479],[95.4549588,27.6764401],[95.4517783,27.6762108],[95.4463825,27.6695249],[95.4462396,27.6665862],[95.4427407,27.6636617],[95.4394575,27.6523868],[95.4350787,27.6466179],[95.4335642,27.6377304],[95.4226933,27.6346155],[95.4239712,27.6331166],[95.4230766,27.6287078],[95.4183336,27.6235374],[95.4166401,27.6242012],[95.4156888,27.6223226],[95.4041613,27.6202257],[95.4029854,27.6231124],[95.4012101,27.6196946],[95.4023486,27.61837],[95.3967785,27.6168926],[95.3990547,27.6143128],[95.396328,27.6123167],[95.3858484,27.6067044],[95.3808081,27.6056266],[95.3793383,27.600549],[95.3772673,27.5990794],[95.3728359,27.5983144],[95.3715792,27.5963843],[95.3696246,27.598369],[95.3674971,27.5937774],[95.3623378,27.5935922],[95.361025,27.5909367],[95.3588696,27.591684],[95.3559742,27.5896833],[95.3560631,27.5866836],[95.3601818,27.5817548],[95.359601,27.580455],[95.3639776,27.5789024],[95.3628159,27.5763026],[95.3645903,27.5716984],[95.3679184,27.5681509],[95.3749475,27.5665574],[95.3757417,27.565151],[95.3739214,27.5643346],[95.3747909,27.5574171],[95.3806621,27.555809],[95.3876202,27.5591236],[95.3933811,27.5585605],[95.3959632,27.5519283],[95.3949911,27.5440684],[95.3892754,27.5398839],[95.3877372,27.5352269],[95.3853147,27.5340364],[95.3805459,27.5243896],[95.3829188,27.52022],[95.3838705,27.5139981],[95.3814128,27.5068484],[95.384483,27.5012204],[95.3879667,27.4985866],[95.3976061,27.4959831],[95.4092059,27.4997672],[95.4137896,27.499942],[95.4156476,27.4945649],[95.4186475,27.4919601],[95.4222201,27.4958299],[95.4325816,27.495869],[95.4358567,27.4954975],[95.4407619,27.4909936],[95.4525381,27.4977399],[95.4525977,27.5003962],[95.4547882,27.5027103],[95.4646104,27.5076458],[95.4671503,27.5155216],[95.4671592,27.5208079],[95.4775679,27.5236805],[95.4885449,27.5303024],[95.4965432,27.5325491],[95.5001906,27.5375894],[95.4965408,27.5473939],[95.5082299,27.548441],[95.5134885,27.5548233],[95.5204583,27.5561758],[95.5197099,27.5601271],[95.5109489,27.5647617],[95.514795,27.5767674],[95.5161868,27.5779989],[95.5217356,27.5773047],[95.5298603,27.5740872],[95.5334611,27.5752246],[95.5347863,27.5739887],[95.5347897,27.570292],[95.5396981,27.5709374],[95.5478996,27.5666897],[95.5449679,27.5514155],[95.5466301,27.5457846],[95.5491976,27.5426227],[95.5562164,27.5415996],[95.5580151,27.5401628],[95.5581273,27.5368159],[95.5735032,27.5295864],[95.5891208,27.5187464],[95.5947864,27.5167039],[95.5975546,27.5171029],[95.6007136,27.513612],[95.6061756,27.5113025],[95.6118252,27.5004893],[95.6099213,27.4905502],[95.6126612,27.4877415],[95.6120931,27.485308],[95.6163488,27.475866],[95.6144951,27.4752392],[95.61267,27.4718586],[95.6133614,27.4631295],[95.6250744,27.4599501],[95.6337401,27.4405671],[95.6331563,27.4164012],[95.6180299,27.4152716],[95.6070856,27.4162246],[95.5852323,27.4127194],[95.5887078,27.4067394],[95.5922345,27.3794404],[95.5889632,27.3747248],[95.5615435,27.3604772],[95.5482307,27.3611673],[95.537125,27.3558872],[95.5092691,27.3484139],[95.5071416,27.3411215],[95.5079636,27.3392428],[95.5159959,27.3347983],[95.5219102,27.3340619],[95.5173922,27.325265],[95.5204114,27.3183482],[95.5111282,27.3178385],[95.5024432,27.3111452],[95.4843999,27.290216],[95.4820706,27.2816967],[95.4780188,27.2768087],[95.4749432,27.2751718],[95.4713414,27.2692693],[95.4608202,27.2634809],[95.4543377,27.2655349],[95.4605665,27.2704421],[95.4545149,27.2811387],[95.4561006,27.2868919],[95.4502197,27.2884628],[95.4454251,27.2942298],[95.4600941,27.3048853],[95.4678714,27.314167],[95.4651055,27.3226417],[95.461236,27.3241257],[95.4527685,27.3392197],[95.4567281,27.3440502],[95.4670854,27.3419234],[95.4713113,27.343924],[95.4694729,27.3480744],[95.4670071,27.3642053],[95.4736102,27.3673822],[95.4587952,27.3726935],[95.4552219,27.3752144],[95.4483472,27.3717378],[95.4469139,27.3669826],[95.4424241,27.3639796],[95.4378053,27.3648659],[95.4249127,27.3777218],[95.4179841,27.3813157],[95.4115157,27.3871564],[95.4065667,27.386977],[95.3893699,27.391108],[95.386266,27.3909908],[95.3816454,27.38716],[95.3768936,27.3898134],[95.3732643,27.3845067],[95.3608547,27.3829715],[95.3533981,27.3860387],[95.3480781,27.3940515],[95.3365935,27.3908673],[95.322702,27.3902126],[95.3203932,27.3874997],[95.3151754,27.3893836],[95.3090385,27.3892633],[95.3049412,27.3930921],[95.3052018,27.3966886],[95.2962904,27.4015163],[95.2955219,27.4150121],[95.2928772,27.4153038],[95.293182,27.4135262],[95.2893398,27.4127882],[95.289579,27.4109338],[95.2835416,27.4113359],[95.2827951,27.4092868],[95.2821319,27.4101979],[95.2767836,27.4090344],[95.2759056,27.4126075],[95.2737884,27.4112206],[95.2715225,27.4120446],[95.2690525,27.4095474],[95.2675146,27.4103404],[95.2680222,27.4083193],[95.2663138,27.4078757],[95.2675687,27.4068118],[95.2639698,27.4059109],[95.2573553,27.4071597],[95.2584809,27.4089611],[95.2567717,27.4091988],[95.2552868,27.4076994],[95.2559502,27.4068065],[95.2531381,27.4076929],[95.25452,27.4062367],[95.2530146,27.4050847],[95.2535373,27.4033795],[95.2507389,27.4055519],[95.2488394,27.4042371],[95.2440112,27.4142322],[95.2436294,27.4179072],[95.2450296,27.4258439],[95.2517374,27.4343006],[95.2352029,27.4358952],[95.2228213,27.4404095],[95.2200366,27.443162],[95.2197799,27.4547466],[95.2171479,27.4594506],[95.2249193,27.4702837],[95.2290081,27.4988614],[95.2665898,27.5095762],[95.2650077,27.5224934],[95.2721347,27.5269346],[95.2645929,27.5321041],[95.2666064,27.5379717],[95.2646341,27.5410564],[95.2652889,27.5442562],[95.2748505,27.5505716],[95.2810453,27.5469167],[95.2825685,27.5474548],[95.278539,27.5585745],[95.272426,27.5659204],[95.2740258,27.5714761],[95.2732026,27.5744445],[95.2749297,27.5740532],[95.2769841,27.5700615],[95.2816935,27.5696768],[95.284723,27.5677251],[95.2877694,27.5698207],[95.2868707,27.5727486],[95.2891431,27.574203],[95.2900321,27.5768568],[95.2940588,27.5755732],[95.2962736,27.5797349],[95.3002687,27.5799358],[95.2991624,27.5832335],[95.3001993,27.5849172],[95.3045969,27.5820499],[95.3183781,27.5875614],[95.3164661,27.5922397],[95.3167017,27.5964316],[95.3131493,27.6000759],[95.3087318,27.6096711],[95.3079227,27.6154552],[95.2891256,27.6637965],[95.2765187,27.678362],[95.2697342,27.6814205],[95.2737043,27.6893175],[95.287299,27.6973297],[95.3403928,27.7002923],[95.346568,27.7013398],[95.3609435,27.7074116],[95.3669373,27.7136752],[95.3948778,27.7313874],[95.3980955,27.7364608],[95.3962665,27.7431959],[95.4049911,27.7572023],[95.4060298,27.7776767],[95.40928,27.781201],[95.4220318,27.7882666],[95.4154367,27.7782037],[95.4098552,27.7734309]]]}},{"type":"Feature","properties":{"district":"Dibrugarh","subdistrict":"Tengakhat","dt_code":"310","sdt_code":"02066","dist_lgd":286,"subdt_lgd":2066,"st_nm":"ASSAM"},"geometry":{"type":"Polygon","coordinates":[[[95.1279321,27.4185904],[95.1335598,27.4193087],[95.1433363,27.413953],[95.1497627,27.4157124],[95.1540418,27.4128075],[95.1610465,27.4120104],[95.1718141,27.4071831],[95.1755054,27.4103487],[95.1843122,27.4140028],[95.1955206,27.4140613],[95.1993812,27.4109663],[95.2128642,27.4110678],[95.2157627,27.4140456],[95.220964,27.4147718],[95.2297376,27.4190974],[95.2338462,27.416649],[95.2436755,27.4159094],[95.2480752,27.4046844],[95.2507389,27.4055519],[95.2535373,27.4033795],[95.2530146,27.4050847],[95.25452,27.4062367],[95.2531381,27.4076929],[95.2559502,27.4068065],[95.2565392,27.4091309],[95.2584809,27.4089611],[95.2573553,27.4071597],[95.2639698,27.4059109],[95.2675687,27.4068118],[95.2663138,27.4078757],[95.2680222,27.4083193],[95.2673783,27.4101507],[95.2690525,27.4095474],[95.2712343,27.4119542],[95.2737884,27.4112206],[95.2757387,27.412648],[95.2764246,27.4091424],[95.2821319,27.4101979],[95.2827951,27.4092868],[95.2837337,27.4113992],[95.289579,27.4109338],[95.2893398,27.4127882],[95.2928838,27.4132823],[95.2931047,27.4153716],[95.2955219,27.4150121],[95.2962904,27.4015163],[95.3052018,27.3966886],[95.3049412,27.3930921],[95.3090385,27.3892633],[95.3151754,27.3893836],[95.3203932,27.3874997],[95.322702,27.3902126],[95.3365935,27.3908673],[95.3480781,27.3940515],[95.3533981,27.3860387],[95.3591411,27.3830931],[95.3732643,27.3845067],[95.3768936,27.3898134],[95.3816454,27.38716],[95.386266,27.3909908],[95.4065667,27.386977],[95.4105906,27.3873325],[95.4249127,27.3777218],[95.4360924,27.3656924],[95.4424241,27.3639796],[95.4469139,27.3669826],[95.4483472,27.3717378],[95.4555112,27.3751593],[95.4738068,27.3668496],[95.4670071,27.3642053],[95.4694729,27.3480744],[95.4713113,27.343924],[95.4670854,27.3419234],[95.4567281,27.3440502],[95.4527685,27.3392197],[95.461236,27.3241257],[95.4651055,27.3226417],[95.4678714,27.314167],[95.4600941,27.3048853],[95.4456303,27.2943667],[95.439655,27.2980931],[95.437595,27.3023569],[95.433686,27.29968],[95.4307195,27.2995264],[95.4303745,27.2967231],[95.4273039,27.2960605],[95.4277306,27.2921059],[95.4263603,27.2910907],[95.4256221,27.2928507],[95.4239545,27.2909376],[95.421099,27.2915892],[95.4210129,27.296132],[95.417501,27.3004097],[95.4055616,27.2977233],[95.4044564,27.2999109],[95.4036288,27.2985252],[95.3957386,27.3082743],[95.3815485,27.3195976],[95.3703375,27.3234679],[95.3628579,27.3232415],[95.3575964,27.3199238],[95.3509972,27.3130558],[95.3524395,27.3073181],[95.3461188,27.2851951],[95.344722,27.2834659],[95.3405169,27.2827674],[95.3360813,27.2857217],[95.3333463,27.2901233],[95.332772,27.3043479],[95.3303585,27.3178443],[95.3264309,27.3231182],[95.3195672,27.3246951],[95.3145493,27.323823],[95.3044127,27.312004],[95.2964285,27.3053194],[95.2916258,27.3029635],[95.286551,27.3030035],[95.277758,27.308195],[95.2728537,27.3142683],[95.2624079,27.3230478],[95.2399126,27.3339532],[95.2373355,27.3401521],[95.2403104,27.3446532],[95.2457457,27.3471005],[95.2467625,27.3494497],[95.2508005,27.3489522],[95.2505173,27.3442292],[95.2567135,27.3465607],[95.2379586,27.360489],[95.2334072,27.3618772],[95.2283511,27.3571641],[95.2264701,27.3543335],[95.2285911,27.351168],[95.2285417,27.3472822],[95.2318003,27.3479542],[95.2313993,27.3461221],[95.2284415,27.3422242],[95.2225173,27.3400548],[95.216247,27.3431533],[95.2152256,27.351016],[95.212772,27.355333],[95.1965884,27.3602802],[95.1923196,27.3563907],[95.1907347,27.3511163],[95.1872773,27.3468124],[95.1750893,27.3398732],[95.1695712,27.338591],[95.1636367,27.3394662],[95.1572779,27.3527374],[95.1512389,27.3531562],[95.148207,27.3493916],[95.1493807,27.3405894],[95.1459292,27.3355935],[95.1398967,27.3311187],[95.1298632,27.3277556],[95.1215985,27.3342732],[95.1175104,27.3324201],[95.1140715,27.3280836],[95.1137329,27.3246769],[95.1187105,27.3149697],[95.1188063,27.3120652],[95.1172936,27.3089004],[95.1130561,27.3066856],[95.1074654,27.3080186],[95.1006808,27.3195887],[95.093745,27.3219765],[95.0865622,27.3214841],[95.0809719,27.3166254],[95.0802271,27.3126343],[95.0827629,27.3043086],[95.0866186,27.2981561],[95.0839747,27.2933799],[95.0789655,27.2921411],[95.0754244,27.2930627],[95.0717624,27.2976242],[95.0672544,27.3050183],[95.0639026,27.315628],[95.0499295,27.323651],[95.0395598,27.3358707],[95.0337403,27.3364177],[95.023109,27.3326899],[95.0185713,27.3339438],[95.0179665,27.3372802],[95.0248289,27.343848],[95.0246286,27.3500003],[95.0279196,27.3493872],[95.034278,27.351754],[95.0381276,27.3508111],[95.0451031,27.3452072],[95.0459541,27.3416277],[95.0481077,27.3406697],[95.0533222,27.3408242],[95.0659864,27.3464033],[95.0629898,27.3598274],[95.0633486,27.3634136],[95.069809,27.3709255],[95.0793655,27.3743787],[95.0790023,27.383226],[95.0814244,27.3866223],[95.0853527,27.4022047],[95.0937899,27.4118112],[95.1080779,27.4229397],[95.1160617,27.4266385],[95.1245052,27.4434438],[95.1337332,27.4391271],[95.1276667,27.4228547],[95.1268482,27.4197924],[95.1279321,27.4185904]]]}},{"type":"Feature","properties":{"district":"Dibrugarh","subdistrict":"Naharkatiya","dt_code":"310","sdt_code":"02069","dist_lgd":286,"subdt_lgd":2069,"st_nm":"ASSAM"},"geometry":{"type":"Polygon","coordinates":[[[95.2379586,27.360489],[95.2567135,27.3465607],[95.2505173,27.3442292],[95.2508005,27.3489522],[95.2467625,27.3494497],[95.2457457,27.3471005],[95.2403104,27.3446532],[95.2378387,27.3419688],[95.238936,27.3352075],[95.2624079,27.3230478],[95.2728537,27.3142683],[95.277758,27.308195],[95.286551,27.3030035],[95.2916258,27.3029635],[95.2964285,27.3053194],[95.3044127,27.312004],[95.3145493,27.323823],[95.3195672,27.3246951],[95.3264309,27.3231182],[95.3303585,27.3178443],[95.332772,27.3043479],[95.3333463,27.2901233],[95.3360813,27.2857217],[95.3405169,27.2827674],[95.344722,27.2834659],[95.3461188,27.2851951],[95.3524395,27.3073181],[95.3508874,27.312159],[95.3521216,27.314862],[95.3619783,27.3229745],[95.3682795,27.3237197],[95.3793217,27.3207736],[95.3870134,27.3162892],[95.4036288,27.2985252],[95.4044564,27.2999109],[95.4055616,27.2977233],[95.417501,27.3004097],[95.4210129,27.296132],[95.421099,27.2915892],[95.4239545,27.2909376],[95.4256221,27.2928507],[95.4263603,27.2910907],[95.4280261,27.2926516],[95.4273039,27.2960605],[95.4303745,27.2967231],[95.4307195,27.2995264],[95.4382707,27.3023557],[95.439655,27.2980931],[95.4456303,27.2943667],[95.4502197,27.2884628],[95.4559259,27.2871916],[95.4543144,27.2819822],[95.4560441,27.2770225],[95.4605404,27.2709159],[95.4600141,27.2693033],[95.4522951,27.2646846],[95.4488926,27.2660852],[95.4444215,27.2622744],[95.4426143,27.2629701],[95.4401217,27.2571548],[95.4401206,27.2549979],[95.4476782,27.2454646],[95.4479493,27.2345894],[95.4510157,27.2313992],[95.4536193,27.2315365],[95.4567214,27.2397067],[95.4536577,27.2453251],[95.453474,27.2487357],[95.4670818,27.2637574],[95.4712765,27.2622964],[95.4696676,27.2547137],[95.4705308,27.2532252],[95.4819575,27.2528426],[95.4823156,27.2441449],[95.4847251,27.2414427],[95.482926,27.2365172],[95.4788448,27.234061],[95.4796597,27.2309604],[95.4774549,27.2267564],[95.4714749,27.2227176],[95.4724406,27.218931],[95.4675441,27.2183161],[95.4676313,27.2138849],[95.4643736,27.2111254],[95.4581294,27.2097801],[95.4558941,27.2035814],[95.4584199,27.200182],[95.459143,27.1954299],[95.4624628,27.194372],[95.4601694,27.1913365],[95.4666004,27.1816397],[95.4595217,27.1756924],[95.461422,27.173286],[95.4647056,27.17221],[95.4655132,27.1663568],[95.4625178,27.1617109],[95.453318,27.1573348],[95.4596513,27.1537392],[95.4622158,27.1496584],[95.4574802,27.1441335],[95.4565696,27.140551],[95.4581665,27.1379555],[95.4532732,27.1294342],[95.4494101,27.12968],[95.4492974,27.1345942],[95.4444054,27.1352149],[95.4424159,27.1313893],[95.4447343,27.1287935],[95.4406037,27.1287413],[95.4396086,27.125917],[95.4206459,27.1257846],[95.3985428,27.1087194],[95.3846405,27.1055399],[95.3819878,27.1002829],[95.3830163,27.0982026],[95.3746717,27.0926751],[95.3713844,27.0934061],[95.3700282,27.0952968],[95.3712028,27.100793],[95.3689186,27.1023046],[95.3637604,27.102548],[95.3721152,27.1124805],[95.369935,27.1150453],[95.3649526,27.1157985],[95.3634182,27.1256445],[95.3614258,27.1276975],[95.3654702,27.1312402],[95.3670684,27.1360732],[95.365741,27.1439519],[95.35898,27.1546863],[95.3588014,27.1659223],[95.3513737,27.1718052],[95.3472817,27.1727971],[95.3440195,27.1821055],[95.3329166,27.1873864],[95.3251908,27.1881914],[95.3162902,27.1869151],[95.3139457,27.1837328],[95.3081289,27.1899932],[95.3022699,27.190667],[95.3031095,27.1952566],[95.2912556,27.1953309],[95.2872118,27.1973544],[95.2827154,27.1972927],[95.2861302,27.1931617],[95.2806036,27.1942634],[95.2786456,27.1886982],[95.2761112,27.1900727],[95.2728479,27.1883961],[95.2685992,27.1934919],[95.2661934,27.1923192],[95.2671149,27.198098],[95.2645066,27.1980734],[95.2637882,27.1993334],[95.2590265,27.2165887],[95.2496959,27.223805],[95.2388317,27.2226148],[95.2410109,27.2250919],[95.2393947,27.2309878],[95.2350663,27.2381854],[95.2351356,27.2432895],[95.2241395,27.248086],[95.2237346,27.2570082],[95.2101827,27.2603863],[95.1895947,27.2609561],[95.1874162,27.262351],[95.177899,27.2628867],[95.1392477,27.2798477],[95.1369409,27.2857657],[95.1386612,27.2909395],[95.141626,27.2918983],[95.1500382,27.2911183],[95.1531212,27.2960176],[95.1469558,27.3040821],[95.1393045,27.3067181],[95.1336325,27.3110124],[95.1306406,27.319952],[95.1285643,27.3203595],[95.1263823,27.3187899],[95.1227972,27.3219586],[95.1187181,27.3147401],[95.1137329,27.3246769],[95.1155441,27.3306655],[95.1201934,27.3339785],[95.1225533,27.3337574],[95.1298632,27.3277556],[95.1362112,27.3292333],[95.1430306,27.3332086],[95.1493807,27.3405894],[95.148207,27.3493916],[95.1512389,27.3531562],[95.1572779,27.3527374],[95.1619602,27.3411626],[95.165914,27.3386919],[95.1750893,27.3398732],[95.1824176,27.3430472],[95.1872773,27.3468124],[95.1907347,27.3511163],[95.1923196,27.3563907],[95.1965884,27.3602802],[95.212772,27.355333],[95.2152256,27.351016],[95.216247,27.3431533],[95.2225173,27.3400548],[95.2284415,27.3422242],[95.2313993,27.3461221],[95.2318003,27.3479542],[95.2285417,27.3472822],[95.2285911,27.351168],[95.2264701,27.3543335],[95.2334072,27.3618772],[95.2379586,27.360489]]]}},{"type":"Feature","properties":{"district":"Dibrugarh","subdistrict":"Chabua","dt_code":"310","sdt_code":"02065","dist_lgd":286,"subdt_lgd":2065,"st_nm":"ASSAM"},"geometry":{"type":"Polygon","coordinates":[[[95.20026,27.6954093],[95.1991687,27.691603],[95.1887966,27.6765107],[95.2047438,27.6582727],[95.2464217,27.6564802],[95.2625223,27.6712714],[95.2697342,27.6814205],[95.2765187,27.678362],[95.2895825,27.6628538],[95.3079227,27.6154552],[95.3087318,27.6096711],[95.3131493,27.6000759],[95.3167017,27.5964316],[95.3164661,27.5922397],[95.3183781,27.5875614],[95.3045969,27.5820499],[95.3001993,27.5849172],[95.2991624,27.5832335],[95.3002687,27.5799358],[95.2962736,27.5797349],[95.2940588,27.5755732],[95.2900321,27.5768568],[95.2891431,27.574203],[95.2868707,27.5727486],[95.2877694,27.5698207],[95.284723,27.5677251],[95.2816935,27.5696768],[95.2769841,27.5700615],[95.2749297,27.5740532],[95.2732026,27.5744445],[95.2740258,27.5714761],[95.272426,27.5659204],[95.278539,27.5585745],[95.2825685,27.5474548],[95.2810453,27.5469167],[95.2748505,27.5505716],[95.2652889,27.5442562],[95.2646341,27.5410564],[95.2666064,27.5379717],[95.2645929,27.5321041],[95.2721347,27.5269346],[95.2650077,27.5224934],[95.2665898,27.5095762],[95.2290081,27.4988614],[95.2249193,27.4702837],[95.2171479,27.4594506],[95.2197799,27.4547466],[95.2199186,27.443695],[95.2228213,27.4404095],[95.229415,27.4373042],[95.2517374,27.4343006],[95.2450296,27.4258439],[95.2436755,27.4159094],[95.2338462,27.416649],[95.2297376,27.4190974],[95.220964,27.4147718],[95.2157627,27.4140456],[95.2141723,27.4114769],[95.2119684,27.4109788],[95.1993812,27.4109663],[95.1955206,27.4140613],[95.1843122,27.4140028],[95.1755054,27.4103487],[95.1718141,27.4071831],[95.1610465,27.4120104],[95.1540418,27.4128075],[95.1497627,27.4157124],[95.1433363,27.413953],[95.1335598,27.4193087],[95.1284554,27.4181742],[95.1268482,27.4197924],[95.1337332,27.4391271],[95.1248097,27.4442211],[95.1100359,27.4464339],[95.1046396,27.4511742],[95.096352,27.4528377],[95.0882586,27.4474963],[95.0847304,27.4424289],[95.080966,27.4431055],[95.0804594,27.4447719],[95.0728733,27.4482214],[95.0719924,27.4511862],[95.0741913,27.4547634],[95.0702095,27.4631314],[95.0799049,27.4786558],[95.0967419,27.4826712],[95.0999705,27.5028177],[95.102164,27.5063395],[95.1011528,27.5104215],[95.0969229,27.5116558],[95.0941738,27.5104991],[95.0911006,27.5040863],[95.0867909,27.5016322],[95.0789014,27.5000209],[95.0719996,27.5003662],[95.0687288,27.5022182],[95.0652711,27.5069286],[95.0613646,27.5218452],[95.053608,27.5359812],[95.0500671,27.5480614],[95.0431179,27.5504317],[95.0384677,27.5483684],[95.0282718,27.5474463],[95.0217991,27.5425621],[95.0198216,27.5425418],[95.021569,27.5455244],[95.0169371,27.5484687],[95.019094,27.5531962],[95.0155547,27.5546681],[95.0161036,27.5568648],[95.012926,27.5599392],[95.0181345,27.5592635],[95.0215246,27.5678957],[95.0252555,27.5684354],[95.0298506,27.5718476],[95.0286588,27.5776724],[95.0158656,27.5731084],[94.9998375,27.5599933],[94.9888412,27.5581202],[94.9786155,27.5539202],[94.9706383,27.553689],[94.9682385,27.6047871],[94.9664075,27.6133184],[94.9632191,27.616106],[94.9509589,27.6192758],[94.9531227,27.6249877],[94.9586648,27.6318521],[94.9964331,27.6598908],[95.0167114,27.6565384],[95.0360121,27.6686189],[95.0530696,27.6627409],[95.0663822,27.6625236],[95.0710701,27.6639438],[95.0892051,27.6600716],[95.0929727,27.6604458],[95.1041373,27.6675058],[95.1087403,27.6790017],[95.1177834,27.68587],[95.1553182,27.6953596],[95.1628557,27.6949102],[95.1763417,27.6996088],[95.1889896,27.7013953],[95.1956593,27.7048913],[95.20026,27.6954093]]]}},{"type":"Feature","properties":{"district":"Dibrugarh","subdistrict":"Dibrugarh East","dt_code":"310","sdt_code":"02064","dist_lgd":286,"subdt_lgd":2064,"st_nm":"ASSAM"},"geometry":{"type":"Polygon","coordinates":[[[94.9671188,27.6109239],[94.9706383,27.553689],[94.9786155,27.5539202],[94.9888412,27.5581202],[94.9998375,27.5599933],[95.0158656,27.5731084],[95.0286588,27.5776724],[95.0298506,27.5718476],[95.0252555,27.5684354],[95.0215246,27.5678957],[95.0181345,27.5592635],[95.012926,27.5599392],[95.0161036,27.5568648],[95.0155547,27.5546681],[95.019094,27.5531962],[95.0169371,27.5484687],[95.021569,27.5455244],[95.0198216,27.5425418],[95.0217991,27.5425621],[95.0282718,27.5474463],[95.0384677,27.5483684],[95.0431179,27.5504317],[95.0500671,27.5480614],[95.053608,27.5359812],[95.0613646,27.5218452],[95.0652711,27.5069286],[95.0687288,27.5022182],[95.0719996,27.5003662],[95.0839345,27.5006828],[95.0895788,27.5027458],[95.0929019,27.5091217],[95.0958796,27.5114402],[95.1002756,27.5112159],[95.1018706,27.5094057],[95.102164,27.5063395],[95.0999705,27.5028177],[95.0962543,27.4819288],[95.0799049,27.4786558],[95.0702095,27.4631314],[95.0741913,27.4547634],[95.0719924,27.4511862],[95.0728733,27.4482214],[95.0804594,27.4447719],[95.080966,27.4431055],[95.0847304,27.4424289],[95.0882586,27.4474963],[95.096352,27.4528377],[95.1046396,27.4511742],[95.1100359,27.4464339],[95.1249918,27.4439093],[95.1160617,27.4266385],[95.1080779,27.4229397],[95.0937899,27.4118112],[95.0853527,27.4022047],[95.0814244,27.3866223],[95.0790023,27.383226],[95.0793655,27.3743787],[95.069809,27.3709255],[95.0633486,27.3634136],[95.0629898,27.3598274],[95.0659864,27.3464033],[95.0533222,27.3408242],[95.0463985,27.3410622],[95.0451031,27.3452072],[95.0355081,27.3516363],[95.0260229,27.3494378],[95.0191391,27.3538777],[95.0072493,27.3529866],[94.9999763,27.357342],[94.9995007,27.3615207],[95.0049783,27.3763275],[95.0002444,27.3864989],[94.994438,27.3940052],[94.980238,27.4280923],[94.9880363,27.4349581],[94.9877362,27.4449845],[94.9894666,27.4546608],[94.9820092,27.4557889],[94.9714788,27.460546],[94.9534663,27.4498826],[94.9536782,27.4538073],[94.9497701,27.4593307],[94.9172836,27.4565403],[94.9173106,27.4488848],[94.9234209,27.4337434],[94.9079902,27.4238134],[94.9019651,27.4405448],[94.8841887,27.4583346],[94.8756877,27.4726969],[94.8713734,27.4764552],[94.8588077,27.48059],[94.8258557,27.5233438],[94.8307731,27.526552],[94.8524705,27.5510051],[94.8943017,27.5845279],[94.9034222,27.5850275],[94.90638,27.586543],[94.9216094,27.603523],[94.9334487,27.608568],[94.9463805,27.6093159],[94.9509589,27.6192758],[94.9641431,27.6157133],[94.9671188,27.6109239]]]}},{"type":"Feature","properties":{"district":"Dhemaji","subdistrict":"Sissibargaon","dt_code":"308","sdt_code":"02056","dist_lgd":284,"subdt_lgd":2056,"st_nm":"ASSAM"},"geometry":{"type":"Polygon","coordinates":[[[94.8963031,27.6962081],[94.8942232,27.6850415],[94.8853013,27.6865541],[94.8838786,27.6809252],[94.8710854,27.6706926],[94.8661709,27.6692127],[94.861086,27.6700941],[94.8602754,27.667707],[94.8620452,27.6629832],[94.868133,27.6585224],[94.8677885,27.6537297],[94.8618564,27.6486876],[94.8571345,27.6469211],[94.8517136,27.647499],[94.8516954,27.6404173],[94.8409494,27.6369744],[94.8426138,27.6253963],[94.8445316,27.625783],[94.8457613,27.6303204],[94.8537151,27.632701],[94.8629897,27.6273981],[94.8679207,27.6271341],[94.8701569,27.6288666],[94.8749739,27.6415474],[94.8815237,27.6472958],[94.888513,27.6499169],[94.903169,27.6504755],[94.9218943,27.638594],[94.9256088,27.6325456],[94.9284929,27.6189045],[94.9447395,27.6087228],[94.9334487,27.608568],[94.9216094,27.603523],[94.90638,27.586543],[94.9034222,27.5850275],[94.8943017,27.5845279],[94.8524705,27.5510051],[94.8307731,27.526552],[94.814922,27.5157163],[94.8205244,27.5157774],[94.8188426,27.5093423],[94.7967582,27.489826],[94.7931561,27.4828215],[94.7899258,27.4821453],[94.7763351,27.4846087],[94.771055,27.482503],[94.7689125,27.4778184],[94.764709,27.4757632],[94.7598408,27.4704486],[94.7549567,27.4597653],[94.7495492,27.4536227],[94.7483241,27.442816],[94.7462192,27.4376621],[94.7400883,27.4363361],[94.7316644,27.443263],[94.7273486,27.4397915],[94.7229316,27.4306146],[94.718779,27.4274612],[94.7035703,27.4256454],[94.6931933,27.4217126],[94.6863777,27.4112892],[94.6864402,27.4070037],[94.6908106,27.3934794],[94.6844508,27.3840103],[94.6788426,27.380972],[94.6645822,27.3771261],[94.6622148,27.3719725],[94.6624088,27.3703219],[94.6653247,27.3686707],[94.6663869,27.3526283],[94.6610576,27.3485822],[94.6499727,27.3458762],[94.6420834,27.3420835],[94.6372614,27.3360472],[94.6395911,27.3276631],[94.6381588,27.3214887],[94.6345935,27.3202088],[94.6219869,27.3330844],[94.6282287,27.3376279],[94.6289714,27.3406512],[94.6235848,27.3437646],[94.6244285,27.3467834],[94.6224222,27.3500864],[94.6252773,27.3540528],[94.6208349,27.3573557],[94.620415,27.3627388],[94.6181961,27.3650941],[94.6162958,27.3648097],[94.611966,27.3549949],[94.5931555,27.3584839],[94.5931537,27.3641469],[94.5907215,27.3674492],[94.5907202,27.3713162],[94.5933668,27.3772687],[94.5867408,27.3836799],[94.5774443,27.3888984],[94.5719032,27.4095384],[94.5764194,27.4173437],[94.5796066,27.4276468],[94.5802756,27.4417236],[94.5888317,27.4472097],[94.5935006,27.4540087],[94.6035375,27.4995113],[94.6045821,27.5075413],[94.6033168,27.5207069],[94.6069006,27.5333853],[94.6068014,27.5385397],[94.5995311,27.5538088],[94.5890968,27.5631135],[94.5860588,27.5681461],[94.5858843,27.5716333],[94.5873837,27.5776182],[94.5973141,27.5878537],[94.6060251,27.6024969],[94.6046626,27.615284],[94.6058745,27.6188114],[94.6143821,27.6239697],[94.6197639,27.6243828],[94.6234717,27.627808],[94.6312029,27.6239714],[94.6372017,27.625936],[94.6428159,27.6309921],[94.646675,27.6380725],[94.6574026,27.6417847],[94.6640213,27.645911],[94.6727458,27.6472197],[94.6791116,27.6451533],[94.6826776,27.6458938],[94.6866538,27.6509854],[94.6838016,27.6601723],[94.6879103,27.6651417],[94.6893189,27.6650207],[94.6908992,27.6617368],[94.7004914,27.6614534],[94.7090397,27.6565792],[94.7160246,27.6575345],[94.7205095,27.6669237],[94.725139,27.6690037],[94.7289749,27.6645288],[94.7357276,27.6632873],[94.7413732,27.6598921],[94.754307,27.6605483],[94.7609257,27.6650434],[94.7649102,27.6740302],[94.7677819,27.6760043],[94.7691622,27.6795203],[94.7786602,27.6797032],[94.7841054,27.6839031],[94.7890464,27.6851787],[94.7918674,27.6880907],[94.7937275,27.6951803],[94.7969765,27.6956288],[94.8082779,27.6919754],[94.8135694,27.6930111],[94.8207831,27.6920755],[94.8409704,27.7006097],[94.8478331,27.7055655],[94.8484083,27.7171076],[94.8523457,27.7276034],[94.8691773,27.7328969],[94.8845698,27.729147],[94.8906844,27.7246194],[94.8927051,27.7202399],[94.8931781,27.7077981],[94.8963031,27.6962081]]]}},{"type":"Feature","properties":{"district":"Dibrugarh","subdistrict":"Dibrugarh West","dt_code":"310","sdt_code":"02063","dist_lgd":286,"subdt_lgd":2063,"st_nm":"ASSAM"},"geometry":{"type":"Polygon","coordinates":[[[94.8258557,27.5233438],[94.833238,27.5124853],[94.8361158,27.5112317],[94.8588077,27.48059],[94.8713734,27.4764552],[94.8756877,27.4726969],[94.8841887,27.4583346],[94.9019651,27.4405448],[94.9079902,27.4238134],[94.9234209,27.4337434],[94.9173106,27.4488848],[94.9172836,27.4565403],[94.9497701,27.4593307],[94.9536782,27.4538073],[94.9534663,27.4498826],[94.9714788,27.460546],[94.9820092,27.4557889],[94.9894666,27.4546608],[94.9877362,27.4449845],[94.9880363,27.4349581],[94.980238,27.4280923],[94.994438,27.3940052],[95.0037961,27.3797124],[94.9974192,27.3776451],[94.990736,27.3724297],[94.9823572,27.3572793],[94.9769887,27.3544955],[94.962857,27.3519875],[94.9598886,27.3501036],[94.9541654,27.3425621],[94.9434689,27.3395075],[94.9421378,27.3379559],[94.9423962,27.3317175],[94.9390943,27.3292683],[94.9332996,27.3304734],[94.9297597,27.3430981],[94.9275742,27.3459233],[94.9198802,27.3480373],[94.9145005,27.3465846],[94.9117533,27.3440096],[94.9088613,27.3367947],[94.911689,27.3291099],[94.9193169,27.3241686],[94.9337408,27.3217965],[94.9364016,27.3202347],[94.9382082,27.3162819],[94.9353361,27.3119739],[94.93046,27.310016],[94.931602,27.3025529],[94.9270716,27.3032647],[94.925922,27.304827],[94.9188784,27.2973067],[94.9220266,27.2882836],[94.9177665,27.2865443],[94.9160244,27.2822178],[94.9128746,27.2845331],[94.9119672,27.2872225],[94.8987774,27.2885825],[94.8938746,27.2823656],[94.8822464,27.2795051],[94.8775486,27.2796593],[94.8666548,27.2954513],[94.8601307,27.2994132],[94.8523894,27.3006542],[94.8492459,27.299925],[94.8448323,27.2956158],[94.8437619,27.2769573],[94.8380341,27.2745899],[94.8188014,27.2804045],[94.8183894,27.2865511],[94.824779,27.2894491],[94.8238193,27.2916483],[94.8189809,27.2913048],[94.8098359,27.2854779],[94.8071952,27.2865266],[94.8064814,27.290811],[94.8050508,27.2910912],[94.801185,27.286584],[94.8000449,27.2817471],[94.8074529,27.2659016],[94.807337,27.2614771],[94.8053007,27.2586879],[94.7993542,27.2558308],[94.7967198,27.2578929],[94.7973549,27.2556266],[94.7909583,27.2535678],[94.7852889,27.2474785],[94.7795957,27.2374782],[94.7733158,27.2175463],[94.7687591,27.2185172],[94.7669435,27.2227166],[94.7741694,27.2342552],[94.7745628,27.238934],[94.7730334,27.2408597],[94.7645671,27.2434317],[94.7589676,27.2488569],[94.7476825,27.2451858],[94.7412684,27.2472372],[94.7400345,27.2518548],[94.7417759,27.2588503],[94.7498728,27.2683223],[94.7470726,27.2730246],[94.7381647,27.2752279],[94.727238,27.2725807],[94.7178638,27.2632364],[94.7165312,27.2595862],[94.7222395,27.2492015],[94.7215264,27.2452904],[94.7123662,27.2467562],[94.7099072,27.2500303],[94.7042125,27.2666172],[94.7013708,27.2700137],[94.6950575,27.2720724],[94.6923441,27.2707981],[94.6853001,27.250043],[94.678773,27.2433615],[94.6768616,27.2427106],[94.6532633,27.2470392],[94.6419919,27.2467483],[94.6368132,27.2328625],[94.6298715,27.2237174],[94.6243635,27.2098535],[94.6217983,27.2026061],[94.6217779,27.1971942],[94.6155674,27.1856384],[94.614807,27.1766242],[94.6096508,27.1705958],[94.6043817,27.1592921],[94.5930355,27.1457066],[94.5679431,27.1794976],[94.5752167,27.1889879],[94.5794488,27.2001498],[94.5797758,27.2041039],[94.5771331,27.215573],[94.5798538,27.2281844],[94.5864815,27.2414221],[94.5876986,27.2475882],[94.5859973,27.2598077],[94.5865817,27.2674383],[94.6064645,27.294653],[94.6077544,27.3002002],[94.6137339,27.3065521],[94.6106459,27.3089614],[94.6135925,27.3192828],[94.6058434,27.3250043],[94.60649,27.3288158],[94.6074162,27.3300709],[94.6213973,27.3333103],[94.6345935,27.3202088],[94.6381588,27.3214887],[94.6395911,27.3276631],[94.6371771,27.3340393],[94.6384922,27.3382147],[94.6446781,27.3436078],[94.6599726,27.348117],[94.6663869,27.3526283],[94.6653247,27.3686707],[94.6624088,27.3703219],[94.6622148,27.3719725],[94.6645822,27.3771261],[94.6788426,27.380972],[94.6844508,27.3840103],[94.6908106,27.3934794],[94.6864402,27.4070037],[94.6863777,27.4112892],[94.6931933,27.4217126],[94.7035703,27.4256454],[94.718779,27.4274612],[94.7229316,27.4306146],[94.7273486,27.4397915],[94.7316644,27.443263],[94.7400883,27.4363361],[94.7462192,27.4376621],[94.7483241,27.442816],[94.7495492,27.4536227],[94.7549567,27.4597653],[94.7598408,27.4704486],[94.764709,27.4757632],[94.7689125,27.4778184],[94.771055,27.482503],[94.7763351,27.4846087],[94.7899258,27.4821453],[94.7931561,27.4828215],[94.7967582,27.489826],[94.8188426,27.5093423],[94.8205244,27.5157774],[94.814922,27.5157163],[94.8258557,27.5233438]]]}},{"type":"Feature","properties":{"district":"Dibrugarh","subdistrict":"Moran","dt_code":"310","sdt_code":"02067","dist_lgd":286,"subdt_lgd":2067,"st_nm":"ASSAM"},"geometry":{"type":"Polygon","coordinates":[[[95.0015118,27.3554957],[95.0072493,27.3529866],[95.0170963,27.3542364],[95.0222196,27.3524065],[95.0246286,27.3500003],[95.0251151,27.3448663],[95.0179665,27.3372802],[95.0185713,27.3339438],[95.023109,27.3326899],[95.0337403,27.3364177],[95.0395598,27.3358707],[95.0499295,27.323651],[95.0639026,27.315628],[95.067217,27.304912],[95.0558897,27.2987276],[95.0001642,27.2551167],[94.9766832,27.2327134],[94.955946,27.219409],[94.8925538,27.1633604],[94.8373898,27.0987269],[94.8367677,27.0918235],[94.8350319,27.0915451],[94.8348571,27.0935356],[94.8332506,27.0936475],[94.8318495,27.091271],[94.8318296,27.0940923],[94.8286963,27.093554],[94.8237687,27.0993536],[94.8178436,27.0976189],[94.8175522,27.0988851],[94.8199039,27.1001863],[94.8163695,27.0992315],[94.8158576,27.1017661],[94.8149168,27.0989087],[94.8131779,27.0982609],[94.8123521,27.0997933],[94.8112034,27.0977744],[94.808181,27.0967394],[94.8090675,27.1033187],[94.8174778,27.1145004],[94.8075092,27.1171475],[94.7993483,27.1168327],[94.7993417,27.1195043],[94.7939766,27.1186317],[94.7879943,27.1196275],[94.7872617,27.1248908],[94.7840732,27.1238832],[94.7605,27.130163],[94.7624021,27.1338256],[94.7614697,27.1351216],[94.7535586,27.1389906],[94.7562088,27.1384388],[94.7532659,27.1409889],[94.7531757,27.1438666],[94.7556796,27.1439389],[94.7578954,27.1473607],[94.7550271,27.149018],[94.7549253,27.1512361],[94.7572535,27.1498405],[94.7581367,27.1521758],[94.7601749,27.1517252],[94.7609144,27.1564878],[94.7680556,27.1594914],[94.7674212,27.1636389],[94.7723742,27.1662571],[94.772073,27.168536],[94.7784534,27.1710758],[94.7747074,27.1750085],[94.7725792,27.1740067],[94.7737136,27.1808717],[94.770304,27.1809197],[94.7714241,27.1831025],[94.768328,27.185016],[94.7716279,27.1848767],[94.7726791,27.1867318],[94.7747422,27.1847751],[94.7733972,27.1874858],[94.7752186,27.1880229],[94.777425,27.1862333],[94.7792192,27.1898177],[94.7779185,27.1920027],[94.7744988,27.19305],[94.7766705,27.1954787],[94.7766674,27.1933001],[94.7792961,27.1934312],[94.7788472,27.1953081],[94.7809345,27.1993802],[94.7794672,27.1978642],[94.7784226,27.2000092],[94.775555,27.2003469],[94.7755538,27.2131881],[94.7737693,27.2133141],[94.7733158,27.2175463],[94.7795094,27.2372364],[94.7883072,27.2513513],[94.7934934,27.2550742],[94.7973549,27.2556266],[94.7967198,27.2578929],[94.7993542,27.2558308],[94.8053007,27.2586879],[94.807337,27.2614771],[94.8074529,27.2659016],[94.8000449,27.2817471],[94.8033191,27.2895094],[94.8059787,27.2912977],[94.8071952,27.2865266],[94.8098359,27.2854779],[94.8189809,27.2913048],[94.8238193,27.2916483],[94.824779,27.2894491],[94.8183894,27.2865511],[94.8188014,27.2804045],[94.8400614,27.2745438],[94.8437619,27.2769573],[94.8444193,27.2790765],[94.8448323,27.2956158],[94.8492459,27.299925],[94.8559706,27.3006791],[94.8636937,27.2979128],[94.8666548,27.2954513],[94.8775486,27.2796593],[94.8822464,27.2795051],[94.8938746,27.2823656],[94.8987774,27.2885825],[94.9119672,27.2872225],[94.9128746,27.2845331],[94.9160244,27.2822178],[94.9177665,27.2865443],[94.9220266,27.2882836],[94.9188784,27.2973067],[94.925922,27.304827],[94.9270716,27.3032647],[94.931602,27.3025529],[94.93046,27.310016],[94.9353361,27.3119739],[94.9382082,27.3162819],[94.9364016,27.3202347],[94.9337408,27.3217965],[94.9193169,27.3241686],[94.911689,27.3291099],[94.9090787,27.33452],[94.9093437,27.3401664],[94.9145005,27.3465846],[94.9198802,27.3480373],[94.9275742,27.3459233],[94.9297597,27.3430981],[94.9332996,27.3304734],[94.9390943,27.3292683],[94.9423962,27.3317175],[94.9421378,27.3379559],[94.9434689,27.3395075],[94.9541654,27.3425621],[94.9598886,27.3501036],[94.962857,27.3519875],[94.9769887,27.3544955],[94.9823572,27.3572793],[94.990736,27.3724297],[94.9974192,27.3776451],[95.0037961,27.3797124],[95.0050166,27.3753559],[94.9995007,27.3615207],[95.0015118,27.3554957]]]}},{"type":"Feature","properties":{"district":"Dibrugarh","subdistrict":"Tingkhong","dt_code":"310","sdt_code":"02068","dist_lgd":286,"subdt_lgd":2068,"st_nm":"ASSAM"},"geometry":{"type":"Polygon","coordinates":[[[95.1099881,27.3067871],[95.1130561,27.3066856],[95.1172936,27.3089004],[95.1187181,27.3147401],[95.1227972,27.3219586],[95.1263823,27.3187899],[95.1285643,27.3203595],[95.1306406,27.319952],[95.1336325,27.3110124],[95.1393045,27.3067181],[95.1469558,27.3040821],[95.1531212,27.2960176],[95.1500382,27.2911183],[95.141626,27.2918983],[95.1386612,27.2909395],[95.1369409,27.2857657],[95.1392477,27.2798477],[95.177899,27.2628867],[95.1874162,27.262351],[95.1895947,27.2609561],[95.2101827,27.2603863],[95.2237346,27.2570082],[95.2241395,27.248086],[95.2351356,27.2432895],[95.2350663,27.2381854],[95.2393947,27.2309878],[95.2410109,27.2250919],[95.2388317,27.2226148],[95.2496959,27.223805],[95.2590265,27.2165887],[95.2637882,27.1993334],[95.2645066,27.1980734],[95.2671149,27.198098],[95.2648576,27.1907589],[95.2664057,27.1868523],[95.2588815,27.1920895],[95.2576538,27.1842007],[95.2544799,27.1932409],[95.2499861,27.1912107],[95.2449668,27.1915742],[95.244167,27.1892148],[95.2372697,27.1899333],[95.2368999,27.1884264],[95.2416027,27.183283],[95.2376838,27.1798251],[95.2337646,27.181236],[95.2321026,27.1790486],[95.2328772,27.1764534],[95.238811,27.171598],[95.2376338,27.1698842],[95.2277029,27.1734564],[95.22515,27.1675874],[95.2197346,27.1651994],[95.2159679,27.167607],[95.2191629,27.1693693],[95.218952,27.1706239],[95.2110689,27.174347],[95.2096124,27.1695466],[95.2103887,27.1686301],[95.2138207,27.1703564],[95.2127631,27.1660837],[95.2087245,27.1625077],[95.1980501,27.1634609],[95.1987788,27.1588804],[95.1947863,27.1552543],[95.1892082,27.1574454],[95.1939309,27.1590362],[95.1940426,27.1603267],[95.189169,27.1596836],[95.1834852,27.1631605],[95.1819179,27.1558915],[95.186325,27.1521941],[95.1785858,27.1497197],[95.1765307,27.1448198],[95.1798989,27.1421202],[95.1728913,27.1382599],[95.1721914,27.1413602],[95.174342,27.1461247],[95.173051,27.14682],[95.1703265,27.1450745],[95.1688176,27.1430263],[95.1698092,27.1372951],[95.1646189,27.1363128],[95.163392,27.1321571],[95.1596605,27.134703],[95.1640366,27.1291878],[95.162029,27.1279202],[95.1581459,27.1288687],[95.1561302,27.1359221],[95.1542338,27.136297],[95.1505308,27.1310225],[95.1541659,27.1254445],[95.1531418,27.1242714],[95.1484931,27.1305174],[95.1468448,27.1363297],[95.1359152,27.1386907],[95.1333025,27.1379282],[95.1319759,27.1338038],[95.1311942,27.1386909],[95.1287127,27.1384878],[95.1238407,27.1303472],[95.1201186,27.1309246],[95.1177527,27.1357934],[95.1161791,27.1361678],[95.1143033,27.1323501],[95.1160388,27.1279596],[95.1151109,27.1272601],[95.1122559,27.1306035],[95.1126635,27.1364517],[95.107918,27.1358648],[95.1007801,27.1383044],[95.0997222,27.133151],[95.0730754,27.1364731],[95.0650916,27.1357296],[95.0639909,27.1377191],[95.0611214,27.1371221],[95.0545417,27.1486752],[95.0489781,27.1553957],[95.0362575,27.1532038],[95.0323833,27.1473892],[95.0163806,27.1498997],[94.993452,27.146139],[94.9771843,27.1484613],[94.9833594,27.1564146],[94.9789008,27.1649246],[94.9804121,27.1683718],[94.9843957,27.1685163],[94.9813919,27.1773744],[94.9791908,27.1789773],[94.9789606,27.1824747],[94.9757069,27.1829833],[94.9759487,27.1935343],[94.9735865,27.2003905],[94.972141,27.2172773],[94.9680198,27.2269155],[94.9790003,27.2346546],[95.0001642,27.2551167],[95.0623261,27.3032188],[95.0682079,27.3044412],[95.0717624,27.2976242],[95.076457,27.2924894],[95.0815175,27.2921542],[95.0839747,27.2933799],[95.0865426,27.2993241],[95.0827629,27.3043086],[95.0804547,27.3151274],[95.0821833,27.3182932],[95.0865622,27.3214841],[95.093745,27.3219765],[95.1006808,27.3195887],[95.1059794,27.3096662],[95.1099881,27.3067871]]]}},{"type":"Feature","properties":{"district":"Charaideo","subdistrict":"Sonari","dt_code":"755","sdt_code":"02074","dist_lgd":708,"subdt_lgd":2074,"st_nm":"ASSAM"},"geometry":{"type":"Polygon","coordinates":[[[95.2912556,27.1953309],[95.3031095,27.1952566],[95.3022699,27.190667],[95.3081289,27.1899932],[95.3139457,27.1837328],[95.3162902,27.1869151],[95.3251908,27.1881914],[95.3329166,27.1873864],[95.3440195,27.1821055],[95.3472817,27.1727971],[95.3513737,27.1718052],[95.3592153,27.1650695],[95.35898,27.1546863],[95.3653171,27.1452469],[95.3671591,27.1373729],[95.3654702,27.1312402],[95.3614258,27.1276975],[95.3634182,27.1256445],[95.3649526,27.1157985],[95.369935,27.1150453],[95.3721152,27.1124805],[95.368651,27.1070877],[95.3649045,27.1081842],[95.3547649,27.1039099],[95.3292677,27.087659],[95.3168075,27.0828125],[95.3000435,27.0700478],[95.2918297,27.0664873],[95.2763222,27.0521862],[95.2752356,27.0499698],[95.2776813,27.04832],[95.2758454,27.0440769],[95.277127,27.0423766],[95.2715796,27.0411814],[95.2633864,27.0350696],[95.260065,27.0355498],[95.2584392,27.0338202],[95.258987,27.0302738],[95.2565733,27.0304117],[95.2480993,27.0245516],[95.2464362,27.023805],[95.2442548,27.0253798],[95.2394744,27.0363852],[95.2330155,27.0374778],[95.2335273,27.0404917],[95.2322294,27.0427534],[95.2293256,27.0415192],[95.231082,27.0390902],[95.2303179,27.0357019],[95.226865,27.0344275],[95.2235256,27.0360634],[95.2191887,27.031951],[95.2153981,27.0301621],[95.2138568,27.0309617],[95.2106906,27.028536],[95.2094827,27.0303959],[95.210622,27.0309683],[95.2075177,27.0304467],[95.2072268,27.0323376],[95.2052718,27.0324109],[95.2046608,27.0377134],[95.2032184,27.0358777],[95.1966583,27.0369867],[95.1972016,27.0356283],[95.1956195,27.0357915],[95.1961763,27.0318428],[95.1947903,27.0311982],[95.1932084,27.0317224],[95.1942378,27.0341271],[95.1930598,27.0359281],[95.1823717,27.0254369],[95.1501759,26.9992416],[95.1447599,26.9958492],[95.1388005,26.9948525],[95.1242073,26.9854401],[95.1119578,26.9806607],[95.107919,26.9759401],[95.1060774,26.9654933],[95.0880622,26.953184],[95.0809583,26.9501044],[95.0642474,26.9470839],[95.049691,26.9387602],[95.044077,26.9387391],[95.0341256,26.9355968],[95.0167641,26.9210629],[95.0041477,26.9208942],[95.0002508,26.9195062],[94.9912894,26.9208117],[94.9899838,26.9142062],[94.9870184,26.9135904],[94.9823063,26.9131068],[94.9764996,26.9212835],[94.9677719,26.9229501],[94.961525,26.9367717],[94.9575027,26.9374781],[94.9555007,26.9400965],[94.9532433,26.9376069],[94.9418632,26.9353068],[94.9402611,26.9335567],[94.9308509,26.932559],[94.9308531,26.9369001],[94.9288846,26.93728],[94.925196,26.941487],[94.9240814,26.9485318],[94.9278503,26.9506679],[94.9326116,26.9562225],[94.9419178,26.9593405],[94.9404811,26.9682109],[94.9370275,26.9724081],[94.9399483,26.9754127],[94.9396653,26.9804301],[94.9324015,26.9834208],[94.8897455,26.9563228],[94.8600941,26.9406486],[94.8505427,26.9304577],[94.8457224,26.9285003],[94.8018502,26.9226087],[94.756836,26.9225254],[94.7479935,26.9245403],[94.733828,26.9325112],[94.742028,26.9440436],[94.7545555,26.9545746],[94.758608,26.9613551],[94.7776832,26.9798472],[94.7872222,26.9967334],[94.7904362,26.9983157],[94.792859,26.9975351],[94.7943185,26.988567],[94.8010721,26.9918845],[94.809596,26.9914931],[94.8060022,26.9975816],[94.8133641,26.9984715],[94.8148729,27.0043078],[94.8205599,27.0031895],[94.8194627,27.0069492],[94.8216053,27.0116089],[94.8256218,27.0150814],[94.8348254,27.0176184],[94.8385393,27.0263469],[94.8403804,27.0258388],[94.8387127,27.0199211],[94.8413966,27.0173968],[94.8429646,27.0180496],[94.8447488,27.0236893],[94.8476704,27.0266507],[94.8585597,27.0301589],[94.8670037,27.0291903],[94.867223,27.0350125],[94.8699769,27.038123],[94.8808676,27.0343855],[94.882318,27.0356164],[94.8845549,27.0441171],[94.8899616,27.0466415],[94.89467,27.0451593],[94.8953922,27.0433882],[94.8939207,27.0385204],[94.9029286,27.0368297],[94.9068366,27.0386615],[94.906308,27.0452769],[94.9082383,27.0467072],[94.921094,27.0464094],[94.9254853,27.0409264],[94.9271249,27.0463098],[94.9323918,27.0488484],[94.9344642,27.0471487],[94.930921,27.0427456],[94.9381624,27.0362477],[94.9395748,27.0374475],[94.9384617,27.0466476],[94.9404336,27.0487499],[94.9450745,27.0435669],[94.9468951,27.0438273],[94.9499503,27.0500794],[94.952855,27.0497356],[94.9562964,27.0460688],[94.9583358,27.0459743],[94.9531027,27.0574572],[94.9539188,27.0596161],[94.9599315,27.0543686],[94.9657273,27.054817],[94.9582726,27.0585998],[94.9583097,27.0642383],[94.9609315,27.0640215],[94.9666897,27.0572624],[94.9690168,27.0586427],[94.9656347,27.0631065],[94.9667513,27.0646679],[94.969523,27.0647705],[94.9762737,27.0600863],[94.9770566,27.066655],[94.9804745,27.0677974],[94.9861231,27.0634389],[94.9924978,27.0616738],[94.9989546,27.0647028],[95.0055595,27.065189],[95.0052967,27.0683903],[95.0085596,27.0720341],[95.0109131,27.0714245],[95.0099138,27.0645023],[95.0128682,27.0618717],[95.0163091,27.0662247],[95.0201232,27.0648742],[95.0324389,27.0659303],[95.0326866,27.0708808],[95.0418046,27.073284],[95.0397008,27.0774594],[95.0406183,27.0795674],[95.0477487,27.0780021],[95.0519787,27.0787472],[95.0525539,27.0803115],[95.049398,27.0838149],[95.0497222,27.0865216],[95.0592355,27.0875362],[95.0605956,27.0891794],[95.0608783,27.0962088],[95.0659652,27.0958744],[95.0709629,27.0919238],[95.0729154,27.0959079],[95.0787969,27.0965306],[95.0781755,27.0996369],[95.0829568,27.1031872],[95.0910887,27.1045257],[95.0920771,27.1070141],[95.0869467,27.1107533],[95.0871297,27.1149708],[95.090004,27.1155812],[95.0924806,27.1114483],[95.0955999,27.1123049],[95.0975704,27.1226036],[95.1001036,27.1221669],[95.1003735,27.1172439],[95.1017238,27.1155714],[95.1067614,27.1158961],[95.1094481,27.1235422],[95.106714,27.1294739],[95.1080869,27.1358754],[95.1132134,27.1361314],[95.1121247,27.131145],[95.1151109,27.1272601],[95.1160388,27.1279596],[95.1143033,27.1323501],[95.1165371,27.1363167],[95.1194377,27.1315202],[95.1222319,27.1301621],[95.1251318,27.1310241],[95.1262766,27.1358615],[95.1294491,27.1388443],[95.1312295,27.1386232],[95.1319759,27.1338038],[95.1345332,27.1386547],[95.1409639,27.1369576],[95.1449586,27.1374851],[95.1479643,27.1350751],[95.1484931,27.1305174],[95.1512509,27.1253096],[95.1534293,27.1243255],[95.1541659,27.1254445],[95.1505308,27.1310225],[95.1542338,27.136297],[95.1561302,27.1359221],[95.1581459,27.1288687],[95.162029,27.1279202],[95.1640366,27.1291878],[95.1596605,27.134703],[95.163392,27.1321571],[95.1646189,27.1363128],[95.1698092,27.1372951],[95.1688176,27.1430263],[95.1703265,27.1450745],[95.173051,27.14682],[95.174342,27.1461247],[95.1721914,27.1413602],[95.1728913,27.1382599],[95.1798989,27.1421202],[95.1765307,27.1448198],[95.1785858,27.1497197],[95.186325,27.1521941],[95.1819179,27.1558915],[95.1834852,27.1631605],[95.189169,27.1596836],[95.1940426,27.1603267],[95.1939309,27.1590362],[95.1892082,27.1574454],[95.194862,27.1552723],[95.1987788,27.1588804],[95.1980501,27.1634609],[95.2087245,27.1625077],[95.2127631,27.1660837],[95.2138207,27.1703564],[95.2103887,27.1686301],[95.2096124,27.1695466],[95.2110689,27.174347],[95.218952,27.1706239],[95.2191629,27.1693693],[95.2159679,27.167607],[95.2197346,27.1651994],[95.22515,27.1675874],[95.2277029,27.1734564],[95.23189,27.1728397],[95.2357013,27.1697187],[95.2383758,27.1702582],[95.2383979,27.1721398],[95.2321221,27.178286],[95.2328359,27.1809298],[95.2376838,27.1798251],[95.2416027,27.183283],[95.2368999,27.1884264],[95.2372697,27.1899333],[95.244167,27.1892148],[95.2449668,27.1915742],[95.2499861,27.1912107],[95.2544799,27.1932409],[95.2576538,27.1842007],[95.2588815,27.1920895],[95.2658357,27.1866353],[95.2667681,27.1877732],[95.2648576,27.1907589],[95.2679632,27.1936809],[95.2734535,27.1883153],[95.2761112,27.1900727],[95.2790087,27.1889421],[95.2806036,27.1942634],[95.2857723,27.1927553],[95.2830483,27.1975096],[95.2872118,27.1973544],[95.2912556,27.1953309]]]}},{"type":"Feature","properties":{"district":"Charaideo","subdistrict":"Mahmora","dt_code":"755","sdt_code":"02075","dist_lgd":708,"subdt_lgd":2075,"st_nm":"ASSAM"},"geometry":{"type":"Polygon","coordinates":[[[94.9719738,27.2181011],[94.9757069,27.1829833],[94.9789606,27.1824747],[94.9791908,27.1789773],[94.9813919,27.1773744],[94.9843957,27.1685163],[94.9804121,27.1683718],[94.9789008,27.1649246],[94.9833594,27.1564146],[94.9776689,27.1480922],[94.9956895,27.1462343],[95.0163806,27.1498997],[95.0323833,27.1473892],[95.0362575,27.1532038],[95.0489781,27.1553957],[95.0613334,27.1368695],[95.0639909,27.1377191],[95.0650916,27.1357296],[95.0730754,27.1364731],[95.0997222,27.133151],[95.1007801,27.1383044],[95.1080869,27.1358754],[95.106714,27.1294739],[95.1094481,27.1235422],[95.1077221,27.117076],[95.1052594,27.1152309],[95.1017238,27.1155714],[95.1003735,27.1172439],[95.1001036,27.1221669],[95.0975704,27.1226036],[95.0955999,27.1123049],[95.0924806,27.1114483],[95.090004,27.1155812],[95.0871297,27.1149708],[95.0869467,27.1107533],[95.0920771,27.1070141],[95.0910887,27.1045257],[95.0829568,27.1031872],[95.0781755,27.0996369],[95.0787969,27.0965306],[95.0729154,27.0959079],[95.0709629,27.0919238],[95.0659652,27.0958744],[95.0608783,27.0962088],[95.0605956,27.0891794],[95.0592355,27.0875362],[95.0497222,27.0865216],[95.049398,27.0838149],[95.0525539,27.0803115],[95.0519787,27.0787472],[95.0477487,27.0780021],[95.0406183,27.0795674],[95.0397008,27.0774594],[95.0418046,27.073284],[95.0326866,27.0708808],[95.0324389,27.0659303],[95.0201232,27.0648742],[95.0163091,27.0662247],[95.0128682,27.0618717],[95.0099138,27.0645023],[95.0109131,27.0714245],[95.0085596,27.0720341],[95.0052967,27.0683903],[95.0055595,27.065189],[94.9989546,27.0647028],[94.9924978,27.0616738],[94.9861231,27.0634389],[94.9804745,27.0677974],[94.9770566,27.066655],[94.9762737,27.0600863],[94.969523,27.0647705],[94.9667513,27.0646679],[94.9656347,27.0631065],[94.9690168,27.0586427],[94.9666897,27.0572624],[94.9609315,27.0640215],[94.9583097,27.0642383],[94.9582726,27.0585998],[94.9657273,27.054817],[94.9599315,27.0543686],[94.9539188,27.0596161],[94.9531027,27.0574572],[94.9583358,27.0459743],[94.9562964,27.0460688],[94.952855,27.0497356],[94.9499503,27.0500794],[94.9468951,27.0438273],[94.9450745,27.0435669],[94.9404336,27.0487499],[94.9384617,27.0466476],[94.9395748,27.0374475],[94.9381624,27.0362477],[94.930921,27.0427456],[94.9344642,27.0471487],[94.9323918,27.0488484],[94.9271249,27.0463098],[94.9254853,27.0409264],[94.921094,27.0464094],[94.9082383,27.0467072],[94.906308,27.0452769],[94.9068366,27.0386615],[94.9029286,27.0368297],[94.8939207,27.0385204],[94.8953922,27.0433882],[94.89467,27.0451593],[94.8899616,27.0466415],[94.8845549,27.0441171],[94.882318,27.0356164],[94.8808676,27.0343855],[94.8699769,27.038123],[94.867223,27.0350125],[94.8670037,27.0291903],[94.8585597,27.0301589],[94.8476704,27.0266507],[94.8447488,27.0236893],[94.8429646,27.0180496],[94.8413966,27.0173968],[94.8387127,27.0199211],[94.8403804,27.0258388],[94.8385393,27.0263469],[94.8348254,27.0176184],[94.8299524,27.016266],[94.8282745,27.0174279],[94.8262263,27.0196453],[94.8284724,27.0261278],[94.8287087,27.0346434],[94.8250316,27.0570341],[94.8330249,27.0773409],[94.8377954,27.0937548],[94.836923,27.0979423],[94.8751396,27.1440895],[94.8913279,27.1622035],[94.9045645,27.1741679],[94.955946,27.219409],[94.9679093,27.2271575],[94.9719738,27.2181011]]]}},{"type":"Feature","properties":{"district":"Sivasagar","subdistrict":"Dimow","dt_code":"311","sdt_code":"02070","dist_lgd":300,"subdt_lgd":2070,"st_nm":"ASSAM"},"geometry":{"type":"Polygon","coordinates":[[[94.7475829,27.2451928],[94.7589676,27.2488569],[94.7645671,27.2434317],[94.7737608,27.2402212],[94.7741694,27.2342552],[94.7671746,27.224169],[94.7672007,27.2205929],[94.7698334,27.2179579],[94.7732896,27.2177864],[94.7737693,27.2133141],[94.7755538,27.2131881],[94.7756814,27.2000987],[94.7784226,27.2000092],[94.7794672,27.1978642],[94.7809345,27.1993802],[94.7788472,27.1953081],[94.7792961,27.1934312],[94.7766674,27.1933001],[94.7766705,27.1954787],[94.7744748,27.1933265],[94.7791061,27.190513],[94.777425,27.1862333],[94.77431,27.1880526],[94.7733986,27.1871467],[94.7747422,27.1847751],[94.7726791,27.1867318],[94.7716279,27.1848767],[94.768328,27.185016],[94.7714241,27.1831025],[94.770304,27.1809197],[94.7737136,27.1808717],[94.7725792,27.1740067],[94.7747074,27.1750085],[94.7784534,27.1710758],[94.772073,27.168536],[94.7723742,27.1662571],[94.7674212,27.1636389],[94.7680556,27.1594914],[94.7609144,27.1564878],[94.7601749,27.1517252],[94.7581367,27.1521758],[94.7572535,27.1498405],[94.7549253,27.1512361],[94.7550271,27.149018],[94.7578954,27.1473607],[94.7556796,27.1439389],[94.7531757,27.1438666],[94.7532659,27.1409889],[94.7562088,27.1384388],[94.7535586,27.1389906],[94.7614697,27.1351216],[94.7624021,27.1338256],[94.7605,27.130163],[94.7840732,27.1238832],[94.7872617,27.1248908],[94.7879943,27.1196275],[94.7939766,27.1186317],[94.7993417,27.1195043],[94.7993483,27.1168327],[94.8075092,27.1171475],[94.8174778,27.1145004],[94.8090675,27.1033187],[94.808181,27.0967394],[94.8112034,27.0977744],[94.8123521,27.0997933],[94.8131779,27.0982609],[94.8149168,27.0989087],[94.8158576,27.1017661],[94.8163695,27.0992315],[94.8199039,27.1001863],[94.8175522,27.0988851],[94.8182521,27.0974834],[94.8242064,27.0991899],[94.8286963,27.093554],[94.8318296,27.0940923],[94.8318495,27.091271],[94.8332506,27.0936475],[94.8348571,27.0935356],[94.835356,27.0914212],[94.8369558,27.0923274],[94.8320773,27.0745333],[94.8250316,27.0570341],[94.8287087,27.0346434],[94.8284724,27.0261278],[94.8262263,27.0196453],[94.8299567,27.0162621],[94.8256218,27.0150814],[94.8209553,27.0107223],[94.8194627,27.0069492],[94.8205599,27.0031895],[94.8148729,27.0043078],[94.8133641,26.9984715],[94.8060022,26.9975816],[94.809596,26.9914931],[94.8010721,26.9918845],[94.7943185,26.988567],[94.7932916,26.9968504],[94.7904362,26.9983157],[94.7872222,26.9967334],[94.7838653,26.9901688],[94.77312,26.9834667],[94.76708,26.9853767],[94.7636719,26.9925997],[94.7612452,26.9942636],[94.7580202,26.9940779],[94.7525834,26.9885978],[94.750582,26.9884866],[94.748024,26.990683],[94.744733,26.9990639],[94.7342492,27.0062545],[94.7430322,27.0092806],[94.7440553,27.0103513],[94.7432048,27.0121031],[94.7375832,27.0169328],[94.7289978,27.0160335],[94.7337939,27.0225949],[94.7306023,27.030927],[94.7318499,27.0354146],[94.7285318,27.0357222],[94.7227772,27.0406941],[94.720724,27.0372914],[94.722064,27.031699],[94.713093,27.032352],[94.7093306,27.0367238],[94.7139564,27.042253],[94.7130324,27.0446781],[94.7108985,27.0450878],[94.7075709,27.0436201],[94.7014984,27.0372149],[94.697076,27.0357101],[94.694743,27.040082],[94.6888241,27.0433826],[94.6862111,27.0503633],[94.6804504,27.0532063],[94.6758549,27.0527364],[94.6718992,27.0505287],[94.6718833,27.0448129],[94.6675986,27.0397846],[94.6609989,27.0448996],[94.6505816,27.0560446],[94.6484116,27.0600977],[94.6443639,27.0610525],[94.6418347,27.0636222],[94.6367629,27.0631455],[94.6289781,27.065172],[94.6271882,27.0764646],[94.6186402,27.0684676],[94.6077353,27.066001],[94.6029282,27.0672322],[94.5939303,27.0751331],[94.5887109,27.0777175],[94.584605,27.0764664],[94.5812818,27.0703766],[94.5729214,27.0765698],[94.5704431,27.0715666],[94.5642177,27.0691977],[94.5646558,27.0761903],[94.55827,27.0783296],[94.5559898,27.0779246],[94.5513026,27.071785],[94.5421088,27.0706545],[94.5388353,27.072246],[94.5476472,27.0817987],[94.5529413,27.096624],[94.5626676,27.1047584],[94.5729,27.1175054],[94.5787768,27.1269168],[94.5824064,27.1367427],[94.5934192,27.1459255],[94.6043817,27.1592921],[94.6096508,27.1705958],[94.614807,27.1766242],[94.6155674,27.1856384],[94.6217779,27.1971942],[94.6217983,27.2026061],[94.6243635,27.2098535],[94.6298715,27.2237174],[94.6368132,27.2328625],[94.6419919,27.2467483],[94.6532633,27.2470392],[94.6768616,27.2427106],[94.678773,27.2433615],[94.6853001,27.250043],[94.6923441,27.2707981],[94.6950575,27.2720724],[94.7013708,27.2700137],[94.7042125,27.2666172],[94.7099072,27.2500303],[94.7123662,27.2467562],[94.7215264,27.2452904],[94.7222395,27.2492015],[94.7165312,27.2595862],[94.7178638,27.2632364],[94.727238,27.2725807],[94.7358765,27.2754975],[94.7470726,27.2730246],[94.7496293,27.2692466],[94.7417759,27.2588503],[94.7400345,27.2518548],[94.7412684,27.2472372],[94.7475829,27.2451928]]]}},{"type":"Feature","properties":{"district":"Sivasagar","subdistrict":"Nazira","dt_code":"311","sdt_code":"02073","dist_lgd":300,"subdt_lgd":2073,"st_nm":"ASSAM"},"geometry":{"type":"Polygon","coordinates":[[[94.8894055,26.9288827],[94.8737887,26.9177192],[94.872782,26.9151336],[94.8660069,26.9087344],[94.8652271,26.9039781],[94.8584488,26.892213],[94.8578354,26.8884765],[94.8510679,26.8810974],[94.8501233,26.8745856],[94.8431958,26.8685102],[94.8390342,26.8696599],[94.8364733,26.8687747],[94.834544,26.8603491],[94.8286593,26.8553248],[94.8241971,26.8542402],[94.8176197,26.8477169],[94.8207557,26.8436252],[94.8210538,26.8410711],[94.8194507,26.8375912],[94.8156227,26.8373009],[94.8131749,26.8336491],[94.81446,26.8195431],[94.8064585,26.8184158],[94.8062242,26.8151305],[94.8037857,26.8136716],[94.7952504,26.8144208],[94.7957765,26.8100798],[94.8031869,26.8061667],[94.8027172,26.8013154],[94.7997764,26.7997795],[94.7911722,26.7997522],[94.7887315,26.7955585],[94.7756573,26.7897647],[94.7737356,26.7906118],[94.7702173,26.7890388],[94.7674049,26.7853363],[94.7667988,26.7775649],[94.7605917,26.775412],[94.7583287,26.7660057],[94.7518232,26.7661943],[94.7483523,26.7726986],[94.7401846,26.7759833],[94.7406832,26.7718357],[94.7368946,26.7637204],[94.7071664,26.7463093],[94.6938284,26.7328731],[94.6824147,26.7283552],[94.673663,26.7363468],[94.6690211,26.7505226],[94.6665953,26.7538129],[94.6566058,26.758953],[94.6522534,26.7642424],[94.6451273,26.7689708],[94.6386416,26.7691428],[94.634512,26.7701064],[94.6342196,26.771963],[94.6295705,26.7712821],[94.6269925,26.7728185],[94.6261925,26.7761379],[94.6335721,26.7790839],[94.6459866,26.7789214],[94.6448526,26.7890691],[94.653045,26.7900429],[94.648846,26.7981489],[94.6432543,26.7950969],[94.6343035,26.7967937],[94.6373543,26.80218],[94.6367242,26.8103989],[94.6320952,26.8157741],[94.6299912,26.8206478],[94.6293502,26.8274326],[94.6258734,26.8325187],[94.6275973,26.8369049],[94.6254528,26.844099],[94.6237479,26.8457843],[94.6198829,26.8461831],[94.6152035,26.8507974],[94.6097742,26.8505447],[94.603953,26.8534386],[94.6008785,26.8554372],[94.5993436,26.8599781],[94.6195305,26.8765043],[94.6441276,26.8796833],[94.6580848,26.8842096],[94.6787317,26.8847514],[94.6650154,26.9010141],[94.660317,26.9104274],[94.6612441,26.9121236],[94.6590168,26.9138224],[94.6535809,26.9142273],[94.6489027,26.9106566],[94.6451402,26.9148172],[94.6439582,26.9204794],[94.6526083,26.9314244],[94.6576258,26.9343497],[94.6581631,26.9363759],[94.6704344,26.9480815],[94.672441,26.9517046],[94.6820746,26.9602538],[94.6828927,26.954046],[94.6845048,26.9524542],[94.6886731,26.9587482],[94.6932602,26.9607265],[94.6988861,26.9608268],[94.7023885,26.9558638],[94.707214,26.9578072],[94.7047382,26.9405807],[94.7089803,26.9442037],[94.712019,26.9441309],[94.7169109,26.9383995],[94.7237821,26.9391084],[94.7296574,26.9325119],[94.7356948,26.9318468],[94.7510084,26.9234028],[94.8018502,26.9226087],[94.8481393,26.9291247],[94.8600941,26.9406486],[94.8897455,26.9563228],[94.928872,26.9818634],[94.9324015,26.9834208],[94.9385803,26.9817811],[94.9402629,26.9768273],[94.9370275,26.9724081],[94.9404811,26.9682109],[94.9416157,26.958647],[94.9326116,26.9562225],[94.9278503,26.9506679],[94.9240814,26.9485318],[94.9239302,26.9464967],[94.916722,26.9412506],[94.9143741,26.9367749],[94.9014844,26.934314],[94.8978185,26.9312506],[94.8894055,26.9288827]]]}},{"type":"Feature","properties":{"district":"Jorhat","subdistrict":"Mariani","dt_code":"312","sdt_code":"02081","dist_lgd":290,"subdt_lgd":2081,"st_nm":"ASSAM"},"geometry":{"type":"Polygon","coordinates":[[[94.5313002,26.7430662],[94.5325851,26.7378642],[94.5360127,26.7357622],[94.5510943,26.7334454],[94.5559217,26.7340215],[94.5558909,26.7290308],[94.5575688,26.7276707],[94.586324,26.7231636],[94.5922744,26.7249937],[94.5929224,26.7232515],[94.5910131,26.7218702],[94.5913805,26.720169],[94.6015318,26.7191105],[94.6024065,26.7165293],[94.6010905,26.714548],[94.6030508,26.7115834],[94.5976027,26.7166955],[94.5935528,26.7151693],[94.5925154,26.7049614],[94.5944406,26.702263],[94.5915321,26.7001595],[94.5938792,26.6971951],[94.5898601,26.6966166],[94.5853828,26.6982942],[94.582464,26.6973908],[94.5773229,26.700661],[94.5720853,26.6945714],[94.5678759,26.6929226],[94.5663952,26.6900654],[94.5674666,26.6874756],[94.5715715,26.6866423],[94.5690449,26.6861134],[94.5670968,26.6835313],[94.559389,26.6864342],[94.5624285,26.6955287],[94.5609786,26.7005553],[94.5623529,26.7050686],[94.5550321,26.7050653],[94.5503042,26.7017157],[94.5479054,26.7063213],[94.5451915,26.7052262],[94.5392642,26.7061849],[94.5335953,26.7013076],[94.5265431,26.6989473],[94.5242096,26.6957596],[94.5206996,26.6992139],[94.5208147,26.6941642],[94.5194489,26.6933057],[94.5193827,26.6887433],[94.517696,26.6873205],[94.5175805,26.6819323],[94.5132921,26.6800923],[94.510379,26.6847697],[94.5082483,26.6853049],[94.5097388,26.6818673],[94.5090471,26.6802288],[94.5051355,26.6786507],[94.5014652,26.6722935],[94.4926744,26.6658894],[94.4850567,26.6678541],[94.4602839,26.6616301],[94.4584497,26.6535398],[94.4541007,26.6539078],[94.4531456,26.65255],[94.4590759,26.6446086],[94.4598034,26.6368462],[94.4654949,26.633061],[94.4633204,26.6335583],[94.4619034,26.6323542],[94.4579323,26.6335977],[94.4535977,26.6319441],[94.4551468,26.6354722],[94.4527255,26.6340656],[94.4512757,26.6362911],[94.4356015,26.6220387],[94.4257433,26.6171507],[94.4029218,26.610568],[94.4055562,26.605626],[94.4050737,26.6038931],[94.4025886,26.6031264],[94.4018835,26.5935639],[94.4076707,26.5916266],[94.4074888,26.5879037],[94.4093811,26.5877046],[94.4095911,26.5848344],[94.4122005,26.5829654],[94.4116322,26.5794275],[94.4133831,26.5771887],[94.4099349,26.5765172],[94.4112484,26.5721484],[94.4081314,26.5709353],[94.4058471,26.567876],[94.4062069,26.5627134],[94.4041089,26.5614276],[94.406568,26.5618558],[94.4073354,26.5603303],[94.4034206,26.5582733],[94.406476,26.5557544],[94.4019997,26.5546678],[94.4049802,26.5541978],[94.4062735,26.5491883],[94.4012254,26.5482823],[94.4062023,26.5458398],[94.4061566,26.5440301],[94.4030812,26.5452538],[94.4011137,26.5428895],[94.396598,26.5427097],[94.3974809,26.5415678],[94.402112,26.542077],[94.4029244,26.5402851],[94.397997,26.5390541],[94.4010115,26.5345587],[94.398187,26.5352541],[94.3952466,26.5336075],[94.3975939,26.5298841],[94.3957672,26.5273345],[94.3932588,26.5273755],[94.3914181,26.5303542],[94.3900029,26.5269065],[94.385443,26.5305307],[94.3858038,26.5263653],[94.3839525,26.5251697],[94.3809475,26.5258015],[94.3781981,26.5211715],[94.3761413,26.5217808],[94.3756548,26.5181795],[94.3734576,26.5179177],[94.3737736,26.5163022],[94.3760761,26.5156704],[94.3759858,26.5134139],[94.374792,26.5128634],[94.3715615,26.5149799],[94.3746815,26.5084453],[94.3715918,26.5057195],[94.3693247,26.5046589],[94.3684268,26.505963],[94.3656281,26.503544],[94.3627137,26.5056603],[94.3574823,26.5051769],[94.3542072,26.5030554],[94.3477918,26.5044579],[94.3476315,26.5031988],[94.3506412,26.5024232],[94.3529612,26.4992821],[94.3495666,26.4962614],[94.3494701,26.4937734],[94.3466471,26.4920731],[94.3501064,26.4924278],[94.3528476,26.4900588],[94.3492709,26.4910961],[94.3494269,26.4892676],[94.3468567,26.4860039],[94.3446897,26.4887536],[94.3438626,26.4847054],[94.3408083,26.4855361],[94.3410435,26.4826978],[94.3394428,26.4804964],[94.3363126,26.4820516],[94.3339372,26.4793258],[94.3320027,26.4805845],[94.3304142,26.4794975],[94.3268221,26.4823155],[94.3255228,26.4819495],[94.3264721,26.475439],[94.3215977,26.4756593],[94.3195576,26.474211],[94.322568,26.4724448],[94.3212772,26.471016],[94.3238498,26.465513],[94.3184439,26.4652788],[94.3166223,26.4583237],[94.307976,26.4625259],[94.3067085,26.4607925],[94.3057845,26.4632334],[94.3035126,26.464162],[94.2999178,26.4636502],[94.299279,26.4668224],[94.2934345,26.4710975],[94.2932367,26.4742924],[94.2915661,26.4752167],[94.2922966,26.4775683],[94.2897476,26.4797149],[94.2900619,26.488768],[94.2880128,26.4926795],[94.2882967,26.4953874],[94.2859127,26.4976288],[94.2832336,26.5049733],[94.2833845,26.5107498],[94.2858162,26.5123445],[94.2865613,26.5152241],[94.2842638,26.5217076],[94.2817584,26.5244995],[94.2829133,26.5293967],[94.2809622,26.5350636],[94.2819411,26.5405925],[94.2861442,26.5425086],[94.2812723,26.5486475],[94.2856775,26.564012],[94.2947551,26.5734849],[94.2905577,26.5786636],[94.2811424,26.581816],[94.278834,26.5843643],[94.2746386,26.5966011],[94.2736529,26.6069885],[94.2635365,26.6091618],[94.2594509,26.6128457],[94.2589476,26.6152369],[94.2732099,26.6221833],[94.2887288,26.6323938],[94.2821795,26.6339259],[94.2751911,26.6326553],[94.2737349,26.6341022],[94.2706002,26.6304276],[94.2679991,26.6308294],[94.2602305,26.6248344],[94.2582924,26.6253887],[94.2563509,26.6222033],[94.2517616,26.6215599],[94.2465768,26.6220183],[94.2423055,26.6265857],[94.2401032,26.6251584],[94.2377682,26.6266653],[94.238217,26.6285864],[94.2481605,26.6365426],[94.2509504,26.6411453],[94.2508541,26.6486268],[94.2499152,26.6535222],[94.2404611,26.6698406],[94.2417646,26.6763593],[94.238187,26.6767606],[94.2339862,26.7096599],[94.2350303,26.7083993],[94.240968,26.7084407],[94.2542576,26.7042743],[94.2567748,26.7014028],[94.277919,26.6913233],[94.3005691,26.6905962],[94.3005595,26.6921717],[94.3043267,26.6903513],[94.310303,26.684109],[94.3107401,26.6769227],[94.3150169,26.6743337],[94.318886,26.6688525],[94.3184284,26.6630585],[94.322308,26.66414],[94.3219637,26.6612975],[94.325588,26.6601302],[94.3268599,26.656779],[94.3296611,26.65559],[94.3511503,26.6596381],[94.3612404,26.6636826],[94.3728943,26.670656],[94.3674713,26.6840806],[94.3643641,26.6884638],[94.365107,26.7012396],[94.3631624,26.7072604],[94.3641118,26.711803],[94.3737646,26.7260517],[94.4113584,26.7256011],[94.4188448,26.7309157],[94.4300044,26.7298862],[94.4431592,26.7352203],[94.4627553,26.7386093],[94.4737236,26.7389792],[94.4828234,26.7431471],[94.5313002,26.7430662]]]}},{"type":"Feature","properties":{"district":"Golaghat","subdistrict":"Sarupathar","dt_code":"313","sdt_code":"02087","dist_lgd":288,"subdt_lgd":2087,"st_nm":"ASSAM"},"geometry":{"type":"Polygon","coordinates":[[[93.9423863,26.4423199],[93.9475589,26.4420611],[93.9553978,26.4393242],[93.9561655,26.438085],[93.9532209,26.430358],[93.9625988,26.4267196],[93.965601,26.4231935],[93.9644102,26.4211116],[93.9542172,26.4224819],[93.9470282,26.41829],[93.9479986,26.4153022],[93.9498516,26.4146784],[93.9557924,26.4188293],[93.9600017,26.4180454],[93.9564355,26.411341],[93.9506436,26.4105868],[93.9488569,26.405463],[93.9494325,26.4023488],[93.9542861,26.3962797],[93.9539843,26.3919534],[93.9559864,26.3888343],[93.9553222,26.3863999],[93.9537398,26.3848619],[93.9468169,26.3866519],[93.9455493,26.3833552],[93.9469187,26.3778377],[93.9491902,26.3758082],[93.9572756,26.3769056],[93.9616629,26.3757546],[93.9662293,26.3649116],[93.9641061,26.3605209],[93.9728851,26.3576474],[93.9683575,26.3514364],[93.9684176,26.3443052],[93.966476,26.3359282],[93.9629092,26.3332956],[93.9619155,26.3304325],[93.9632919,26.3295965],[93.9665903,26.331846],[93.967989,26.3312116],[93.9683938,26.3277142],[93.9744637,26.3243705],[93.9714203,26.3162449],[93.9734202,26.3098048],[93.9767083,26.3099171],[93.9790598,26.3153561],[93.9822799,26.3174086],[93.9856304,26.316039],[93.9861516,26.3135999],[93.9832913,26.3071377],[93.9731422,26.2965446],[93.9723219,26.2937168],[93.9743771,26.2877806],[93.9759763,26.2874336],[93.9782727,26.2903325],[93.9810413,26.2883025],[93.978134,26.2773141],[93.9787735,26.2728791],[93.9858569,26.2720905],[93.9876076,26.2700499],[93.9763574,26.2642898],[93.9729725,26.2591978],[93.9725159,26.2560828],[93.9736737,26.2548081],[93.9753615,26.2552676],[93.9785333,26.2614985],[93.9812342,26.2593726],[93.9822039,26.253839],[93.9847822,26.2506041],[93.9967599,26.251717],[93.997979,26.2499785],[93.9949802,26.2427651],[93.9837971,26.2411737],[93.9828702,26.2394243],[93.9841573,26.2357455],[93.9895403,26.2333784],[93.9905218,26.224891],[93.9871128,26.2251973],[93.9838007,26.2335376],[93.9797777,26.2318628],[93.972159,26.2241983],[93.9720797,26.2160608],[93.9833406,26.2132681],[93.9860353,26.2100735],[93.9834473,26.20631],[93.9733523,26.2032968],[93.9701767,26.197015],[93.972161,26.1853323],[93.9790664,26.1845086],[93.9786161,26.1799165],[93.9934853,26.1842819],[93.9956258,26.1816968],[93.9900962,26.1796487],[93.9894825,26.1776675],[94.0020777,26.173729],[94.0013703,26.1657778],[94.0036617,26.1601069],[94.0010964,26.1552034],[93.9965797,26.1534747],[93.9945219,26.14831],[93.9959051,26.1464224],[94.00083,26.1469848],[94.0035981,26.1442297],[94.0019283,26.1391285],[94.0021732,26.1344306],[93.9983117,26.131241],[93.9889767,26.133304],[93.9871237,26.1301418],[93.9900315,26.1280454],[93.9978217,26.1287701],[93.993487,26.1239354],[93.9938717,26.118655],[93.9867582,26.1139039],[93.9887399,26.1108154],[93.9957747,26.1121951],[93.997931,26.1095572],[93.9894816,26.0975282],[93.9886461,26.0863363],[93.9827358,26.0833577],[93.9815345,26.081242],[93.9873878,26.0667864],[93.9707561,26.046417],[93.9703864,26.0403471],[93.96247,26.0365386],[93.9626968,26.025761],[93.9605412,26.0153594],[93.9530008,26.0029659],[93.9591475,25.9943332],[93.9541516,25.9692607],[93.9687064,25.9572559],[93.9699579,25.9367786],[93.9779866,25.9280716],[93.9786954,25.9167293],[93.9712061,25.9127583],[93.9667043,25.9058921],[93.9610719,25.9012334],[93.9597652,25.9021052],[93.951664,25.8985669],[93.9450069,25.8976406],[93.944317,25.8955242],[93.9379655,25.8963079],[93.9354247,25.894445],[93.933978,25.8852475],[93.9159958,25.8837013],[93.9108805,25.8794467],[93.9115681,25.8765219],[93.907506,25.8725241],[93.901948,25.8708463],[93.896044,25.8578582],[93.8899684,25.8586352],[93.8865404,25.8483182],[93.8818018,25.8433494],[93.8761058,25.8424785],[93.8691778,25.8509318],[93.8585731,25.8536931],[93.8522574,25.8582282],[93.8481424,25.8570495],[93.8451891,25.85829],[93.8397025,25.85661],[93.8304772,25.8492463],[93.82972,25.846511],[93.8252618,25.8443974],[93.8211496,25.8387408],[93.8163895,25.8226129],[93.8063046,25.8168902],[93.8038395,25.8114189],[93.7954743,25.8089278],[93.7900527,25.8112265],[93.7875114,25.8157609],[93.7870928,25.8221605],[93.7842424,25.8261666],[93.7847888,25.8290283],[93.7803253,25.8354254],[93.7814543,25.8394971],[93.780356,25.8408639],[93.7781621,25.8401177],[93.7778161,25.8424148],[93.7811111,25.8445924],[93.7775358,25.8498119],[93.7811336,25.854007],[93.7785276,25.8568668],[93.781406,25.8564941],[93.7844274,25.8584231],[93.7849717,25.8642636],[93.789843,25.8678095],[93.7889484,25.8701062],[93.785172,25.8700452],[93.787347,25.8768797],[93.7847554,25.8799516],[93.7841583,25.8843427],[93.7892037,25.8896714],[93.7920282,25.8891404],[93.7920465,25.8913429],[93.7951297,25.8919765],[93.7935207,25.8955636],[93.7961101,25.903391],[93.795419,25.907114],[93.7929294,25.9062958],[93.7919261,25.9067195],[93.794261,25.9075557],[93.7942174,25.9128813],[93.7921563,25.9129117],[93.7918601,25.9155563],[93.78872,25.9168859],[93.7905244,25.9200598],[93.7891453,25.9222569],[93.7909892,25.9262296],[93.7890064,25.9280609],[93.7899835,25.9297539],[93.7873528,25.9301269],[93.7879009,25.9314587],[93.7864679,25.9320987],[93.7898857,25.9339241],[93.7867379,25.9382143],[93.7872628,25.9438922],[93.7846322,25.9438726],[93.7873407,25.9465821],[93.7858858,25.9496683],[93.7832693,25.9504114],[93.7803192,25.9564798],[93.7768981,25.9581248],[93.7786087,25.9602968],[93.7751681,25.9611565],[93.7744605,25.9655338],[93.777465,25.9669936],[93.776724,25.9686515],[93.7792078,25.9727492],[93.7784898,25.9776996],[93.7807688,25.9813252],[93.7855668,25.9821226],[93.7868887,25.9772582],[93.7894261,25.9761359],[93.7911034,25.9768184],[93.7903618,25.9803653],[93.791864,25.9814765],[93.7933172,25.981414],[93.7938179,25.9793879],[93.7980178,25.9786004],[93.7999935,25.9812868],[93.8033204,25.9790544],[93.8045877,25.9806392],[93.8033412,25.9861085],[93.8018828,25.9864418],[93.8008707,25.9838733],[93.7991628,25.9839988],[93.7957,25.9873954],[93.7963422,25.9904151],[93.794818,25.9922014],[93.79604,25.9944136],[93.8007992,25.9944161],[93.7976115,25.9967432],[93.8008893,26.0020434],[93.7982096,26.0029707],[93.7937617,25.9980291],[93.7882344,26.0065742],[93.7881136,26.0093321],[93.7866473,26.009779],[93.7854613,26.0064293],[93.7820146,26.0064271],[93.7812409,26.0077877],[93.7862431,26.0144219],[93.7899094,26.0124541],[93.7933346,26.0150887],[93.7914138,26.0181772],[93.786242,26.0198039],[93.786083,26.0236638],[93.7924324,26.0263655],[93.7937371,26.030736],[93.7965524,26.027908],[93.7993845,26.0295326],[93.7997204,26.0311804],[93.7917613,26.0338081],[93.7895045,26.0312816],[93.7872063,26.0310295],[93.7801651,26.0395029],[93.7950982,26.0415137],[93.7953544,26.0438061],[93.7911307,26.0480895],[93.7908466,26.0523201],[93.7871594,26.0542341],[93.7905663,26.0564031],[93.7922304,26.0524645],[93.7974026,26.0523062],[93.7980951,26.0540794],[93.7946469,26.058512],[93.7947211,26.0611337],[93.7996546,26.0629629],[93.8011986,26.0659008],[93.8053955,26.0644528],[93.8037111,26.0700134],[93.7977457,26.0696163],[93.7967103,26.0710786],[93.7980756,26.074697],[93.8004929,26.075898],[93.8059462,26.0712266],[93.8055825,26.0819351],[93.8033406,26.0853008],[93.8057522,26.0872941],[93.8100938,26.0864185],[93.8073168,26.0898378],[93.8037083,26.0887361],[93.8049742,26.0934646],[93.8142446,26.0906803],[93.8102213,26.0951797],[93.8098823,26.0990657],[93.807384,26.0996019],[93.8065462,26.1023822],[93.812089,26.1084621],[93.8121466,26.1121334],[93.8201774,26.1098801],[93.8220193,26.1140824],[93.8176784,26.1189228],[93.8173197,26.1225223],[93.8191967,26.1245899],[93.8262552,26.1259893],[93.8280986,26.1276375],[93.8257381,26.130531],[93.8194314,26.1323912],[93.8184179,26.1368696],[93.8224555,26.1387695],[93.8295167,26.135226],[93.8312414,26.1367128],[93.8307434,26.1389812],[93.8254893,26.1440214],[93.8270149,26.1477469],[93.8305785,26.1497793],[93.8307159,26.1579853],[93.8265336,26.1618259],[93.8264922,26.1662492],[93.8216529,26.1724101],[93.827916,26.1737318],[93.8282126,26.1761317],[93.8264062,26.1792292],[93.8273579,26.1804294],[93.8304925,26.1798394],[93.8325773,26.1748973],[93.8352153,26.1758293],[93.8333696,26.1806182],[93.8275906,26.186151],[93.8293355,26.1885334],[93.8339379,26.189663],[93.8291541,26.1962212],[93.8322255,26.1984606],[93.8380403,26.194397],[93.8384178,26.1997199],[93.8412537,26.2047529],[93.8382775,26.2045731],[93.8342126,26.2002622],[93.8339083,26.2070019],[93.8367052,26.209689],[93.8411501,26.2096901],[93.8441778,26.2120948],[93.8446932,26.2141901],[93.8405474,26.2176756],[93.8442581,26.2185003],[93.8486975,26.2153671],[93.8515946,26.2155467],[93.8572258,26.2216075],[93.8555779,26.2262277],[93.8563292,26.2286487],[93.8646842,26.2352104],[93.8600595,26.2365172],[93.8590916,26.239104],[93.8607983,26.2415576],[93.855379,26.2453535],[93.8515882,26.2436158],[93.8514303,26.2389955],[93.8477991,26.2412115],[93.8549973,26.2469718],[93.8616472,26.2446087],[93.8648626,26.2457371],[93.8651998,26.2482443],[93.8605415,26.2523266],[93.8672582,26.2509506],[93.8645502,26.2548767],[93.8654109,26.2579683],[93.8710566,26.2591915],[93.8749107,26.2638129],[93.8724531,26.2658392],[93.8685237,26.266137],[93.8691342,26.2689937],[93.8737144,26.2721936],[93.870901,26.2754429],[93.8757217,26.2753707],[93.8800067,26.272717],[93.8811731,26.2735203],[93.8805875,26.2761288],[93.8746054,26.2787464],[93.8727281,26.2814453],[93.8729082,26.2845231],[93.8769134,26.2866442],[93.8766331,26.2878086],[93.8686224,26.2943297],[93.8724225,26.2962975],[93.8697888,26.2991091],[93.8703195,26.3000208],[93.8729781,26.3009776],[93.8774695,26.2995379],[93.8810195,26.3022726],[93.8847498,26.3022499],[93.8854612,26.3063612],[93.8833783,26.3082387],[93.8758773,26.3075485],[93.8738994,26.3096515],[93.8760776,26.3121608],[93.8797532,26.3130092],[93.8851211,26.310468],[93.8872547,26.3151072],[93.8833741,26.3184019],[93.8856027,26.3202747],[93.8888978,26.3196561],[93.891356,26.3149443],[93.8938949,26.3153772],[93.892834,26.3198993],[93.8875059,26.3215832],[93.8865696,26.3235916],[93.8886482,26.3259247],[93.8939518,26.3261542],[93.8948437,26.328916],[93.891774,26.3306991],[93.8866252,26.3280911],[93.8874628,26.3401316],[93.8831254,26.3405201],[93.8814778,26.3454844],[93.8835065,26.3467074],[93.8891867,26.3461112],[93.889167,26.349532],[93.882976,26.3526645],[93.8836375,26.3554219],[93.888687,26.3566084],[93.8869891,26.359903],[93.883232,26.3590098],[93.883182,26.3618575],[93.8892993,26.3650837],[93.890417,26.3691904],[93.89425,26.3717307],[93.8930078,26.3730577],[93.8885134,26.3710228],[93.8827268,26.3711812],[93.8812089,26.3724178],[93.881204,26.3738484],[93.888695,26.381019],[93.8834741,26.3807892],[93.8848674,26.3858797],[93.8806836,26.3877123],[93.8834941,26.3921507],[93.8901188,26.3957336],[93.891691,26.405416],[93.8992707,26.413189],[93.8981615,26.4190387],[93.9022354,26.4195918],[93.9038183,26.4103407],[93.9104879,26.4062342],[93.9150324,26.4059307],[93.9165611,26.4105782],[93.9117002,26.4136584],[93.9116033,26.4153466],[93.9128559,26.4164563],[93.9174456,26.4160468],[93.9180315,26.4177758],[93.9157744,26.4250005],[93.9111376,26.4219025],[93.9096197,26.4230049],[93.9103951,26.4254294],[93.915543,26.427006],[93.9199116,26.4240715],[93.9242887,26.4237826],[93.9279194,26.4259523],[93.929106,26.4321062],[93.9305827,26.4331958],[93.9352825,26.4291625],[93.9384787,26.4289278],[93.9394004,26.4311356],[93.937963,26.4365571],[93.9339799,26.4404245],[93.932846,26.4439866],[93.9383816,26.444968],[93.9423863,26.4423199]]]}},{"type":"Feature","properties":{"district":"Golaghat","subdistrict":"Golaghat","dt_code":"313","sdt_code":"02085","dist_lgd":288,"subdt_lgd":2085,"st_nm":"ASSAM"},"geometry":{"type":"Polygon","coordinates":[[[93.9729702,26.6257681],[93.9764201,26.6110698],[93.9778618,26.5925231],[93.9843457,26.5884979],[94.0054337,26.5861207],[94.0205882,26.5825687],[94.030988,26.5823459],[94.0319007,26.5844587],[94.030961,26.5882011],[94.0320885,26.5891973],[94.0478267,26.5955184],[94.0520886,26.5948302],[94.0582402,26.589962],[94.0660227,26.5811485],[94.0682628,26.5743119],[94.0730061,26.5702303],[94.0857521,26.5703074],[94.088788,26.5773263],[94.086679,26.5801146],[94.0893544,26.5795062],[94.0904231,26.5806121],[94.0935309,26.5774855],[94.0989515,26.5770761],[94.1009494,26.5755602],[94.0978634,26.5734115],[94.0996556,26.5715526],[94.097649,26.5681314],[94.1026721,26.5706506],[94.1069933,26.5697894],[94.1058751,26.5649559],[94.1079727,26.5657776],[94.1085802,26.5645547],[94.1072311,26.5598386],[94.1106335,26.5595728],[94.1099816,26.5570726],[94.1140413,26.5560216],[94.1147692,26.5544422],[94.1128328,26.5502811],[94.1111515,26.5527179],[94.1056675,26.5495536],[94.1092905,26.5485839],[94.1091252,26.5472841],[94.1075145,26.5475366],[94.107891,26.5463137],[94.110691,26.5455785],[94.1120905,26.5479118],[94.112668,26.5452358],[94.116381,26.5449654],[94.1098487,26.5416477],[94.1125805,26.5380373],[94.1100651,26.537356],[94.1108583,26.5346664],[94.1085003,26.5344359],[94.108325,26.5329737],[94.110974,26.532744],[94.1090378,26.5304151],[94.1097857,26.5285017],[94.1122591,26.5277574],[94.1106038,26.526304],[94.1096003,26.5271884],[94.1092294,26.5248778],[94.1043993,26.5204364],[94.1064566,26.517905],[94.1052234,26.5137033],[94.1029559,26.5143843],[94.1032628,26.5105485],[94.1055859,26.5075207],[94.1013028,26.4988739],[94.0982849,26.4974572],[94.0999815,26.4959516],[94.0963297,26.495071],[94.0985671,26.4933921],[94.0964093,26.4917356],[94.0974339,26.4876202],[94.0964451,26.485464],[94.0971704,26.4834071],[94.0998168,26.4833337],[94.0992728,26.4804124],[94.1007463,26.4772094],[94.0995249,26.4706099],[94.1034455,26.4621539],[94.1081007,26.4595009],[94.1107459,26.4612554],[94.1155877,26.460109],[94.1148851,26.4579815],[94.1198017,26.45679],[94.1215385,26.4552717],[94.1208148,26.4543945],[94.1271038,26.4501667],[94.1256069,26.4386774],[94.1214782,26.4351604],[94.1148173,26.4250283],[94.1167144,26.3964308],[94.1190464,26.3925144],[94.1203923,26.3832068],[94.1242444,26.3784071],[94.1241433,26.3721194],[94.1281975,26.3666339],[94.1335615,26.3507269],[94.1382206,26.3486646],[94.1482578,26.3483076],[94.1503445,26.349782],[94.1546077,26.3496033],[94.1620319,26.3471566],[94.1670621,26.3479894],[94.1687109,26.3509348],[94.1726134,26.3505946],[94.1778539,26.3460826],[94.1716353,26.3379587],[94.1671845,26.3393158],[94.1628734,26.3355113],[94.1495771,26.3340803],[94.145877,26.3324125],[94.1450599,26.3305914],[94.1410135,26.3313741],[94.1409852,26.3353106],[94.1387308,26.3362755],[94.1283828,26.3303583],[94.1249191,26.3308106],[94.1197455,26.3288032],[94.1159302,26.3296894],[94.1145143,26.3270823],[94.1149769,26.3239539],[94.1216822,26.3177601],[94.1120585,26.3179942],[94.1096782,26.3199231],[94.1050542,26.3199486],[94.1025117,26.3152296],[94.0997066,26.3138969],[94.1007768,26.3086309],[94.0977806,26.3019591],[94.0842673,26.2889731],[94.0840959,26.2833418],[94.0747261,26.2835956],[94.0722448,26.2761126],[94.0747064,26.2730351],[94.0746234,26.2643798],[94.0709196,26.262319],[94.0678603,26.2569734],[94.056081,26.2550142],[94.047687,26.2493647],[94.0423973,26.2345048],[94.0364638,26.226053],[94.0320329,26.1975367],[94.0217858,26.193811],[94.0153618,26.1840174],[94.0078103,26.1824951],[94.0020777,26.173729],[93.9894825,26.1776675],[93.9900962,26.1796487],[93.9947771,26.1806532],[93.9956925,26.1828108],[93.9947424,26.1839143],[93.97951,26.1798362],[93.9780828,26.1853096],[93.972161,26.1853323],[93.9701767,26.197015],[93.9716379,26.2015671],[93.9748212,26.2043357],[93.9834473,26.20631],[93.9860353,26.2100735],[93.9833406,26.2132681],[93.9720797,26.2160608],[93.972159,26.2241983],[93.9797777,26.2318628],[93.9838007,26.2335376],[93.9871128,26.2251973],[93.9905218,26.224891],[93.9895403,26.2333784],[93.9841573,26.2357455],[93.9828702,26.2394243],[93.9837971,26.2411737],[93.9949802,26.2427651],[93.9978333,26.2512132],[93.9847822,26.2506041],[93.9822039,26.253839],[93.9812342,26.2593726],[93.9785333,26.2614985],[93.9753615,26.2552676],[93.9736737,26.2548081],[93.9725159,26.2560828],[93.9729725,26.2591978],[93.9763574,26.2642898],[93.9876076,26.2700499],[93.9858569,26.2720905],[93.9787735,26.2728791],[93.978134,26.2773141],[93.9810413,26.2883025],[93.9782727,26.2903325],[93.9759763,26.2874336],[93.9743771,26.2877806],[93.9723219,26.2937168],[93.9731422,26.2965446],[93.9832913,26.3071377],[93.9861516,26.3135999],[93.9856304,26.316039],[93.9822799,26.3174086],[93.9790598,26.3153561],[93.9767083,26.3099171],[93.972413,26.3109131],[93.9714203,26.3162449],[93.9744637,26.3243705],[93.9683938,26.3277142],[93.967989,26.3312116],[93.9665903,26.331846],[93.9632919,26.3295965],[93.9619155,26.3304325],[93.9629092,26.3332956],[93.966476,26.3359282],[93.9684176,26.3443052],[93.9683575,26.3514364],[93.9728851,26.3576474],[93.9641061,26.3605209],[93.9662293,26.3649116],[93.9616629,26.3757546],[93.9572756,26.3769056],[93.9491902,26.3758082],[93.9469187,26.3778377],[93.9455493,26.3833552],[93.9468169,26.3866519],[93.9537398,26.3848619],[93.9553222,26.3863999],[93.9559864,26.3888343],[93.9539843,26.3919534],[93.9542861,26.3962797],[93.9494325,26.4023488],[93.9488569,26.405463],[93.9506436,26.4105868],[93.9564355,26.411341],[93.9600017,26.4180454],[93.9557924,26.4188293],[93.9498516,26.4146784],[93.9479986,26.4153022],[93.9470282,26.41829],[93.9542172,26.4224819],[93.9644102,26.4211116],[93.965601,26.4231935],[93.9625988,26.4267196],[93.9532209,26.430358],[93.9561655,26.438085],[93.9540146,26.4401096],[93.9483917,26.4417364],[93.9494429,26.4476892],[93.9448728,26.4544449],[93.944677,26.4575871],[93.9474949,26.4599036],[93.9509851,26.4577312],[93.9552015,26.4573541],[93.9627087,26.4595142],[93.9648613,26.4615675],[93.9688553,26.4604043],[93.9712222,26.4671695],[93.9689255,26.4688935],[93.9630838,26.4695384],[93.9617732,26.4717989],[93.956538,26.4708944],[93.9472964,26.474406],[93.9477178,26.4794088],[93.9547838,26.4791659],[93.9570623,26.4810437],[93.9587187,26.4853251],[93.953501,26.4931257],[93.9539654,26.4956256],[93.951022,26.5033196],[93.9526956,26.5097051],[93.9490891,26.5135898],[93.9442207,26.5148192],[93.9301505,26.5140908],[93.9254625,26.5158652],[93.9184637,26.5150793],[93.9129004,26.5114278],[93.9038057,26.5174901],[93.8967634,26.5180362],[93.8913304,26.5233573],[93.8801783,26.5412382],[93.8801919,26.5446353],[93.8814522,26.5479215],[93.8840054,26.5498792],[93.88362,26.551274],[93.8799128,26.5535455],[93.8736425,26.5545882],[93.8720274,26.557078],[93.8725568,26.5606882],[93.8748609,26.5608974],[93.8842743,26.5683927],[93.8990728,26.5635189],[93.9170677,26.5608576],[93.9184412,26.5617753],[93.9110545,26.5744826],[93.9104782,26.5783196],[93.913303,26.5962047],[93.9244181,26.5958225],[93.9276333,26.5978471],[93.9394205,26.6125113],[93.9367189,26.6148101],[93.9360091,26.6177015],[93.9467033,26.6205739],[93.9559896,26.630646],[93.9639524,26.632279],[93.9708204,26.6291253],[93.9729702,26.6257681]]]}},{"type":"Feature","properties":{"district":"Jorhat","subdistrict":"Titabor","dt_code":"312","sdt_code":"02080","dist_lgd":290,"subdt_lgd":2080,"st_nm":"ASSAM"},"geometry":{"type":"Polygon","coordinates":[[[94.2408741,26.6690593],[94.2499152,26.6535222],[94.2511175,26.6426247],[94.2481605,26.6365426],[94.2376372,26.6279713],[94.2382633,26.6261193],[94.2401032,26.6251584],[94.2423055,26.6265857],[94.2465768,26.6220183],[94.2517616,26.6215599],[94.2563509,26.6222033],[94.2582924,26.6253887],[94.2602305,26.6248344],[94.2679991,26.6308294],[94.2706002,26.6304276],[94.2737349,26.6341022],[94.2751911,26.6326553],[94.2821795,26.6339259],[94.2887288,26.6323938],[94.2732099,26.6221833],[94.2589476,26.6152369],[94.2594509,26.6128457],[94.2635365,26.6091618],[94.2736529,26.6069885],[94.2746386,26.5966011],[94.278834,26.5843643],[94.2811424,26.581816],[94.2905577,26.5786636],[94.2947971,26.5730914],[94.2858627,26.5645014],[94.2847042,26.5611112],[94.2715103,26.5515515],[94.2706442,26.5492764],[94.2563368,26.5412234],[94.2533201,26.5327909],[94.2516997,26.5326405],[94.2478164,26.5282101],[94.248718,26.5249662],[94.2366223,26.5061365],[94.2212684,26.4981281],[94.207507,26.4864676],[94.2024887,26.4727802],[94.2026636,26.4690636],[94.1940542,26.4612352],[94.1852276,26.4584349],[94.1761255,26.4364215],[94.1717338,26.429785],[94.175722,26.4244285],[94.1719052,26.4158414],[94.1740087,26.4095107],[94.1731857,26.4032799],[94.1776398,26.3833416],[94.1722284,26.3736521],[94.1741066,26.370716],[94.1711252,26.3627527],[94.1601551,26.3542937],[94.1612061,26.3478323],[94.1506887,26.3497819],[94.1482578,26.3483076],[94.137544,26.3488426],[94.1335615,26.3507269],[94.1281975,26.3666339],[94.1241433,26.3721194],[94.1242444,26.3784071],[94.1203923,26.3832068],[94.1158519,26.4035074],[94.1149295,26.425715],[94.1214782,26.4351604],[94.1256069,26.4386774],[94.1271038,26.4501667],[94.1208148,26.4543945],[94.1215385,26.4552717],[94.1198017,26.45679],[94.1148851,26.4579815],[94.1155877,26.460109],[94.1107459,26.4612554],[94.1081007,26.4595009],[94.1034455,26.4621539],[94.0995249,26.4706099],[94.1007463,26.4772094],[94.0992728,26.4804124],[94.0998168,26.4833337],[94.0971704,26.4834071],[94.0964451,26.485464],[94.0974339,26.4876202],[94.0964093,26.4917356],[94.0985671,26.4933921],[94.0963297,26.495071],[94.0999815,26.4959516],[94.0982849,26.4974572],[94.1013028,26.4988739],[94.1055859,26.5075207],[94.1032628,26.5105485],[94.1029559,26.5143843],[94.1052234,26.5137033],[94.1064566,26.517905],[94.1043993,26.5204364],[94.1092294,26.5248778],[94.1096003,26.5271884],[94.1106038,26.526304],[94.1122591,26.5277574],[94.1097857,26.5285017],[94.1090378,26.5304151],[94.110974,26.532744],[94.108325,26.5329737],[94.1085003,26.5344359],[94.1108583,26.5346664],[94.1100651,26.537356],[94.1125805,26.5380373],[94.1098487,26.5416477],[94.116381,26.5449654],[94.112668,26.5452358],[94.1120905,26.5479118],[94.110691,26.5455785],[94.107891,26.5463137],[94.1075145,26.5475366],[94.1091252,26.5472841],[94.1092905,26.5485839],[94.1057177,26.5498469],[94.1111515,26.5527179],[94.1128328,26.5502811],[94.1147189,26.5550559],[94.1102074,26.5568109],[94.1106335,26.5595728],[94.1072311,26.5598386],[94.1085802,26.5645547],[94.1079727,26.5657776],[94.1058751,26.5649559],[94.1069933,26.5697894],[94.1026721,26.5706506],[94.097378,26.5683164],[94.0996556,26.5715526],[94.0978634,26.5734115],[94.1011202,26.5748563],[94.0995538,26.5768235],[94.0935309,26.5774855],[94.0907092,26.5805986],[94.0893544,26.5795062],[94.0871657,26.5804713],[94.088788,26.5773263],[94.084662,26.5782457],[94.0860635,26.5750375],[94.0804864,26.5776847],[94.0797647,26.575234],[94.0780336,26.5744978],[94.076055,26.5768934],[94.0800644,26.5786368],[94.0789794,26.5807349],[94.0768415,26.5801249],[94.0781904,26.5830316],[94.0767887,26.5858065],[94.0807702,26.5831905],[94.082471,26.5849736],[94.0797498,26.5866063],[94.0789204,26.5894446],[94.0760899,26.588365],[94.0750448,26.5905308],[94.0718332,26.5886612],[94.0699444,26.5914223],[94.0723581,26.5930524],[94.0688936,26.5946891],[94.0709413,26.5954391],[94.0702926,26.5976907],[94.0716269,26.5995957],[94.0735001,26.598035],[94.0768619,26.6014299],[94.0749735,26.6032163],[94.077202,26.6042461],[94.0797225,26.6033534],[94.0823115,26.6068156],[94.0849369,26.607182],[94.0862259,26.6105129],[94.082938,26.6092979],[94.0805467,26.6131826],[94.0774936,26.6143684],[94.0803999,26.6159173],[94.0793447,26.6178304],[94.0824336,26.6150696],[94.0832215,26.6160311],[94.0815188,26.6175604],[94.0825223,26.6191131],[94.0879947,26.620067],[94.086277,26.6215693],[94.0881338,26.6242324],[94.0830659,26.628351],[94.0945997,26.6280384],[94.0945388,26.630191],[94.0960651,26.630945],[94.0940094,26.6373211],[94.0982123,26.6378861],[94.0941696,26.6387065],[94.0936319,26.6401279],[94.0977094,26.6406388],[94.0969236,26.6454816],[94.1027499,26.6475685],[94.1036524,26.6527268],[94.1102255,26.6556728],[94.1123219,26.6621321],[94.106137,26.6639869],[94.1098544,26.6682076],[94.1090689,26.6721992],[94.112415,26.6718322],[94.114612,26.6756321],[94.1264041,26.6717382],[94.1329058,26.6729844],[94.1388444,26.6717595],[94.141233,26.6704496],[94.1424809,26.6647846],[94.1470407,26.6643852],[94.1492138,26.6646728],[94.1510315,26.6676049],[94.1574701,26.6699354],[94.1651273,26.6706665],[94.171936,26.6660632],[94.1778759,26.6653465],[94.1829827,26.6667016],[94.189431,26.6714903],[94.2033091,26.6747884],[94.2276444,26.6729037],[94.2353092,26.668869],[94.238187,26.6767606],[94.2417646,26.6763593],[94.2403283,26.6721647],[94.2408741,26.6690593]]]}},{"type":"Feature","properties":{"district":"Golaghat","subdistrict":"Morangi","dt_code":"313","sdt_code":"02086","dist_lgd":288,"subdt_lgd":2086,"st_nm":"ASSAM"},"geometry":{"type":"Polygon","coordinates":[[[93.7840067,26.6061469],[93.7931367,26.6065093],[93.7998836,26.6048617],[93.8076645,26.5978639],[93.8175922,26.5934318],[93.8324784,26.5815158],[93.8540174,26.5681323],[93.8596827,26.567306],[93.8724675,26.5610844],[93.8720274,26.557078],[93.8736425,26.5545882],[93.8799128,26.5535455],[93.88362,26.551274],[93.8840054,26.5498792],[93.8814522,26.5479215],[93.8801919,26.5446353],[93.8801783,26.5412382],[93.8913304,26.5233573],[93.8967634,26.5180362],[93.9038057,26.5174901],[93.9116784,26.5115332],[93.9184637,26.5150793],[93.9254625,26.5158652],[93.9301505,26.5140908],[93.9442207,26.5148192],[93.9490891,26.5135898],[93.9520608,26.5107785],[93.952979,26.5083728],[93.9510309,26.5058361],[93.9513194,26.5008967],[93.9539654,26.4956256],[93.9538747,26.4921241],[93.9587187,26.4853251],[93.9570623,26.4810437],[93.9547838,26.4791659],[93.9477178,26.4794088],[93.9472964,26.474406],[93.956538,26.4708944],[93.9617732,26.4717989],[93.9630838,26.4695384],[93.9697503,26.4685023],[93.9712222,26.4671695],[93.9692068,26.4608855],[93.9648613,26.4615675],[93.9627087,26.4595142],[93.9552015,26.4573541],[93.9509851,26.4577312],[93.9474949,26.4599036],[93.9454816,26.4589799],[93.9448728,26.4544449],[93.9487863,26.4496032],[93.9497609,26.4461472],[93.9483917,26.4417364],[93.9437639,26.4414842],[93.9364388,26.4452942],[93.932846,26.4439866],[93.9339799,26.4404245],[93.937963,26.4365571],[93.9394004,26.4311356],[93.9384787,26.4289278],[93.9352825,26.4291625],[93.9305827,26.4331958],[93.929106,26.4321062],[93.9279194,26.4259523],[93.9242887,26.4237826],[93.9199116,26.4240715],[93.915543,26.427006],[93.9112953,26.4264179],[93.9096197,26.4230049],[93.9111376,26.4219025],[93.9157744,26.4250005],[93.9180315,26.4177758],[93.9174456,26.4160468],[93.9128559,26.4164563],[93.9116033,26.4153466],[93.9117002,26.4136584],[93.9165611,26.4105782],[93.9150324,26.4059307],[93.9104879,26.4062342],[93.9038183,26.4103407],[93.9022354,26.4195918],[93.8995037,26.419937],[93.8977543,26.4179045],[93.8987072,26.4116614],[93.891691,26.405416],[93.8901188,26.3957336],[93.8834941,26.3921507],[93.878855,26.3939086],[93.8677008,26.3882809],[93.8653957,26.3890344],[93.8624036,26.3947972],[93.8553822,26.4009295],[93.8499245,26.4029415],[93.8468064,26.4069258],[93.8363562,26.4103081],[93.8342751,26.4136472],[93.8268158,26.4176568],[93.8262612,26.4134867],[93.8226842,26.4101233],[93.822561,26.4054479],[93.8166609,26.3985454],[93.8112342,26.3975864],[93.8095421,26.3946206],[93.806219,26.3959007],[93.8040374,26.3906376],[93.8008902,26.3912543],[93.7991436,26.3878235],[93.7963234,26.3864726],[93.7964357,26.3834264],[93.7946582,26.3815256],[93.7955522,26.3784391],[93.7940609,26.3757621],[93.7884089,26.3764087],[93.7868536,26.3792735],[93.7856014,26.3787176],[93.7804529,26.3821848],[93.7748999,26.3838418],[93.7734343,26.386711],[93.7769279,26.3853957],[93.78073,26.3866754],[93.7811636,26.3894827],[93.7865954,26.3961067],[93.7894217,26.3960993],[93.7907784,26.3978376],[93.7900906,26.3996604],[93.7925933,26.403737],[93.7948636,26.4036165],[93.7991801,26.4086778],[93.7882001,26.4080669],[93.7831923,26.4095169],[93.7799985,26.4172726],[93.7813859,26.4184649],[93.7798458,26.4202104],[93.7815386,26.4218587],[93.7813458,26.4248055],[93.7889539,26.4255775],[93.7939794,26.4284009],[93.7921275,26.431744],[93.7899773,26.431296],[93.7895395,26.4337101],[93.7836998,26.433368],[93.7831644,26.4385666],[93.7944977,26.4400581],[93.7851941,26.4523502],[93.7868659,26.4558804],[93.785631,26.4644947],[93.7836162,26.4632975],[93.7779081,26.4658707],[93.770776,26.4737678],[93.7713452,26.4765346],[93.7755953,26.4732386],[93.7790283,26.4756554],[93.778236,26.4816841],[93.7753668,26.482499],[93.7752286,26.4858474],[93.7721621,26.4884763],[93.7695187,26.4943546],[93.7697666,26.4975545],[93.7633549,26.5014601],[93.7636469,26.5054277],[93.7622734,26.506964],[93.7553059,26.5090911],[93.7575218,26.5155525],[93.7513623,26.5181543],[93.7521763,26.5208498],[93.7569983,26.5206867],[93.7583691,26.5222921],[93.7552165,26.5253525],[93.756066,26.5288959],[93.7435664,26.5273745],[93.7419423,26.5287275],[93.7431292,26.5316124],[93.7399259,26.5341806],[93.7420892,26.5375026],[93.7368797,26.5332218],[93.7316162,26.5380298],[93.7335646,26.5398921],[93.7376523,26.5383883],[93.7390559,26.5397073],[93.7397454,26.5467467],[93.7332627,26.5495994],[93.7366638,26.5511989],[93.7356141,26.5554621],[93.7370485,26.5597346],[93.7395148,26.5570836],[93.7413445,26.5576281],[93.7399853,26.565917],[93.7407832,26.5684076],[93.7446529,26.5710962],[93.7483998,26.5763849],[93.7518521,26.5770106],[93.7521715,26.5787844],[93.7515827,26.5801739],[93.751748,26.5813493],[93.7543015,26.5786663],[93.756206,26.5804511],[93.7567911,26.5855736],[93.7590398,26.5874712],[93.7629615,26.5956661],[93.7627474,26.6066811],[93.7735167,26.6080784],[93.7840067,26.6061469]]]}},{"type":"Feature","properties":{"district":"Golaghat","subdistrict":"Khumtai","dt_code":"313","sdt_code":"02083","dist_lgd":288,"subdt_lgd":2083,"st_nm":"ASSAM"},"geometry":{"type":"Polygon","coordinates":[[[93.8559759,26.7730147],[93.8582045,26.7696625],[93.8624032,26.7702715],[93.8728175,26.7652784],[93.8893695,26.7636981],[93.8943409,26.7476905],[93.8780903,26.7271435],[93.8484501,26.7025854],[93.8512761,26.6980182],[93.8538016,26.6968568],[93.8522354,26.6901198],[93.8554828,26.6872145],[93.8605894,26.687973],[93.8630424,26.6831845],[93.8668472,26.6831792],[93.8755321,26.6777203],[93.8855518,26.6768892],[93.8917703,26.680439],[93.9006056,26.6816852],[93.9031016,26.6794707],[93.9037084,26.6719545],[93.9059127,26.6683789],[93.900606,26.6659988],[93.8980105,26.6556612],[93.8907235,26.6518746],[93.8878079,26.6455309],[93.8983382,26.6345536],[93.9099192,26.6356916],[93.9190539,26.6315962],[93.9320533,26.6229359],[93.9394205,26.6125113],[93.932888,26.6056875],[93.9299914,26.60046],[93.9244181,26.5958225],[93.913303,26.5962047],[93.9104782,26.5783196],[93.9110545,26.5744826],[93.9184412,26.5617753],[93.9170677,26.5608576],[93.8990728,26.5635189],[93.8842743,26.5683927],[93.8748609,26.5608974],[93.8725568,26.5606882],[93.8596827,26.567306],[93.8540174,26.5681323],[93.8454303,26.5733379],[93.8235518,26.5878885],[93.8175922,26.5934318],[93.8076645,26.5978639],[93.7998836,26.6048617],[93.7735167,26.6080784],[93.7627474,26.6066811],[93.7579836,26.6199665],[93.7586469,26.6260521],[93.7704072,26.6364198],[93.785264,26.6443975],[93.8143039,26.6526925],[93.8244706,26.6614702],[93.8271197,26.6682373],[93.8275671,26.6737702],[93.8269118,26.6793815],[93.8241813,26.6834808],[93.8176763,26.685056],[93.8076474,26.6849419],[93.7853318,26.680053],[93.7813459,26.6814046],[93.7805711,26.6830446],[93.7831102,26.6888216],[93.7849404,26.7026621],[93.7848306,26.710387],[93.7767096,26.7277697],[93.777297,26.733147],[93.7757379,26.7407136],[93.7633117,26.7723838],[93.773027,26.7736471],[93.7844961,26.7785617],[93.8037414,26.7941174],[93.8111916,26.796111],[93.8245942,26.7936804],[93.8524029,26.7825936],[93.8565321,26.7788081],[93.8559759,26.7730147]]]}},{"type":"Feature","properties":{"district":"Golaghat","subdistrict":"Dergaon","dt_code":"313","sdt_code":"02084","dist_lgd":288,"subdt_lgd":2084,"st_nm":"ASSAM"},"geometry":{"type":"Polygon","coordinates":[[[93.9724542,26.7672805],[93.994284,26.7670514],[93.9966398,26.7618627],[93.9999995,26.7587276],[94.0004241,26.7467555],[94.0046891,26.7444533],[94.0117532,26.7471941],[94.020278,26.7472821],[94.0249112,26.7430617],[94.0208033,26.7392679],[94.0238732,26.7403623],[94.0278747,26.7395484],[94.0297267,26.7425778],[94.0322766,26.7407384],[94.0331886,26.7379636],[94.0348525,26.7376398],[94.0350716,26.7401897],[94.0386082,26.7423942],[94.0390971,26.7407067],[94.0370179,26.738616],[94.0404021,26.7365333],[94.0430307,26.7365349],[94.0429284,26.7388589],[94.0462962,26.7383961],[94.0410001,26.7301843],[94.0420969,26.7285333],[94.0441762,26.7303171],[94.0460361,26.7297947],[94.0436109,26.7268961],[94.0460043,26.7251466],[94.0382328,26.7215451],[94.041555,26.7208387],[94.0409763,26.7154005],[94.0440432,26.7132318],[94.0369696,26.7113636],[94.0358955,26.709833],[94.040383,26.709344],[94.0416117,26.7058655],[94.0400046,26.7048987],[94.040524,26.7025073],[94.0426692,26.70282],[94.043899,26.6977484],[94.04289,26.6964662],[94.0406384,26.6974847],[94.0421983,26.6943718],[94.0465992,26.6948259],[94.0433942,26.6875041],[94.0450461,26.6887371],[94.0458005,26.6875778],[94.0486337,26.6879585],[94.0491547,26.6828503],[94.0459301,26.6820542],[94.0450448,26.6835971],[94.0433638,26.6811321],[94.0454081,26.6815034],[94.0450333,26.678791],[94.0475229,26.6745369],[94.0514904,26.6758569],[94.0500315,26.6789112],[94.0538291,26.6791389],[94.0539422,26.6751587],[94.052291,26.6730864],[94.0563156,26.6713918],[94.056734,26.6690092],[94.0541866,26.6702399],[94.0528168,26.6680279],[94.0561073,26.6672715],[94.0564458,26.6630315],[94.0587486,26.6653258],[94.0567007,26.666103],[94.0572977,26.667245],[94.0618945,26.6658619],[94.0636386,26.6637958],[94.0662279,26.6682692],[94.0669874,26.6664012],[94.0699408,26.6663754],[94.0669639,26.6634589],[94.0682561,26.6608601],[94.0721418,26.6645531],[94.0733376,26.6636917],[94.0727061,26.6610289],[94.0774521,26.6619017],[94.0795129,26.6584727],[94.0798133,26.660657],[94.0823593,26.6616642],[94.0829579,26.6595389],[94.086354,26.6573783],[94.0865261,26.6536237],[94.0847494,26.6505816],[94.0857847,26.6486549],[94.0896925,26.6469728],[94.0913842,26.648995],[94.0951918,26.646365],[94.0979452,26.6414467],[94.0935516,26.6399023],[94.0982123,26.6378861],[94.0940094,26.6373211],[94.0960651,26.630945],[94.0945388,26.630191],[94.0945997,26.6280384],[94.0830659,26.628351],[94.0881338,26.6242324],[94.086277,26.6215693],[94.0879947,26.620067],[94.0825223,26.6191131],[94.0815188,26.6175604],[94.0832215,26.6160311],[94.0824336,26.6150696],[94.0793447,26.6178304],[94.0803999,26.6159173],[94.0775136,26.6146392],[94.0805467,26.6131826],[94.082938,26.6092979],[94.0862259,26.6105129],[94.0849369,26.607182],[94.0823115,26.6068156],[94.0797225,26.6033534],[94.077202,26.6042461],[94.0749735,26.6032163],[94.0768619,26.6014299],[94.0735001,26.598035],[94.0716269,26.5995957],[94.0702926,26.5976907],[94.0709413,26.5954391],[94.0688936,26.5946891],[94.0723581,26.5930524],[94.0699444,26.5914223],[94.0718332,26.5886612],[94.0750448,26.5905308],[94.0760899,26.588365],[94.0789204,26.5894446],[94.0797498,26.5866063],[94.082471,26.5849736],[94.0807702,26.5831905],[94.0767887,26.5858065],[94.0781904,26.5830316],[94.0768415,26.5801249],[94.0789794,26.5807349],[94.0800644,26.5786368],[94.076055,26.5768934],[94.0780336,26.5744978],[94.0797647,26.575234],[94.0804864,26.5776847],[94.0857674,26.5749833],[94.084662,26.5782457],[94.0885673,26.5770419],[94.0857521,26.5703074],[94.0760749,26.5694915],[94.0706213,26.5714358],[94.0682628,26.5743119],[94.0660227,26.5811485],[94.0520886,26.5948302],[94.0435177,26.5945646],[94.0320885,26.5891973],[94.030961,26.5882011],[94.0319007,26.5844587],[94.030988,26.5823459],[94.0205882,26.5825687],[94.0054337,26.5861207],[93.9843457,26.5884979],[93.9778618,26.5925231],[93.9764201,26.6110698],[93.9718238,26.6283713],[93.9639524,26.632279],[93.9559896,26.630646],[93.9486307,26.6218867],[93.9374901,26.6174498],[93.9345886,26.617943],[93.9306921,26.623995],[93.9116264,26.6354029],[93.8983382,26.6345536],[93.8876778,26.6463239],[93.8896139,26.6473239],[93.8907235,26.6518746],[93.8980105,26.6556612],[93.900606,26.6659988],[93.9059127,26.6683789],[93.9037084,26.6719545],[93.9040371,26.6784889],[93.9006056,26.6816852],[93.8917703,26.680439],[93.8855518,26.6768892],[93.8755321,26.6777203],[93.8668472,26.6831792],[93.8630424,26.6831845],[93.8605894,26.687973],[93.8554828,26.6872145],[93.8522354,26.6901198],[93.8538016,26.6968568],[93.8512761,26.6980182],[93.8484501,26.7025854],[93.8780903,26.7271435],[93.8943409,26.7476905],[93.8893695,26.7636981],[93.931328,26.7799372],[93.940586,26.7855734],[93.9461507,26.7908426],[93.9528629,26.80247],[93.9568631,26.8045983],[93.9614117,26.8066774],[93.9796732,26.809796],[93.9732574,26.7962414],[93.9874728,26.7866688],[93.9793659,26.7816564],[93.9722026,26.7792077],[93.9712429,26.7755502],[93.9724542,26.7672805]]]}},{"type":"Feature","properties":{"district":"Lakhimpur","subdistrict":"Narayanpur","dt_code":"307","sdt_code":"02048","dist_lgd":295,"subdt_lgd":2048,"st_nm":"ASSAM"},"geometry":{"type":"Polygon","coordinates":[[[93.8326281,27.0957623],[93.8385283,27.096496],[93.8413374,27.0935094],[93.8423896,27.0890611],[93.8442644,27.0884818],[93.8537937,27.0927133],[93.8624221,27.0899913],[93.8679543,27.0963968],[93.8743002,27.0939234],[93.8754231,27.0836584],[93.885901,27.0649972],[93.883759,27.0548842],[93.8776802,27.046445],[93.8804426,27.0404316],[93.8779903,27.0291946],[93.880824,27.0272023],[93.8841105,27.021427],[93.8834304,27.0189547],[93.8794887,27.0166708],[93.8790621,27.0150576],[93.8831256,27.0099938],[93.8867454,27.0090485],[93.8864204,27.0003757],[93.8890363,26.9996278],[93.8929126,26.9948961],[93.9009372,26.9943742],[93.9030904,26.9901492],[93.9057168,26.9884049],[93.9010444,26.9805801],[93.901945,26.9765847],[93.9061895,26.975299],[93.905381,26.9723078],[93.9083864,26.9692455],[93.9101996,26.9638578],[93.9196406,26.9610022],[93.9219449,26.9566586],[93.9301424,26.9493969],[93.9307991,26.9439125],[93.9298001,26.9379786],[93.9274747,26.9352923],[93.9112891,26.9287127],[93.9016749,26.9199422],[93.9013796,26.9159682],[93.908508,26.9006558],[93.8916724,26.8922885],[93.8904915,26.8851022],[93.8967994,26.871827],[93.8944227,26.870521],[93.8911965,26.8648763],[93.884873,26.8624686],[93.8811854,26.8577805],[93.8540963,26.8573464],[93.8432391,26.8509439],[93.8355461,26.8512865],[93.832488,26.8469784],[93.8285668,26.83397],[93.8238405,26.8252898],[93.8009319,26.8216313],[93.7872293,26.8306609],[93.7803565,26.8368774],[93.7787821,26.8407101],[93.7699074,26.8448718],[93.7747533,26.847931],[93.7743528,26.8511708],[93.7782163,26.8515888],[93.7780271,26.8550228],[93.7845651,26.8580237],[93.7876652,26.8571097],[93.7891124,26.8593489],[93.7893724,26.8613617],[93.786036,26.8620635],[93.7876295,26.8638967],[93.7850029,26.864062],[93.786652,26.8655928],[93.7804662,26.8735264],[93.779904,26.8777092],[93.7812139,26.881785],[93.7796625,26.8834446],[93.7807072,26.8857378],[93.7778102,26.8837863],[93.7751031,26.8888881],[93.7612671,26.8899918],[93.7581092,26.8922455],[93.7529011,26.8914512],[93.7490513,26.8955857],[93.7460368,26.8952597],[93.7427132,26.898043],[93.7395157,26.8986222],[93.7392086,26.900982],[93.7425688,26.9040164],[93.7392671,26.9093845],[93.7423114,26.9110421],[93.7417983,26.9125015],[93.7488862,26.9140382],[93.7459624,26.9364919],[93.7419116,26.9402248],[93.7435631,26.9429935],[93.7443111,26.9496764],[93.7438571,26.9585366],[93.7389409,26.9624665],[93.7365638,26.9675946],[93.7287403,26.9707005],[93.7236278,26.9699143],[93.7211786,26.9742299],[93.7215984,26.9763821],[93.718331,26.9781351],[93.7188015,26.9806754],[93.715597,26.9792018],[93.7141376,26.9809129],[93.7110498,26.9805222],[93.7109562,26.9834915],[93.7084831,26.98352],[93.7088371,26.9854421],[93.7044053,26.9866269],[93.7010272,26.9894039],[93.6992035,26.98894],[93.698958,26.9911016],[93.7008725,26.9916873],[93.6977834,26.9942031],[93.7089074,27.0081072],[93.7233802,27.0208142],[93.7329818,27.0259436],[93.7435301,27.0276921],[93.7674246,27.0394391],[93.7667264,27.0529084],[93.76799,27.0544527],[93.7678619,27.0512802],[93.7718509,27.0540765],[93.7708709,27.0620358],[93.7782813,27.0489367],[93.779569,27.0580574],[93.7810904,27.0588166],[93.7811858,27.0655177],[93.7830365,27.0643547],[93.7837929,27.0514539],[93.789418,27.0505955],[93.7901323,27.0524551],[93.7938302,27.054524],[93.7944096,27.0619203],[93.7952245,27.0570067],[93.8002238,27.0578532],[93.7986955,27.0595401],[93.7997034,27.0598611],[93.7987894,27.062392],[93.7930442,27.0682777],[93.7937822,27.0723394],[93.7952741,27.0724575],[93.7968417,27.06527],[93.8033586,27.0580579],[93.8076771,27.0598063],[93.8113923,27.0589371],[93.8084094,27.0659256],[93.8107423,27.06747],[93.8149947,27.0614567],[93.8189197,27.0643689],[93.8212131,27.0643968],[93.8219878,27.0677725],[93.8274122,27.0659423],[93.8292266,27.0668138],[93.8286107,27.0688533],[93.8298007,27.0679738],[93.8356709,27.0742975],[93.835604,27.0781963],[93.8331982,27.0815575],[93.8377744,27.0853718],[93.8315023,27.0867779],[93.8314049,27.0909113],[93.8266656,27.0969808],[93.8326281,27.0957623]]]}},{"type":"Feature","properties":{"district":"Lakhimpur","subdistrict":"Bihpuria","dt_code":"307","sdt_code":"02049","dist_lgd":295,"subdt_lgd":2049,"st_nm":"ASSAM"},"geometry":{"type":"Polygon","coordinates":[[[93.8846227,27.199735],[93.9194314,27.1844709],[93.9233874,27.1781703],[93.9260381,27.1773631],[93.9258845,27.1703885],[93.9128267,27.1724045],[93.9116294,27.1697378],[93.9160535,27.1607848],[93.9195427,27.1573496],[93.9246913,27.1551507],[93.925816,27.1501619],[93.9373806,27.1497095],[93.9461618,27.145386],[93.9550188,27.1328639],[93.9564498,27.1322871],[93.9574694,27.1345053],[93.9587941,27.1341014],[93.9596248,27.1291499],[93.9707152,27.1202867],[93.9762112,27.1214119],[93.9799255,27.1189969],[93.9842638,27.1198673],[93.9876268,27.1185255],[93.9896831,27.1150766],[93.9952369,27.1107834],[93.9972239,27.112537],[94.0030074,27.1075607],[94.0112755,27.1083855],[94.0199233,27.1036972],[94.0179182,27.1017819],[94.0208942,27.0976898],[94.0195397,27.0969017],[94.0190235,27.0921721],[94.0168358,27.0910731],[94.0199597,27.0900277],[94.0178009,27.08878],[94.0219085,27.0812527],[94.0256554,27.077843],[94.0263783,27.0790043],[94.0277768,27.0783481],[94.0291431,27.0724156],[94.0315675,27.0749597],[94.0323266,27.0726644],[94.034396,27.0736236],[94.0369625,27.0723928],[94.0338328,27.0698981],[94.0343327,27.0669272],[94.036742,27.0645966],[94.0327943,27.059499],[94.039387,27.0611262],[94.0322158,27.054726],[94.0329544,27.0528616],[94.035569,27.0520657],[94.0337257,27.050081],[94.0372234,27.0488176],[94.0341341,27.0461551],[94.0368721,27.0422041],[94.0389714,27.0431299],[94.0391484,27.0403576],[94.0429655,27.0419572],[94.0412628,27.0394873],[94.0464089,27.0381784],[94.0466191,27.0357726],[94.0415679,27.034866],[94.0415674,27.0334383],[94.0498531,27.0263799],[94.0482066,27.0245043],[94.0443811,27.0236107],[94.0459735,27.0212653],[94.04735,27.022358],[94.0504855,27.0212289],[94.0491371,27.0192653],[94.0462145,27.0186228],[94.0492359,27.0174938],[94.0484638,27.0132867],[94.0409151,27.0155365],[94.038072,27.0145853],[94.0409734,27.0083058],[94.0405103,27.0039536],[94.0485537,27.0050107],[94.0541885,26.9997861],[94.0621968,26.9979848],[94.0655683,27.000196],[94.0603851,27.0050343],[94.0614131,27.0079031],[94.0679351,27.005551],[94.0694653,27.0029975],[94.0617382,26.9904532],[94.0664026,26.9846846],[94.0553672,26.9864996],[94.0522954,26.9797151],[94.0442617,26.9778984],[94.0408236,26.9757303],[94.038413,26.9714193],[94.0385043,26.9688201],[94.0339533,26.962522],[94.0265245,26.9590782],[94.0243544,26.956536],[94.0246341,26.9472403],[94.0269036,26.9385101],[94.024556,26.9328179],[94.0091129,26.9305584],[94.0064823,26.9363683],[94.0009613,26.9416161],[93.9966134,26.9423153],[93.9846816,26.9289268],[93.9805584,26.9255502],[93.9736494,26.9226833],[93.9690424,26.9231702],[93.9613622,26.9271618],[93.9339522,26.9310398],[93.9261241,26.9303648],[93.9178224,26.9241114],[93.9168736,26.9197077],[93.9188488,26.9109229],[93.9134719,26.904193],[93.908508,26.9006558],[93.9013796,26.9159682],[93.9013001,26.9191726],[93.9047427,26.9237619],[93.9112891,26.9287127],[93.9288298,26.9364708],[93.9308283,26.947978],[93.9219449,26.9566586],[93.9196406,26.9610022],[93.9096435,26.9644267],[93.9083864,26.9692455],[93.905381,26.9723078],[93.9061895,26.975299],[93.9022847,26.9760823],[93.9010004,26.9801825],[93.9057168,26.9884049],[93.9030904,26.9901492],[93.9009372,26.9943742],[93.8929126,26.9948961],[93.8890363,26.9996278],[93.8864204,27.0003757],[93.8867454,27.0090485],[93.8831256,27.0099938],[93.8790621,27.0150576],[93.8794887,27.0166708],[93.8834304,27.0189547],[93.8841105,27.021427],[93.880824,27.0272023],[93.8779903,27.0291946],[93.8804426,27.0404316],[93.8776802,27.046445],[93.883759,27.0548842],[93.885901,27.0649972],[93.8754231,27.0836584],[93.8743002,27.0939234],[93.8679543,27.0963968],[93.8624221,27.0899913],[93.8537937,27.0927133],[93.8433739,27.0885368],[93.8385283,27.096496],[93.8326281,27.0957623],[93.8266656,27.0969808],[93.8255612,27.103594],[93.8265962,27.1120598],[93.8214634,27.1217056],[93.8188002,27.1227199],[93.8140453,27.121283],[93.8094348,27.1233432],[93.8129365,27.1292966],[93.8121235,27.1311284],[93.8070249,27.1306612],[93.8031905,27.1327802],[93.7989917,27.1290823],[93.796914,27.1289367],[93.7943827,27.1352889],[93.7959698,27.1376453],[93.8053918,27.1371268],[93.805995,27.1487602],[93.8253463,27.1684787],[93.8387097,27.1723364],[93.8598721,27.1934765],[93.8642267,27.1961527],[93.8799616,27.2152],[93.8818231,27.2042367],[93.8846227,27.199735]]]}},{"type":"Feature","properties":{"district":"Majuli","subdistrict":"Majuli","dt_code":"760","sdt_code":"02076","dist_lgd":706,"subdt_lgd":2076,"st_nm":"ASSAM"},"geometry":{"type":"Polygon","coordinates":[[[94.5686506,27.1788865],[94.5930355,27.1457066],[94.5824064,27.1367427],[94.5787768,27.1269168],[94.5729,27.1175054],[94.5626676,27.1047584],[94.5529413,27.096624],[94.5476472,27.0817987],[94.5443139,27.0770004],[94.5392286,27.0724365],[94.5328472,27.0697811],[94.5127474,27.0482287],[94.501658,27.0399812],[94.4798503,27.0335989],[94.4753263,27.031102],[94.4663095,27.0188119],[94.4602839,27.0008885],[94.4601736,26.9954417],[94.4525595,26.9906549],[94.4432028,26.9874292],[94.4295755,26.9743256],[94.3978485,26.9591669],[94.3952829,26.954927],[94.3967104,26.9526142],[94.3837484,26.9378567],[94.3760513,26.9206097],[94.3616034,26.9095691],[94.3489067,26.8960141],[94.3321164,26.882556],[94.3121878,26.87839],[94.3040184,26.9092366],[94.2821008,26.9065628],[94.2725354,26.9087438],[94.2537476,26.9081568],[94.2484506,26.9098377],[94.2402365,26.9171168],[94.2266462,26.9231553],[94.2172068,26.9259383],[94.2092752,26.9263637],[94.2042758,26.9249193],[94.1928658,26.9119904],[94.1421962,26.8989719],[94.128603,26.8923211],[94.1199205,26.8912617],[94.1126725,26.8927239],[94.1007727,26.8924477],[94.0936757,26.8851157],[94.0874965,26.8813577],[94.0815733,26.8848113],[94.072762,26.8812445],[94.0600847,26.8802712],[94.0561626,26.8822323],[94.0497054,26.8789094],[94.0374943,26.8745996],[94.0331053,26.874726],[94.0129311,26.8664811],[94.0047743,26.8652773],[94.0056371,26.8693391],[93.9966149,26.8662707],[93.9966026,26.8539285],[94.0048247,26.8215978],[93.9926365,26.821503],[93.985243,26.8177133],[93.9796732,26.809796],[93.9614117,26.8066774],[93.9568631,26.8045983],[93.9528629,26.80247],[93.9461507,26.7908426],[93.940586,26.7855734],[93.931328,26.7799372],[93.8893256,26.763663],[93.8728175,26.7652784],[93.8624032,26.7702715],[93.8582045,26.7696625],[93.8559759,26.7730147],[93.8565321,26.7788081],[93.8524029,26.7825936],[93.8245942,26.7936804],[93.8137201,26.7960204],[93.8037414,26.7941174],[93.7844961,26.7785617],[93.773027,26.7736471],[93.764648,26.7723167],[93.7479297,26.7746894],[93.7390655,26.7740797],[93.7467692,26.777792],[93.7551501,26.7931925],[93.7538535,26.8071239],[93.7602263,26.8224698],[93.7586782,26.8320143],[93.7665486,26.8432005],[93.7699074,26.8448718],[93.7787821,26.8407101],[93.7803565,26.8368774],[93.7872293,26.8306609],[93.8009319,26.8216313],[93.8238405,26.8252898],[93.8351256,26.8510625],[93.8432391,26.8509439],[93.8540963,26.8573464],[93.8811854,26.8577805],[93.884873,26.8624686],[93.8918058,26.8654702],[93.8944227,26.870521],[93.8967994,26.871827],[93.8904915,26.8851022],[93.8916724,26.8922885],[93.9107226,26.9018668],[93.9165407,26.9074777],[93.9189607,26.9117063],[93.9171749,26.9228407],[93.9224446,26.9282944],[93.9261241,26.9303648],[93.9339522,26.9310398],[93.9613622,26.9271618],[93.9690424,26.9231702],[93.9736494,26.9226833],[93.9805584,26.9255502],[93.9846816,26.9289268],[93.9966134,26.9423153],[94.0009613,26.9416161],[94.0064823,26.9363683],[94.0091129,26.9305584],[94.0228148,26.9320043],[94.024556,26.9328179],[94.0269036,26.9385101],[94.0246341,26.9472403],[94.0243544,26.956536],[94.0265245,26.9590782],[94.0339533,26.962522],[94.0385043,26.9688201],[94.038413,26.9714193],[94.0408236,26.9757303],[94.0442617,26.9778984],[94.0602046,26.9830064],[94.0677493,26.9767554],[94.073309,26.9633869],[94.0751201,26.9613028],[94.0799705,26.9599779],[94.0863359,26.9604674],[94.1027048,26.9699207],[94.1200167,26.9707623],[94.134333,26.9687936],[94.1399775,26.9753026],[94.1338936,26.988339],[94.1523366,26.9945646],[94.1581326,27.0002945],[94.1689045,27.0004001],[94.1715608,27.0017261],[94.1836623,27.0002328],[94.1877112,27.002857],[94.1918557,27.0112305],[94.1876083,27.0290558],[94.1873068,27.0361512],[94.1947387,27.0359424],[94.2027687,27.030035],[94.2140738,27.0296143],[94.2231024,27.0317082],[94.2246369,27.0346559],[94.2224527,27.0367846],[94.2267901,27.0462091],[94.2270677,27.0568357],[94.2363839,27.0740702],[94.243612,27.0784796],[94.2544351,27.0882904],[94.2725529,27.095223],[94.2801362,27.0948316],[94.2979092,27.0873025],[94.3058027,27.0742523],[94.3119091,27.0712635],[94.3154116,27.0726099],[94.3182488,27.083369],[94.3237362,27.0885652],[94.326519,27.0891439],[94.338828,27.08214],[94.3490811,27.0854638],[94.3617434,27.0966706],[94.3696187,27.0991126],[94.3767431,27.0988196],[94.3847044,27.0964369],[94.3929533,27.098995],[94.4180959,27.0930834],[94.4220393,27.0950633],[94.424345,27.0987493],[94.4261965,27.113658],[94.4304946,27.1176095],[94.4379493,27.1199846],[94.4507116,27.117736],[94.4605867,27.1122841],[94.4651606,27.1126379],[94.4715341,27.118288],[94.4750527,27.1345035],[94.4802116,27.1392966],[94.4883317,27.1336455],[94.4909379,27.127132],[94.4952197,27.1222595],[94.505702,27.1209837],[94.5098739,27.1254048],[94.510284,27.1312266],[94.5088242,27.1373026],[94.5106396,27.142392],[94.5154743,27.1437285],[94.5287675,27.1439004],[94.5331557,27.147838],[94.5314446,27.1527772],[94.5242282,27.1580492],[94.527127,27.1632156],[94.5423429,27.1721807],[94.5562958,27.174701],[94.5611438,27.1838645],[94.5686506,27.1788865]]]}},{"type":"Feature","properties":{"district":"Jorhat","subdistrict":"Jorhat West","dt_code":"312","sdt_code":"02077","dist_lgd":290,"subdt_lgd":2077,"st_nm":"ASSAM"},"geometry":{"type":"Polygon","coordinates":[[[94.2579436,26.9078004],[94.2725354,26.9087438],[94.2821008,26.9065628],[94.3040184,26.9092366],[94.3121878,26.87839],[94.3004411,26.8773984],[94.2921812,26.8720694],[94.2849098,26.8732381],[94.2626749,26.8671121],[94.2445072,26.867313],[94.2425264,26.8663916],[94.2526525,26.8581306],[94.2469161,26.8493405],[94.2161857,26.8375392],[94.2160794,26.8357132],[94.2192454,26.8314858],[94.2173015,26.8191264],[94.2201493,26.8067793],[94.2182176,26.7958513],[94.2199046,26.7767591],[94.2182615,26.7705953],[94.2160022,26.7686964],[94.2105189,26.7744778],[94.2029153,26.7716312],[94.1938952,26.756645],[94.1905848,26.7547068],[94.1946043,26.750984],[94.2056316,26.7528035],[94.213985,26.748597],[94.2203075,26.7507088],[94.2220909,26.7479496],[94.2284642,26.7239971],[94.2319627,26.7165593],[94.2321421,26.7110803],[94.2339862,26.7096599],[94.2353722,26.6923101],[94.2383156,26.6793456],[94.2359453,26.6689768],[94.2276444,26.6729037],[94.2033091,26.6747884],[94.189431,26.6714903],[94.1829827,26.6667016],[94.1778759,26.6653465],[94.171936,26.6660632],[94.1651273,26.6706665],[94.1574701,26.6699354],[94.1510315,26.6676049],[94.1492138,26.6646728],[94.1470407,26.6643852],[94.1424809,26.6647846],[94.141233,26.6704496],[94.1388444,26.6717595],[94.1329058,26.6729844],[94.1264041,26.6717382],[94.1148184,26.6757026],[94.112415,26.6718322],[94.1095548,26.6726141],[94.1086558,26.6715484],[94.1098544,26.6682076],[94.106137,26.6639869],[94.1116612,26.6628161],[94.1122329,26.6610825],[94.1102255,26.6556728],[94.1036524,26.6527268],[94.1028538,26.6476738],[94.0963875,26.6447973],[94.0913842,26.648995],[94.090506,26.6471671],[94.0875178,26.6472836],[94.0847494,26.6505816],[94.0865261,26.6536237],[94.086354,26.6573783],[94.0829579,26.6595389],[94.0823593,26.6616642],[94.0798133,26.660657],[94.0795129,26.6584727],[94.0774521,26.6619017],[94.0727061,26.6610289],[94.0733376,26.6636917],[94.0721418,26.6645531],[94.0682561,26.6608601],[94.0669639,26.6634589],[94.0699408,26.6663754],[94.0669874,26.6664012],[94.0662279,26.6682692],[94.0636386,26.6637958],[94.0618945,26.6658619],[94.0572977,26.667245],[94.0567007,26.666103],[94.0587486,26.6653258],[94.0564458,26.6630315],[94.0561073,26.6672715],[94.0528168,26.6680279],[94.0541866,26.6702399],[94.056734,26.6690092],[94.0563156,26.6713918],[94.052291,26.6730864],[94.0539422,26.6751587],[94.0538291,26.6791389],[94.0500315,26.6789112],[94.0514904,26.6758569],[94.0475229,26.6745369],[94.0450333,26.678791],[94.0454081,26.6815034],[94.0433638,26.6811321],[94.0450448,26.6835971],[94.0459301,26.6820542],[94.0491547,26.6828503],[94.0486337,26.6879585],[94.0458005,26.6875778],[94.0450461,26.6887371],[94.0433942,26.6875041],[94.0465992,26.6948259],[94.0421983,26.6943718],[94.0406384,26.6974847],[94.04289,26.6964662],[94.043899,26.6977484],[94.0426692,26.70282],[94.040524,26.7025073],[94.0400046,26.7048987],[94.0416117,26.7058655],[94.040383,26.709344],[94.0358955,26.709833],[94.0369696,26.7113636],[94.0440432,26.7132318],[94.0409763,26.7154005],[94.041555,26.7208387],[94.0382328,26.7215451],[94.0460043,26.7251466],[94.0436109,26.7268961],[94.0460361,26.7297947],[94.0441762,26.7303171],[94.0420969,26.7285333],[94.0410001,26.7301843],[94.0461402,26.7386623],[94.0423807,26.7386736],[94.0430307,26.7365349],[94.0404021,26.7365333],[94.0370179,26.738616],[94.0390971,26.7407067],[94.0386082,26.7423942],[94.0350716,26.7401897],[94.0348525,26.7376398],[94.0331886,26.7379636],[94.0322766,26.7407384],[94.0297267,26.7425778],[94.0278747,26.7395484],[94.0238732,26.7403623],[94.0208033,26.7392679],[94.0249112,26.7430617],[94.020278,26.7472821],[94.0117532,26.7471941],[94.0046891,26.7444533],[94.0004241,26.7467555],[93.9999995,26.7587276],[93.9966398,26.7618627],[93.994284,26.7670514],[93.9723481,26.7672849],[93.9712429,26.7755502],[93.9722026,26.7792077],[93.9793659,26.7816564],[93.9874728,26.7866688],[93.9732574,26.7962414],[93.9801205,26.8107481],[93.985243,26.8177133],[93.9906806,26.8207374],[93.9966217,26.8223863],[94.0048247,26.8215978],[93.9966026,26.8539285],[93.9966149,26.8662707],[94.0056371,26.8693391],[94.0047743,26.8652773],[94.0129311,26.8664811],[94.0331053,26.874726],[94.0374943,26.8745996],[94.0497054,26.8789094],[94.0561626,26.8822323],[94.0600847,26.8802712],[94.072762,26.8812445],[94.0815733,26.8848113],[94.0874965,26.8813577],[94.0936757,26.8851157],[94.1007727,26.8924477],[94.1126725,26.8927239],[94.1199205,26.8912617],[94.128603,26.8923211],[94.1421962,26.8989719],[94.1928658,26.9119904],[94.2042758,26.9249193],[94.2092752,26.9263637],[94.2172068,26.9259383],[94.2266462,26.9231553],[94.2402365,26.9171168],[94.2484506,26.9098377],[94.2579436,26.9078004]]]}},{"type":"Feature","properties":{"district":"Jorhat","subdistrict":"Jorhat East","dt_code":"312","sdt_code":"02078","dist_lgd":290,"subdt_lgd":2078,"st_nm":"ASSAM"},"geometry":{"type":"Polygon","coordinates":[[[94.3388838,26.8792004],[94.341337,26.8651137],[94.3455271,26.8559458],[94.3487653,26.8415269],[94.351932,26.8331196],[94.3567374,26.8288626],[94.3570262,26.8221138],[94.3594945,26.8219842],[94.3716623,26.829275],[94.3751082,26.8293847],[94.3779863,26.8273573],[94.3805229,26.8175526],[94.3214924,26.7961251],[94.2688083,26.7790031],[94.2668105,26.7713961],[94.2715207,26.7591351],[94.2721972,26.736355],[94.2781663,26.7340191],[94.278767,26.7252326],[94.2811099,26.7217051],[94.2798861,26.7192646],[94.2846983,26.7164069],[94.2862405,26.7124152],[94.2931759,26.7102588],[94.2914851,26.7063384],[94.2945955,26.7043077],[94.2937846,26.701113],[94.2969692,26.6992992],[94.2969795,26.6945517],[94.3010482,26.6908658],[94.277919,26.6913233],[94.2567748,26.7014028],[94.2542576,26.7042743],[94.240968,26.7084407],[94.2350303,26.7083993],[94.2321421,26.7110803],[94.2319627,26.7165593],[94.2284642,26.7239971],[94.2246977,26.7409963],[94.2206381,26.7505443],[94.2145774,26.7485431],[94.2056316,26.7528035],[94.1946043,26.750984],[94.1905848,26.7547068],[94.1938952,26.756645],[94.2029153,26.7716312],[94.2105189,26.7744778],[94.2160022,26.7686964],[94.2182615,26.7705953],[94.2199046,26.7767591],[94.2182176,26.7958513],[94.2201493,26.8067793],[94.2173015,26.8191264],[94.2192454,26.8314858],[94.2160794,26.8357132],[94.2166859,26.8384339],[94.2469161,26.8493405],[94.2526525,26.8581306],[94.2425264,26.8663916],[94.2445072,26.867313],[94.2556061,26.8663028],[94.2713828,26.8687707],[94.2849098,26.8732381],[94.2921812,26.8720694],[94.3004411,26.8773984],[94.3202203,26.8794441],[94.3321164,26.882556],[94.335452,26.8850307],[94.3388838,26.8792004]]]}},{"type":"Feature","properties":{"district":"Jorhat","subdistrict":"Teok","dt_code":"312","sdt_code":"02079","dist_lgd":290,"subdt_lgd":2079,"st_nm":"ASSAM"},"geometry":{"type":"Polygon","coordinates":[[[94.4057927,26.9330426],[94.4069101,26.9372945],[94.4113913,26.9400707],[94.4150013,26.9400075],[94.4178373,26.9432874],[94.4196339,26.9399654],[94.4220147,26.9418778],[94.4275938,26.9370145],[94.432522,26.9396591],[94.4375083,26.9353432],[94.4496292,26.9392813],[94.4540107,26.9385095],[94.4594822,26.9422308],[94.4643642,26.9412279],[94.4688061,26.934249],[94.4742245,26.9354969],[94.4741171,26.9326591],[94.478149,26.9286721],[94.479638,26.9243146],[94.4787552,26.9169081],[94.4817757,26.9132703],[94.4762793,26.9099022],[94.481985,26.9053718],[94.4784907,26.8968283],[94.4745982,26.8944385],[94.4741568,26.8926152],[94.4791098,26.8883478],[94.4803947,26.8842],[94.484816,26.8842643],[94.4883887,26.8805801],[94.4929411,26.8820659],[94.4920559,26.8746943],[94.4966446,26.8673569],[94.4936805,26.8636745],[94.495161,26.8604647],[94.4900806,26.8597212],[94.4884738,26.8557576],[94.4913476,26.8518454],[94.4910459,26.8479479],[94.4931057,26.8454947],[94.4891349,26.8424571],[94.4899305,26.8394838],[94.4857204,26.8312463],[94.4877211,26.8286567],[94.4977321,26.8248188],[94.5036673,26.8261584],[94.5039538,26.8217091],[94.5096665,26.817937],[94.5093751,26.8128193],[94.5153646,26.8134335],[94.5170605,26.8123428],[94.5176892,26.8019956],[94.5214461,26.8069671],[94.522471,26.802726],[94.5258429,26.79989],[94.5248185,26.7982196],[94.5175233,26.7968331],[94.5153024,26.7950759],[94.5162337,26.7939664],[94.5193154,26.7948354],[94.5193848,26.790598],[94.5234381,26.7902265],[94.5242488,26.7888914],[94.521467,26.7847827],[94.5168125,26.783308],[94.5164251,26.7784204],[94.5119036,26.7750051],[94.5122034,26.7719954],[94.5225113,26.7703609],[94.5227638,26.7691292],[94.5178894,26.7669864],[94.5178511,26.764933],[94.5223942,26.7664844],[94.5260959,26.7648219],[94.5287411,26.7580864],[94.5345702,26.754584],[94.5366105,26.7551134],[94.5352815,26.7575584],[94.5360433,26.7602575],[94.5380489,26.7604664],[94.5404398,26.7565057],[94.5458199,26.7547309],[94.5498808,26.7484887],[94.5565055,26.7566953],[94.5586219,26.7566874],[94.5639337,26.750512],[94.5727545,26.7522216],[94.5708994,26.7429347],[94.5795918,26.7382313],[94.5800458,26.7344001],[94.5845542,26.7337427],[94.584183,26.7322083],[94.5797961,26.7307177],[94.5844472,26.7246947],[94.5907254,26.725226],[94.586324,26.7231636],[94.5575688,26.7276707],[94.5558909,26.7290308],[94.5559217,26.7340215],[94.5510943,26.7334454],[94.5360127,26.7357622],[94.5325851,26.7378642],[94.5321632,26.7428077],[94.5242138,26.7435463],[94.4828234,26.7431471],[94.4737236,26.7389792],[94.4627553,26.7386093],[94.4431592,26.7352203],[94.4300044,26.7298862],[94.4188448,26.7309157],[94.4113584,26.7256011],[94.3737646,26.7260517],[94.3641118,26.711803],[94.3631624,26.7072604],[94.365107,26.7012396],[94.3643641,26.6884638],[94.3674713,26.6840806],[94.3728943,26.670656],[94.3612404,26.6636826],[94.3511503,26.6596381],[94.3296611,26.65559],[94.3268599,26.656779],[94.325588,26.6601302],[94.3219637,26.6612975],[94.322308,26.66414],[94.3184284,26.6630585],[94.318886,26.6688525],[94.3150169,26.6743337],[94.3107401,26.6769227],[94.310303,26.684109],[94.3043267,26.6903513],[94.2969795,26.6945517],[94.2969692,26.6992992],[94.2937846,26.701113],[94.2945955,26.7043077],[94.2914851,26.7063384],[94.2931759,26.7102588],[94.2862405,26.7124152],[94.2846983,26.7164069],[94.2798861,26.7192646],[94.2811099,26.7217051],[94.278767,26.7252326],[94.2781663,26.7340191],[94.2721972,26.736355],[94.2715207,26.7591351],[94.2670138,26.7701022],[94.2673822,26.7752876],[94.2695451,26.7795245],[94.3214924,26.7961251],[94.3805229,26.8175526],[94.3779863,26.8273573],[94.3751082,26.8293847],[94.3716623,26.829275],[94.3594945,26.8219842],[94.3570262,26.8221138],[94.3567374,26.8288626],[94.351183,26.8345056],[94.345368,26.8564447],[94.341337,26.8651137],[94.3388838,26.8792004],[94.335452,26.8850307],[94.3489067,26.8960141],[94.3616034,26.9095691],[94.3760513,26.9206097],[94.3837484,26.9378567],[94.3967103,26.9526141],[94.4057927,26.9330426]]]}},{"type":"Feature","properties":{"district":"Sivasagar","subdistrict":"Amguri","dt_code":"311","sdt_code":"02072","dist_lgd":300,"subdt_lgd":2072,"st_nm":"ASSAM"},"geometry":{"type":"Polygon","coordinates":[[[94.6629577,26.9566524],[94.6722729,26.9514825],[94.6716517,26.9494392],[94.6581631,26.9363759],[94.6576258,26.9343497],[94.6526083,26.9314244],[94.6439582,26.9204794],[94.6451402,26.9148172],[94.6489027,26.9106566],[94.6535809,26.9142273],[94.6590168,26.9138224],[94.6612441,26.9121236],[94.660317,26.9104274],[94.6650154,26.9010141],[94.6787317,26.8847514],[94.6580848,26.8842096],[94.6441276,26.8796833],[94.6195305,26.8765043],[94.6073585,26.8658562],[94.6004599,26.8618291],[94.5993125,26.8595722],[94.6008785,26.8554372],[94.603953,26.8534386],[94.6097742,26.8505447],[94.6152035,26.8507974],[94.6198829,26.8461831],[94.6237479,26.8457843],[94.6254528,26.844099],[94.6275973,26.8369049],[94.6258734,26.8325187],[94.6293502,26.8274326],[94.6299912,26.8206478],[94.6320952,26.8157741],[94.6367242,26.8103989],[94.6373543,26.80218],[94.6343035,26.7967937],[94.6432543,26.7950969],[94.648846,26.7981489],[94.653045,26.7900429],[94.6448526,26.7890691],[94.6459866,26.7789214],[94.6335721,26.7790839],[94.6261925,26.7761379],[94.6269925,26.7728185],[94.6295705,26.7712821],[94.6342196,26.771963],[94.634512,26.7701064],[94.6386416,26.7691428],[94.6451273,26.7689708],[94.6522534,26.7642424],[94.6566058,26.758953],[94.6665953,26.7538129],[94.6690211,26.7505226],[94.673663,26.7363468],[94.6824147,26.7283552],[94.6530154,26.7187533],[94.6487645,26.7204238],[94.6416437,26.7204068],[94.6358241,26.717086],[94.6242715,26.7152859],[94.6223972,26.713016],[94.619126,26.7119915],[94.620804,26.7227905],[94.6158235,26.7265629],[94.6080639,26.7288277],[94.6101939,26.7353127],[94.6092387,26.7371944],[94.6076857,26.7372123],[94.6062286,26.7339224],[94.5996547,26.7348961],[94.5956292,26.7337581],[94.5934086,26.7308921],[94.5953799,26.7259511],[94.5846131,26.7245954],[94.5797961,26.7307177],[94.584183,26.7322083],[94.5845542,26.7337427],[94.5800458,26.7344001],[94.5795918,26.7382313],[94.5706328,26.7433589],[94.5727545,26.7522216],[94.5639337,26.750512],[94.5586219,26.7566874],[94.5565055,26.7566953],[94.5498808,26.7484887],[94.5458199,26.7547309],[94.5404398,26.7565057],[94.5380489,26.7604664],[94.5360433,26.7602575],[94.5352815,26.7575584],[94.5366105,26.7551134],[94.5345702,26.754584],[94.5287411,26.7580864],[94.5260959,26.7648219],[94.5223942,26.7664844],[94.5178511,26.764933],[94.5185874,26.7677044],[94.5230094,26.7699686],[94.5128626,26.7713506],[94.5116381,26.7740347],[94.5164251,26.7784204],[94.5168125,26.783308],[94.521467,26.7847827],[94.5243085,26.7896134],[94.5193848,26.790598],[94.5193154,26.7948354],[94.5162337,26.7939664],[94.5153024,26.7950759],[94.5175233,26.7968331],[94.5248185,26.7982196],[94.5255755,26.8007923],[94.522471,26.802726],[94.5214461,26.8069671],[94.5176892,26.8019956],[94.5170605,26.8123428],[94.5153646,26.8134335],[94.5093751,26.8128193],[94.5096665,26.817937],[94.5039538,26.8217091],[94.5036673,26.8261584],[94.4994548,26.8245749],[94.496833,26.8251053],[94.4943666,26.8270396],[94.4877211,26.8286567],[94.4857555,26.8321898],[94.4898233,26.8391567],[94.4891349,26.8424571],[94.4929702,26.8447472],[94.4936991,26.8548473],[94.505084,26.8700435],[94.5194022,26.9024903],[94.5222399,26.9114669],[94.5179862,26.9199906],[94.5317906,26.9488543],[94.5379331,26.9486291],[94.5515108,26.9520881],[94.6629577,26.9566524]]]}},{"type":"Feature","properties":{"district":"Sivasagar","subdistrict":"Sibsagar","dt_code":"311","sdt_code":"02071","dist_lgd":300,"subdt_lgd":2071,"st_nm":"ASSAM"},"geometry":{"type":"Polygon","coordinates":[[[94.5642835,27.0766384],[94.5646634,27.0691897],[94.5704431,27.0715666],[94.5729214,27.0765698],[94.5816983,27.0704379],[94.584605,27.0764664],[94.5893157,27.0776609],[94.6029282,27.0672322],[94.6077353,27.066001],[94.6186402,27.0684676],[94.6268238,27.0765319],[94.6281975,27.0749038],[94.6289781,27.065172],[94.6367629,27.0631455],[94.6418347,27.0636222],[94.6443639,27.0610525],[94.6484116,27.0600977],[94.6505816,27.0560446],[94.6609989,27.0448996],[94.6675986,27.0397846],[94.6718833,27.0448129],[94.6715266,27.0500469],[94.6777041,27.0531134],[94.6811518,27.0531573],[94.6862111,27.0503633],[94.6888241,27.0433826],[94.694743,27.040082],[94.697076,27.0357101],[94.7014984,27.0372149],[94.7084224,27.0442382],[94.7125171,27.0449359],[94.7139564,27.042253],[94.7093306,27.0367238],[94.713093,27.032352],[94.722064,27.031699],[94.720724,27.0372914],[94.7227772,27.0406941],[94.7285318,27.0357222],[94.7321203,27.0351684],[94.7306023,27.030927],[94.7337939,27.0225949],[94.7289978,27.0160335],[94.7375832,27.0169328],[94.7432048,27.0121031],[94.7440553,27.0103513],[94.7430322,27.0092806],[94.7342492,27.0062545],[94.744733,26.9990639],[94.7499325,26.9888002],[94.7519111,26.9882669],[94.7580202,26.9940779],[94.7612452,26.9942636],[94.7636719,26.9925997],[94.76708,26.9853767],[94.7724962,26.9833994],[94.7820959,26.9892522],[94.7776832,26.9798472],[94.758608,26.9613551],[94.7545555,26.9545746],[94.742028,26.9440436],[94.733828,26.9325112],[94.7291323,26.9328273],[94.7228863,26.9394586],[94.7169109,26.9383995],[94.7113821,26.9443167],[94.7089803,26.9442037],[94.7047382,26.9405807],[94.7074112,26.9575891],[94.7016023,26.9560802],[94.7000423,26.9598629],[94.6979399,26.9611723],[94.6891583,26.9590879],[94.6848403,26.9524656],[94.6828927,26.954046],[94.6820746,26.9602538],[94.6722729,26.9514825],[94.6629577,26.9566524],[94.5515108,26.9520881],[94.5379331,26.9486291],[94.5317906,26.9488543],[94.5179862,26.9199906],[94.5222399,26.9114669],[94.5194022,26.9024903],[94.505084,26.8700435],[94.4936991,26.8548473],[94.4926702,26.846411],[94.4910459,26.8479479],[94.4912032,26.852165],[94.4884568,26.8553269],[94.4900806,26.8597212],[94.495161,26.8604647],[94.4936805,26.8636745],[94.496662,26.8669464],[94.4920559,26.8746943],[94.4932855,26.8812928],[94.492008,26.8824143],[94.4883887,26.8805801],[94.484816,26.8842643],[94.4803947,26.8842],[94.4791098,26.8883478],[94.4741568,26.8926152],[94.4745982,26.8944385],[94.4784907,26.8968283],[94.481985,26.9053718],[94.4762793,26.9099022],[94.4817757,26.9132703],[94.4787552,26.9169081],[94.479638,26.9243146],[94.478149,26.9286721],[94.4741171,26.9326591],[94.4742245,26.9354969],[94.4688061,26.934249],[94.4643642,26.9412279],[94.4594822,26.9422308],[94.4540107,26.9385095],[94.4496292,26.9392813],[94.4375083,26.9353432],[94.432522,26.9396591],[94.4275938,26.9370145],[94.4220147,26.9418778],[94.4196339,26.9399654],[94.4178373,26.9432874],[94.4150013,26.9400075],[94.4113913,26.9400707],[94.4069101,26.9372945],[94.4057144,26.9330547],[94.3952829,26.954927],[94.3987242,26.9599255],[94.4295755,26.9743256],[94.4432028,26.9874292],[94.4525595,26.9906549],[94.4601736,26.9954417],[94.4602839,27.0008885],[94.4663095,27.0188119],[94.4768399,27.0322692],[94.501658,27.0399812],[94.5127474,27.0482287],[94.5343003,27.0706942],[94.5388353,27.072246],[94.5421088,27.0706545],[94.5513026,27.071785],[94.5572477,27.0783411],[94.5642835,27.0766384]]]}},{"type":"Feature","properties":{"district":"Lakhimpur","subdistrict":"Subansiri (Pt-I)","dt_code":"307","sdt_code":"02054","dist_lgd":295,"subdt_lgd":2054,"st_nm":"ASSAM"},"geometry":{"type":"Polygon","coordinates":[[[94.3927267,27.348123],[94.3907837,27.3426608],[94.3927198,27.3406782],[94.3945146,27.3411252],[94.3947983,27.3440063],[94.3980996,27.3444878],[94.406239,27.3394596],[94.403297,27.3345922],[94.4060201,27.3309181],[94.4071678,27.3313669],[94.4066666,27.3348923],[94.412603,27.3385471],[94.4155975,27.3331909],[94.4176526,27.3335541],[94.4189088,27.3372747],[94.4206538,27.3362116],[94.4244427,27.3383587],[94.4267181,27.3379768],[94.4256696,27.3351128],[94.4272333,27.3335877],[94.4267272,27.3310224],[94.429093,27.3309292],[94.4260932,27.3297752],[94.4300102,27.3278448],[94.4283133,27.3244566],[94.4316454,27.3216638],[94.4298431,27.3182715],[94.4310292,27.3173899],[94.4347339,27.3191302],[94.4421499,27.3166399],[94.4420081,27.3142675],[94.4367088,27.3085558],[94.4338005,27.302839],[94.4384663,27.2967849],[94.4359549,27.2961441],[94.4341154,27.2931955],[94.4294767,27.2931315],[94.4303364,27.2849548],[94.4188797,27.2841835],[94.4251654,27.2783563],[94.4261568,27.2748815],[94.413651,27.2657078],[94.4072785,27.2632887],[94.4112703,27.2604403],[94.4106076,27.2569675],[94.4074946,27.2545122],[94.4145159,27.2540184],[94.4169018,27.2493843],[94.4222174,27.2534662],[94.4239693,27.2501301],[94.4235323,27.2477887],[94.4198408,27.2440594],[94.417541,27.2436698],[94.4105912,27.2472896],[94.4071924,27.2463141],[94.4048143,27.2424844],[94.4083499,27.2375697],[94.4064534,27.2346326],[94.3988728,27.2335485],[94.3912033,27.2353894],[94.3903291,27.2403181],[94.3865464,27.2387123],[94.3858339,27.2352161],[94.395686,27.2266228],[94.3956681,27.2233303],[94.3933199,27.2202024],[94.3889438,27.2184364],[94.3836828,27.2266763],[94.3810631,27.2272595],[94.3775818,27.2245102],[94.3761633,27.2162687],[94.3660965,27.2130962],[94.3651266,27.2111081],[94.3663789,27.2077259],[94.3744712,27.2045998],[94.3678953,27.2017489],[94.3624952,27.203809],[94.3601165,27.2029324],[94.3611807,27.2000743],[94.368844,27.1974637],[94.3683339,27.1926954],[94.3656543,27.1888459],[94.3595441,27.1875605],[94.3566036,27.1905757],[94.3556427,27.1959976],[94.3519752,27.1978991],[94.3487296,27.1948916],[94.3500439,27.1851936],[94.3474794,27.184422],[94.3503084,27.1808392],[94.3364447,27.1720672],[94.3238573,27.1846736],[94.3158301,27.1796205],[94.315515,27.1776968],[94.3193499,27.1758322],[94.3192472,27.1745114],[94.3127636,27.1741403],[94.3081444,27.176106],[94.3059624,27.1790511],[94.304776,27.1770566],[94.3058737,27.1742748],[94.3107003,27.1716036],[94.3135398,27.1677073],[94.311471,27.1604877],[94.3162581,27.1595791],[94.3201307,27.1516228],[94.3251864,27.1495336],[94.3233887,27.143437],[94.324964,27.1412763],[94.3280724,27.1422585],[94.3300761,27.1457445],[94.3335264,27.1472439],[94.3392967,27.1456023],[94.3457724,27.147521],[94.3459688,27.149241],[94.3422136,27.1532866],[94.3433966,27.1559177],[94.3486252,27.1561479],[94.3524244,27.1603231],[94.3633428,27.1651108],[94.3734207,27.1734592],[94.3812999,27.1775652],[94.3832568,27.1753905],[94.3817962,27.1641454],[94.3856234,27.1646959],[94.3876436,27.1712626],[94.394485,27.1701635],[94.3932377,27.1655575],[94.3984103,27.1551049],[94.3910332,27.149266],[94.3812039,27.1479159],[94.3814942,27.142494],[94.3855578,27.1377944],[94.383221,27.1351564],[94.3797838,27.135493],[94.3755768,27.1409823],[94.372822,27.1409986],[94.37035,27.1390421],[94.3701395,27.1357356],[94.3719193,27.1324509],[94.3694438,27.1294591],[94.3703968,27.0992028],[94.3617434,27.0966706],[94.3490811,27.0854638],[94.338828,27.08214],[94.326519,27.0891439],[94.3237362,27.0885652],[94.3182488,27.083369],[94.3154116,27.0726099],[94.309721,27.0717047],[94.3058027,27.0742523],[94.2979092,27.0873025],[94.277166,27.0954972],[94.2725529,27.095223],[94.2677622,27.0927858],[94.268082,27.1014236],[94.2572319,27.1063895],[94.2660094,27.1120808],[94.2675988,27.1172746],[94.2657217,27.1202363],[94.2623708,27.1213292],[94.253095,27.1167175],[94.2479717,27.1172053],[94.2477427,27.118334],[94.2513366,27.1187534],[94.2536065,27.1234475],[94.256887,27.1222121],[94.2591277,27.1234999],[94.2578204,27.1300167],[94.2606654,27.1357877],[94.257657,27.1394395],[94.2634996,27.1389724],[94.26523,27.1483491],[94.2637737,27.1510381],[94.2585048,27.1536137],[94.2579027,27.1556498],[94.2701927,27.1657854],[94.2768558,27.1789319],[94.2795636,27.1955337],[94.2769766,27.214006],[94.2786669,27.2303308],[94.2819532,27.2341035],[94.2888218,27.2334783],[94.3037414,27.2255062],[94.3067823,27.2266066],[94.3085235,27.2327771],[94.3149171,27.2385144],[94.3165375,27.2449923],[94.3315264,27.2566],[94.3317177,27.2586917],[94.3278421,27.2623262],[94.3156468,27.2611933],[94.3103351,27.2635093],[94.3045392,27.2813789],[94.2941501,27.2934312],[94.2942095,27.3000222],[94.2973939,27.3041208],[94.3030502,27.3077908],[94.3255511,27.3141448],[94.3369959,27.3281927],[94.3393897,27.3368986],[94.3469519,27.3378639],[94.3558694,27.3413838],[94.3632113,27.3395927],[94.3749702,27.3410473],[94.3798864,27.3455244],[94.3862488,27.346523],[94.3895649,27.3506373],[94.3927267,27.348123]]]}},{"type":"Feature","properties":{"district":"Lakhimpur","subdistrict":"Dhakuakhana (Pt-I)","dt_code":"307","sdt_code":"02053","dist_lgd":295,"subdt_lgd":2053,"st_nm":"ASSAM"},"geometry":{"type":"Polygon","coordinates":[[[94.5933668,27.3772687],[94.5907215,27.3674492],[94.5931537,27.3641469],[94.5931555,27.3584839],[94.5967541,27.3573521],[94.6042488,27.3571146],[94.6083679,27.3549448],[94.611966,27.3549949],[94.6148153,27.3629234],[94.6181961,27.3650941],[94.620415,27.3627388],[94.6208349,27.3573557],[94.6252773,27.3540528],[94.6224222,27.3500864],[94.6244285,27.3467834],[94.6235848,27.3437646],[94.6289714,27.3406512],[94.6289714,27.3388553],[94.6219869,27.3330844],[94.6074162,27.3300709],[94.60649,27.3288158],[94.6058434,27.3250043],[94.6135925,27.3192828],[94.6106459,27.3089614],[94.6137339,27.3065521],[94.6077544,27.3002002],[94.6064645,27.294653],[94.5865817,27.2674383],[94.5859973,27.2598077],[94.5876986,27.2475882],[94.5864815,27.2414221],[94.5798538,27.2281844],[94.577242,27.2163711],[94.5798491,27.2028986],[94.5752167,27.1889879],[94.5679431,27.1794976],[94.5610529,27.1838319],[94.5587459,27.1774136],[94.5562958,27.174701],[94.5423429,27.1721807],[94.5260426,27.1622276],[94.5242282,27.1580492],[94.5314446,27.1527772],[94.5331557,27.147838],[94.5287675,27.1439004],[94.5154743,27.1437285],[94.5106396,27.142392],[94.5088242,27.1373026],[94.5100005,27.1260564],[94.5075717,27.1220717],[94.5044659,27.1207708],[94.4952197,27.1222595],[94.4909379,27.127132],[94.4883317,27.1336455],[94.4802116,27.1392966],[94.4750527,27.1345035],[94.4715341,27.118288],[94.4651606,27.1126379],[94.4605867,27.1122841],[94.4507116,27.117736],[94.4368449,27.1200979],[94.4282752,27.1162384],[94.4261965,27.113658],[94.424345,27.0987493],[94.4204305,27.0938815],[94.4153733,27.0928765],[94.402921,27.0972519],[94.3929533,27.098995],[94.3847044,27.0964369],[94.3703968,27.0992028],[94.3694438,27.1294591],[94.3719193,27.1324509],[94.3701395,27.1357356],[94.37035,27.1390421],[94.372822,27.1409986],[94.3755768,27.1409823],[94.3797838,27.135493],[94.383221,27.1351564],[94.3855578,27.1377944],[94.3814942,27.142494],[94.3812039,27.1479159],[94.3910332,27.149266],[94.3984103,27.1551049],[94.3932377,27.1655575],[94.394485,27.1701635],[94.3876436,27.1712626],[94.3856234,27.1646959],[94.3817962,27.1641454],[94.383262,27.1735945],[94.3820142,27.1775212],[94.3734207,27.1734592],[94.3633428,27.1651108],[94.3524244,27.1603231],[94.3486252,27.1561479],[94.3433966,27.1559177],[94.3422136,27.1532866],[94.3459688,27.149241],[94.3457724,27.147521],[94.3392967,27.1456023],[94.3335264,27.1472439],[94.3300761,27.1457445],[94.3280724,27.1422585],[94.3240277,27.1416836],[94.3235359,27.1445178],[94.3251864,27.1495336],[94.3201307,27.1516228],[94.3162581,27.1595791],[94.311471,27.1604877],[94.3135398,27.1677073],[94.3107003,27.1716036],[94.3052868,27.1750148],[94.3050171,27.1787511],[94.3127636,27.1741403],[94.3192472,27.1745114],[94.3193499,27.1758322],[94.315515,27.1776968],[94.3158301,27.1796205],[94.3238573,27.1846736],[94.3364447,27.1720672],[94.3503084,27.1808392],[94.3474794,27.184422],[94.3500439,27.1851936],[94.3487296,27.1948916],[94.3510059,27.1976015],[94.3551624,27.1966208],[94.3566036,27.1905757],[94.3595441,27.1875605],[94.3664557,27.1893519],[94.3692086,27.1952069],[94.368844,27.1974637],[94.3611807,27.2000743],[94.3601165,27.2029324],[94.3624952,27.203809],[94.3678953,27.2017489],[94.3741677,27.2038338],[94.3734332,27.2057644],[94.3663789,27.2077259],[94.3652348,27.2116346],[94.3665936,27.2134583],[94.3766253,27.2167413],[94.3787497,27.2261197],[94.3836828,27.2266763],[94.3889438,27.2184364],[94.3943923,27.2214091],[94.3956863,27.2266224],[94.3858339,27.2352161],[94.3865464,27.2387123],[94.3903291,27.2403181],[94.3912033,27.2353894],[94.4013423,27.2335366],[94.4079845,27.2360584],[94.4077458,27.239598],[94.4048143,27.2424844],[94.4084964,27.2472243],[94.411488,27.2469499],[94.4166624,27.2437504],[94.4211446,27.2450084],[94.4240318,27.2487942],[94.4225443,27.2531788],[94.421046,27.2532949],[94.4169018,27.2493843],[94.4145159,27.2540184],[94.4077813,27.2542928],[94.4106076,27.2569675],[94.4112703,27.2604403],[94.4072785,27.2632887],[94.413651,27.2657078],[94.4261568,27.2748815],[94.4251654,27.2783563],[94.4188797,27.2841835],[94.4303364,27.2849548],[94.4294767,27.2931315],[94.4341154,27.2931955],[94.4359549,27.2961441],[94.4386273,27.2972059],[94.4337575,27.302139],[94.4367088,27.3085558],[94.4390841,27.3098295],[94.4438815,27.3087148],[94.4464308,27.3112746],[94.4450458,27.3139562],[94.4463531,27.3228113],[94.4494841,27.3199445],[94.4512787,27.3211625],[94.4545939,27.3204239],[94.4598762,27.3317512],[94.4657898,27.3341355],[94.4681939,27.3321154],[94.4686184,27.3298137],[94.4740247,27.3278386],[94.4799623,27.3312555],[94.4836107,27.3297275],[94.4820192,27.3324026],[94.4833414,27.333034],[94.4860896,27.3314477],[94.4885826,27.3357313],[94.4886283,27.3315787],[94.4914766,27.3329564],[94.4933068,27.3318898],[94.4948386,27.3338141],[94.4956177,27.3305981],[94.4982882,27.3297165],[94.4992318,27.3311416],[94.4974458,27.3315251],[94.4994013,27.3326369],[94.4965077,27.3339226],[94.4987531,27.3347921],[94.5010093,27.3332463],[94.5016882,27.3360085],[94.5052117,27.3344369],[94.5058267,27.3358002],[94.504405,27.3374324],[94.5067646,27.3374299],[94.5092935,27.3398868],[94.5076044,27.3411173],[94.5093964,27.3428155],[94.507707,27.3444204],[94.5129824,27.3493298],[94.5150956,27.3483885],[94.5148862,27.3456538],[94.5217507,27.3484885],[94.5277763,27.346133],[94.5367545,27.3477457],[94.5416072,27.3520897],[94.5459377,27.3526563],[94.548048,27.3554914],[94.559664,27.3589901],[94.5623102,27.3622945],[94.5744507,27.3704174],[94.5781513,27.3687177],[94.5796255,27.3722107],[94.5867067,27.3723574],[94.5923051,27.377828],[94.5933668,27.3772687]]]}},{"type":"Feature","properties":{"district":"Dhemaji","subdistrict":"Dhemaji","dt_code":"308","sdt_code":"02055","dist_lgd":284,"subdt_lgd":2055,"st_nm":"ASSAM"},"geometry":{"type":"Polygon","coordinates":[[[94.6057397,27.6185018],[94.6046626,27.615284],[94.6060251,27.6024969],[94.5973141,27.5878537],[94.5873837,27.5776182],[94.5858843,27.5716333],[94.5860588,27.5681461],[94.5890968,27.5631135],[94.5995311,27.5538088],[94.6068014,27.5385397],[94.6069006,27.5333853],[94.6033168,27.5207069],[94.6045821,27.5075413],[94.6035375,27.4995113],[94.5935006,27.4540087],[94.5888317,27.4472097],[94.5802756,27.4417236],[94.5796066,27.4276468],[94.5764194,27.4173437],[94.5719032,27.4095384],[94.5727605,27.4081124],[94.5687937,27.3957603],[94.5640119,27.3888689],[94.5548882,27.3849523],[94.5494822,27.3792214],[94.5514408,27.3747599],[94.5573593,27.3705571],[94.5591223,27.3586888],[94.548048,27.3554914],[94.5459377,27.3526563],[94.5416072,27.3520897],[94.5367545,27.3477457],[94.5310508,27.3461354],[94.5217507,27.3484885],[94.5148862,27.3456538],[94.5150956,27.3483885],[94.5129824,27.3493298],[94.507707,27.3444204],[94.5093964,27.3428155],[94.5076044,27.3411173],[94.5092935,27.3398868],[94.5067646,27.3374299],[94.504405,27.3374324],[94.5058267,27.3358002],[94.5052117,27.3344369],[94.5016882,27.3360085],[94.5010093,27.3332463],[94.4987531,27.3347921],[94.4965077,27.3339226],[94.4994013,27.3326369],[94.4974458,27.3315251],[94.4992318,27.3311416],[94.4982882,27.3297165],[94.4956177,27.3305981],[94.4948386,27.3338141],[94.4933068,27.3318898],[94.4914766,27.3329564],[94.4886283,27.3315787],[94.4890678,27.3357307],[94.4857843,27.331293],[94.4822962,27.3327156],[94.4836107,27.3297275],[94.4799623,27.3312555],[94.4740247,27.3278386],[94.4686184,27.3298137],[94.4665261,27.3340239],[94.4603939,27.3323145],[94.4556531,27.3210448],[94.4494841,27.3199445],[94.4474465,27.3229578],[94.4459026,27.3223646],[94.4450458,27.3139562],[94.4464308,27.3112746],[94.4438815,27.3087148],[94.440482,27.308777],[94.4390846,27.3101228],[94.4421499,27.3166399],[94.4347339,27.3191302],[94.4310292,27.3173899],[94.4298431,27.3182715],[94.4316454,27.3216638],[94.4283133,27.3244566],[94.4300102,27.3278448],[94.4260932,27.3297752],[94.429093,27.3309292],[94.4267272,27.3310224],[94.4272333,27.3335877],[94.4256696,27.3351128],[94.4267181,27.3379768],[94.4244427,27.3383587],[94.4206538,27.3362116],[94.4189088,27.3372747],[94.4176526,27.3335541],[94.4155975,27.3331909],[94.412603,27.3385471],[94.4066666,27.3348923],[94.4071678,27.3313669],[94.4060201,27.3309181],[94.403297,27.3345922],[94.406239,27.3394596],[94.4015336,27.3436156],[94.4025121,27.3501526],[94.4098861,27.365731],[94.4145152,27.3689951],[94.4195834,27.3695307],[94.4242508,27.3738851],[94.4283529,27.3734775],[94.4298985,27.3802123],[94.4350146,27.388151],[94.4336371,27.390481],[94.4365453,27.3921678],[94.4354686,27.3958923],[94.4428375,27.3963256],[94.4457047,27.3943119],[94.4523766,27.401607],[94.4527983,27.4092107],[94.4512146,27.4120286],[94.4514614,27.4159911],[94.4518172,27.4177088],[94.4538992,27.4172362],[94.4540983,27.4182025],[94.4514311,27.4252926],[94.4481539,27.4293755],[94.4477834,27.4333009],[94.4441631,27.438056],[94.4442104,27.4419585],[94.439623,27.4425827],[94.4394223,27.4460079],[94.436865,27.4449454],[94.4393952,27.448964],[94.4376914,27.4496829],[94.4383694,27.4519179],[94.4356846,27.4544615],[94.4385676,27.461995],[94.436534,27.4665415],[94.4419529,27.472514],[94.441175,27.4765546],[94.4447263,27.4818233],[94.4495127,27.4876192],[94.4557548,27.4912966],[94.4548285,27.4960228],[94.4515963,27.4968664],[94.4502092,27.4997284],[94.4518806,27.5026691],[94.4480712,27.5085349],[94.448296,27.5136709],[94.450549,27.5161832],[94.4567059,27.5151649],[94.4612726,27.5164645],[94.4635114,27.5229469],[94.4577404,27.5311024],[94.4536338,27.5327295],[94.4390403,27.5441934],[94.4494531,27.5420667],[94.4553774,27.5453983],[94.4634649,27.554094],[94.4635562,27.556383],[94.4778044,27.5761416],[94.498959,27.5721684],[94.5014094,27.5739866],[94.5024699,27.5774132],[94.513852,27.5801068],[94.5215072,27.5845503],[94.5212963,27.5874393],[94.5227306,27.5878324],[94.5220099,27.5914227],[94.5295754,27.5913871],[94.5321413,27.5945668],[94.5359612,27.5925263],[94.544586,27.601035],[94.5553219,27.6007519],[94.562216,27.6049031],[94.564508,27.6033357],[94.5710787,27.6025344],[94.5764046,27.6053881],[94.5792806,27.6117665],[94.5875495,27.6184566],[94.5955925,27.6196798],[94.6000148,27.618168],[94.6028882,27.6212301],[94.6057397,27.6185018]]]}},{"type":"Feature","properties":{"district":"Dhemaji","subdistrict":"Dhakuakhana (Pt-I)","dt_code":"308","sdt_code":"02053","dist_lgd":284,"subdt_lgd":2053,"st_nm":"ASSAM"},"geometry":{"type":"Polygon","coordinates":[[[94.5774443,27.3888984],[94.5923872,27.3777847],[94.5867067,27.3723574],[94.5796255,27.3722107],[94.5781513,27.3687177],[94.5744507,27.3704174],[94.5653665,27.3646559],[94.5591223,27.3586888],[94.5573593,27.3705571],[94.5514408,27.3747599],[94.549427,27.3787456],[94.5548882,27.3849523],[94.5652689,27.3899548],[94.5687937,27.3957603],[94.5726709,27.4078089],[94.5774443,27.3888984]]]}},{"type":"Feature","properties":{"district":"Dhemaji","subdistrict":"Gogamukh","dt_code":"308","sdt_code":"02058","dist_lgd":284,"subdt_lgd":2058,"st_nm":"ASSAM"},"geometry":{"type":"Polygon","coordinates":[[[94.2563119,27.6353841],[94.2617058,27.6358726],[94.26753,27.6288558],[94.2655759,27.6242086],[94.2631049,27.62426],[94.2605762,27.6218678],[94.2609431,27.618104],[94.2546782,27.6157887],[94.2544998,27.6135597],[94.2564035,27.6105088],[94.2724747,27.6029404],[94.2746468,27.5998274],[94.2738085,27.5949713],[94.2776404,27.5893301],[94.2882961,27.5892564],[94.2898499,27.5961577],[94.2982601,27.6019323],[94.3018157,27.6010217],[94.3092601,27.5907787],[94.3227776,27.5886388],[94.3243188,27.5846211],[94.3336001,27.5865604],[94.3369683,27.5791894],[94.3382356,27.5812192],[94.3449223,27.5821345],[94.3506766,27.5771145],[94.3591405,27.5769286],[94.3668019,27.574273],[94.3698851,27.5747538],[94.3765031,27.5823716],[94.3818966,27.5815978],[94.3885871,27.5847913],[94.3914166,27.5886436],[94.3937241,27.5887927],[94.4016124,27.5849766],[94.4184554,27.5975168],[94.4316821,27.6003329],[94.4317067,27.5916221],[94.4333348,27.5884179],[94.4395962,27.5812191],[94.4513302,27.5717599],[94.4549407,27.5666024],[94.4553007,27.5621754],[94.4572257,27.5589789],[94.4614006,27.55535],[94.4641916,27.5555273],[94.4587398,27.5484024],[94.4515653,27.542748],[94.4472951,27.5422021],[94.4390403,27.5441934],[94.4536338,27.5327295],[94.4577404,27.5311024],[94.4635114,27.5229469],[94.4612726,27.5164645],[94.4567059,27.5151649],[94.450549,27.5161832],[94.448296,27.5136709],[94.4480712,27.5085349],[94.4518806,27.5026691],[94.4502092,27.4997284],[94.4515963,27.4968664],[94.4548285,27.4960228],[94.4557548,27.4912966],[94.4495127,27.4876192],[94.4447263,27.4818233],[94.441175,27.4765546],[94.4419529,27.472514],[94.436534,27.4665415],[94.4385676,27.461995],[94.4356846,27.4544615],[94.4383694,27.4519179],[94.4376914,27.4496829],[94.4393952,27.448964],[94.436865,27.4449454],[94.4394223,27.4460079],[94.439623,27.4425827],[94.4442104,27.4419585],[94.4441631,27.438056],[94.4477834,27.4333009],[94.4481539,27.4293755],[94.4514311,27.4252926],[94.4540983,27.4182025],[94.4538992,27.4172362],[94.4518172,27.4177088],[94.4514614,27.4159911],[94.4512146,27.4120286],[94.4527983,27.4092107],[94.4522485,27.4011031],[94.4457047,27.3943119],[94.4428375,27.3963256],[94.4404097,27.3953138],[94.4357486,27.3961949],[94.4365453,27.3921678],[94.4336371,27.390481],[94.4350146,27.388151],[94.4298985,27.3802123],[94.4283529,27.3734775],[94.4242508,27.3738851],[94.4195834,27.3695307],[94.4145152,27.3689951],[94.4098861,27.365731],[94.4025121,27.3501526],[94.4015336,27.3436156],[94.4040062,27.3407462],[94.3980996,27.3444878],[94.3947983,27.3440063],[94.3945146,27.3411252],[94.3927198,27.3406782],[94.3907158,27.3441057],[94.3927267,27.348123],[94.3895649,27.3506373],[94.3862488,27.346523],[94.3798864,27.3455244],[94.3749702,27.3410473],[94.3632113,27.3395927],[94.3558694,27.3413838],[94.3469519,27.3378639],[94.3393897,27.3368986],[94.3359911,27.326591],[94.3272782,27.3184551],[94.319471,27.3197161],[94.3118563,27.3184654],[94.3068771,27.3191664],[94.3036935,27.3221841],[94.2994741,27.3321619],[94.3019789,27.3445369],[94.2989047,27.3505006],[94.2922113,27.3564978],[94.2829051,27.3586689],[94.2717758,27.3650172],[94.2604497,27.3741785],[94.2488068,27.3876404],[94.2470424,27.3919886],[94.2471498,27.395224],[94.2490777,27.3979783],[94.2637095,27.4003267],[94.2687674,27.3990848],[94.2742878,27.3923321],[94.286318,27.3836598],[94.2924994,27.3839095],[94.2967283,27.3862488],[94.305315,27.3971227],[94.3055165,27.4256807],[94.3073646,27.4346275],[94.3058554,27.4383426],[94.2942463,27.4474686],[94.2776115,27.4667136],[94.2788919,27.4746228],[94.2788729,27.4953211],[94.2699286,27.5142847],[94.2682551,27.520841],[94.2581544,27.5349248],[94.2567964,27.5400828],[94.2594047,27.5490506],[94.2586997,27.5554581],[94.2467156,27.5694665],[94.2348096,27.5691634],[94.2249517,27.5740946],[94.2228311,27.5881997],[94.2268453,27.5956083],[94.2266414,27.5977411],[94.2133746,27.6002002],[94.2095073,27.6050833],[94.2095859,27.6089102],[94.2173588,27.6072538],[94.2227877,27.6114103],[94.2370495,27.6323591],[94.248467,27.6340025],[94.2514573,27.6376348],[94.2563119,27.6353841]]]}},{"type":"Feature","properties":{"district":"Lakhimpur","subdistrict":"Kadam","dt_code":"307","sdt_code":"02051","dist_lgd":295,"subdt_lgd":2051,"st_nm":"ASSAM"},"geometry":{"type":"Polygon","coordinates":[[[94.279022,27.4933339],[94.2776115,27.4667136],[94.2942463,27.4474686],[94.3048904,27.4393039],[94.3070419,27.4360026],[94.3055165,27.4256807],[94.305315,27.3971227],[94.2982298,27.3875347],[94.2902844,27.3834336],[94.283346,27.3850637],[94.2742878,27.3923321],[94.2687674,27.3990848],[94.2653949,27.4000091],[94.2512294,27.399004],[94.2475782,27.3963119],[94.2470424,27.3919886],[94.2499972,27.3856126],[94.2558376,27.3789907],[94.2717758,27.3650172],[94.2829051,27.3586689],[94.2922113,27.3564978],[94.2989047,27.3505006],[94.3019789,27.3445369],[94.2994741,27.3321619],[94.3050754,27.3202168],[94.3099608,27.3184154],[94.319471,27.3197161],[94.3259138,27.3180258],[94.3293224,27.3197585],[94.3239245,27.3128445],[94.3181035,27.3125519],[94.3015192,27.3069077],[94.2957765,27.3024785],[94.2934889,27.2966227],[94.2973534,27.2885427],[94.3045392,27.2813789],[94.3103351,27.2635093],[94.3156468,27.2611933],[94.3278421,27.2623262],[94.3318003,27.2577467],[94.3298163,27.2545618],[94.3221862,27.2502815],[94.3165375,27.2449923],[94.3149171,27.2385144],[94.3085235,27.2327771],[94.3067823,27.2266066],[94.3037414,27.2255062],[94.2888218,27.2334783],[94.2819532,27.2341035],[94.2780861,27.2287858],[94.2772556,27.2119663],[94.2686482,27.2147437],[94.2646023,27.2201501],[94.2646021,27.2251937],[94.2585929,27.2357924],[94.2577268,27.2413306],[94.2590654,27.2441522],[94.2572922,27.2471794],[94.2468293,27.246123],[94.2442661,27.2476925],[94.2370135,27.2484335],[94.2286088,27.2396197],[94.2196855,27.2364178],[94.2176543,27.2327855],[94.2139937,27.2348438],[94.2142463,27.2323976],[94.2110222,27.2299921],[94.2090777,27.2331763],[94.2062676,27.232567],[94.197022,27.236434],[94.1948576,27.2343734],[94.1937538,27.2370078],[94.1944977,27.2400046],[94.1903593,27.2424877],[94.1900284,27.2442445],[94.1874225,27.2443407],[94.1879643,27.2461022],[94.1910508,27.2455727],[94.1906696,27.2490889],[94.1804601,27.2549036],[94.1580781,27.251853],[94.158899,27.2588537],[94.1544443,27.2656779],[94.1391174,27.2639662],[94.1292266,27.2579258],[94.126948,27.2589941],[94.1275801,27.262948],[94.1301168,27.2647253],[94.1303002,27.2680148],[94.1292967,27.2707231],[94.1261084,27.2725695],[94.1284694,27.2827459],[94.1248498,27.2895832],[94.1135256,27.2904552],[94.1118643,27.2931388],[94.1079062,27.2947398],[94.1084323,27.297756],[94.1069382,27.3019285],[94.1025918,27.3078205],[94.0922754,27.3152494],[94.0886216,27.3221215],[94.0817634,27.3300447],[94.0808554,27.3369489],[94.0765862,27.3341843],[94.0728423,27.3424463],[94.0672867,27.341551],[94.0628869,27.3455899],[94.0586305,27.3446059],[94.0551775,27.3526368],[94.0549036,27.358537],[94.0531843,27.3598277],[94.0598142,27.3615371],[94.0614574,27.3637327],[94.0608516,27.3653025],[94.0681105,27.3716367],[94.0757524,27.3896771],[94.0895975,27.4070485],[94.1036307,27.4129772],[94.1178577,27.4296857],[94.1276921,27.4345894],[94.1314564,27.4409203],[94.1553836,27.456969],[94.1550815,27.4590963],[94.159595,27.4627959],[94.1566661,27.4748575],[94.1645447,27.4767835],[94.1691291,27.4812256],[94.1762253,27.4821517],[94.1842024,27.4866484],[94.189277,27.4923963],[94.1938295,27.4938866],[94.1963654,27.4929399],[94.2006435,27.494879],[94.2090508,27.4925276],[94.2120433,27.4956996],[94.2139954,27.5007999],[94.2208232,27.5052795],[94.241353,27.513022],[94.2681534,27.5208122],[94.279022,27.4933339]]]}},{"type":"Feature","properties":{"district":"Lakhimpur","subdistrict":"North Lakhimpur","dt_code":"307","sdt_code":"02052","dist_lgd":295,"subdt_lgd":2052,"st_nm":"ASSAM"},"geometry":{"type":"Polygon","coordinates":[[[94.0551775,27.3526368],[94.0593064,27.3442391],[94.0628869,27.3455899],[94.0672867,27.341551],[94.0713795,27.3427444],[94.0738329,27.3418285],[94.0759938,27.3344601],[94.0780706,27.3340792],[94.0796518,27.3370567],[94.0808554,27.3369489],[94.0817634,27.3300447],[94.0886216,27.3221215],[94.0922754,27.3152494],[94.1025918,27.3078205],[94.1069382,27.3019285],[94.1084323,27.297756],[94.1079062,27.2947398],[94.1118643,27.2931388],[94.1135256,27.2904552],[94.1248498,27.2895832],[94.1284694,27.2827459],[94.1261084,27.2725695],[94.1292967,27.2707231],[94.1303002,27.2680148],[94.1301168,27.2647253],[94.1275801,27.262948],[94.126948,27.2589941],[94.1292266,27.2579258],[94.1391174,27.2639662],[94.1544443,27.2656779],[94.158899,27.2588537],[94.1580781,27.251853],[94.1804601,27.2549036],[94.1906696,27.2490889],[94.1910508,27.2455727],[94.1879643,27.2461022],[94.1874225,27.2443407],[94.1900284,27.2442445],[94.1903593,27.2424877],[94.1944977,27.2400046],[94.1937538,27.2370078],[94.1948576,27.2343734],[94.197022,27.236434],[94.2062676,27.232567],[94.2090777,27.2331763],[94.2110222,27.2299921],[94.2142463,27.2323976],[94.2139937,27.2348438],[94.2176543,27.2327855],[94.2196855,27.2364178],[94.2286088,27.2396197],[94.2370135,27.2484335],[94.2442661,27.2476925],[94.2468293,27.246123],[94.2572922,27.2471794],[94.2590654,27.2441522],[94.2577268,27.2413306],[94.2585929,27.2357924],[94.2646021,27.2251937],[94.2646023,27.2201501],[94.2686482,27.2147437],[94.2772556,27.2119663],[94.2795549,27.1971323],[94.2775447,27.1819738],[94.2752804,27.1749971],[94.2701927,27.1657854],[94.2579027,27.1556498],[94.2585048,27.1536137],[94.2637737,27.1510381],[94.26523,27.1483491],[94.2634996,27.1389724],[94.257657,27.1394395],[94.2606654,27.1357877],[94.2578204,27.1300167],[94.2593217,27.123951],[94.256887,27.1222121],[94.2536065,27.1234475],[94.2513366,27.1187534],[94.2477427,27.118334],[94.2479717,27.1172053],[94.2542121,27.1169143],[94.2634996,27.1214184],[94.2673165,27.1187703],[94.2660094,27.1120808],[94.2572319,27.1063895],[94.268082,27.1014236],[94.2677622,27.0927858],[94.2544351,27.0882904],[94.243612,27.0784796],[94.2363839,27.0740702],[94.2270677,27.0568357],[94.2267901,27.0462091],[94.2224527,27.0367846],[94.2246369,27.0346559],[94.223754,27.0324216],[94.2140738,27.0296143],[94.2027687,27.030035],[94.1947387,27.0359424],[94.1873068,27.0361512],[94.1876083,27.0290558],[94.1918557,27.0112305],[94.1877112,27.002857],[94.1850704,27.0006169],[94.1715608,27.0017261],[94.1689045,27.0004001],[94.1581326,27.0002945],[94.1523366,26.9945646],[94.1338936,26.988339],[94.1399775,26.9753026],[94.134333,26.9687936],[94.1200167,26.9707623],[94.1027048,26.9699207],[94.0834701,26.9598708],[94.0751201,26.9613028],[94.0714066,26.9661164],[94.0677493,26.9767554],[94.0602046,26.9830064],[94.0522954,26.9797151],[94.0556763,26.9866815],[94.0643326,26.9841307],[94.0664026,26.9846846],[94.0617382,26.9904532],[94.0694653,27.0029975],[94.0679351,27.005551],[94.0614643,27.0079746],[94.0688174,27.0085372],[94.0723088,27.0101857],[94.0735076,27.0201266],[94.0749273,27.0217712],[94.077487,27.0229002],[94.081662,27.0212218],[94.0866454,27.0254538],[94.098225,27.0287372],[94.0979384,27.0343332],[94.1010161,27.0373671],[94.100813,27.0414461],[94.1038648,27.0422139],[94.1039109,27.0476794],[94.0981421,27.0477076],[94.0984802,27.0524771],[94.0966107,27.0541165],[94.0913704,27.049499],[94.0865751,27.0494598],[94.0855306,27.0527619],[94.0891218,27.0520306],[94.0913007,27.0533426],[94.0919663,27.0568385],[94.0903574,27.0583303],[94.083433,27.0557233],[94.0782397,27.0553926],[94.0776561,27.0597568],[94.0816636,27.0627573],[94.0809361,27.0645618],[94.0747716,27.0655441],[94.0750662,27.0697624],[94.0711522,27.0737306],[94.0650447,27.072335],[94.0659473,27.0801943],[94.0579772,27.0812739],[94.0521722,27.086605],[94.0527816,27.0921515],[94.0503967,27.0954861],[94.0571041,27.0981703],[94.0553461,27.1072051],[94.0571096,27.1097048],[94.0591425,27.1100293],[94.0588446,27.1136901],[94.0608579,27.1159961],[94.0639612,27.1284728],[94.0668096,27.1320978],[94.0615664,27.1335592],[94.0614085,27.1387777],[94.0644002,27.142796],[94.0605561,27.1490067],[94.0668801,27.1560131],[94.0677534,27.1606858],[94.0661035,27.1630812],[94.0608545,27.1657581],[94.0598421,27.1679329],[94.0672127,27.1689192],[94.0680881,27.1702098],[94.0626855,27.1755976],[94.0657686,27.1796908],[94.0641328,27.1860792],[94.0668021,27.1913475],[94.0674861,27.1972015],[94.0603596,27.2008165],[94.0589723,27.2071928],[94.0527558,27.2193347],[94.0542496,27.2265562],[94.0624741,27.2273729],[94.0629316,27.2306417],[94.0596392,27.2329685],[94.0522922,27.2346881],[94.0503704,27.2367485],[94.0518343,27.2570427],[94.0506852,27.2598423],[94.0466309,27.2607768],[94.0416804,27.2594214],[94.039504,27.2616181],[94.044129,27.2690498],[94.0422869,27.2749969],[94.0435347,27.2854789],[94.048789,27.2894323],[94.0497716,27.2928992],[94.0453995,27.2975392],[94.0342801,27.2972205],[94.0208076,27.2990449],[94.0146345,27.3034676],[93.997578,27.3090303],[93.9910162,27.3161388],[93.9892446,27.3203412],[93.9858816,27.3226712],[93.9921254,27.3289442],[94.0115736,27.338496],[94.0221113,27.3462039],[94.0257978,27.3448388],[94.0278374,27.3468373],[94.0302575,27.3456572],[94.0309166,27.3483927],[94.0405537,27.3515019],[94.0531843,27.3598277],[94.0549036,27.358537],[94.0551775,27.3526368]]]}},{"type":"Feature","properties":{"district":"Lakhimpur","subdistrict":"Naobaicha","dt_code":"307","sdt_code":"02050","dist_lgd":295,"subdt_lgd":2050,"st_nm":"ASSAM"},"geometry":{"type":"Polygon","coordinates":[[[94.0193971,27.2994475],[94.0453995,27.2975392],[94.0497716,27.2928992],[94.048789,27.2894323],[94.0435347,27.2854789],[94.0422869,27.2749969],[94.044129,27.2690498],[94.039504,27.2616181],[94.0416804,27.2594214],[94.0466309,27.2607768],[94.05121,27.2588147],[94.0503704,27.2367485],[94.053948,27.233968],[94.0608153,27.2324545],[94.0629858,27.2299014],[94.0617999,27.2270655],[94.0542496,27.2265562],[94.0527558,27.2193347],[94.0589723,27.2071928],[94.0603596,27.2008165],[94.0674861,27.1972015],[94.0668021,27.1913475],[94.0641328,27.1860792],[94.0657686,27.1796908],[94.0626855,27.1755976],[94.067959,27.1694653],[94.0608166,27.1688997],[94.0598012,27.1673644],[94.0677534,27.1606858],[94.0668801,27.1560131],[94.0605561,27.1490067],[94.0644002,27.142796],[94.0614085,27.1387777],[94.0615664,27.1335592],[94.0668096,27.1320978],[94.0639612,27.1284728],[94.0608579,27.1159961],[94.0588446,27.1136901],[94.0591425,27.1100293],[94.0571096,27.1097048],[94.0553461,27.1072051],[94.0571041,27.0981703],[94.0503967,27.0954861],[94.0527816,27.0921515],[94.0521722,27.086605],[94.0579772,27.0812739],[94.0659473,27.0801943],[94.0650447,27.072335],[94.0711522,27.0737306],[94.0750662,27.0697624],[94.0747716,27.0655441],[94.0809361,27.0645618],[94.0816636,27.0627573],[94.0776561,27.0597568],[94.0782397,27.0553926],[94.083433,27.0557233],[94.0903574,27.0583303],[94.0919663,27.0568385],[94.0913007,27.0533426],[94.0891218,27.0520306],[94.0855306,27.0527619],[94.0865751,27.0494598],[94.0913704,27.049499],[94.0966107,27.0541165],[94.0984802,27.0524771],[94.0981421,27.0477076],[94.1039109,27.0476794],[94.1038648,27.0422139],[94.100813,27.0414461],[94.1010161,27.0373671],[94.0979384,27.0343332],[94.098225,27.0287372],[94.0866454,27.0254538],[94.081662,27.0212218],[94.077487,27.0229002],[94.0749273,27.0217712],[94.0735076,27.0201266],[94.0723088,27.0101857],[94.0688174,27.0085372],[94.0623924,27.0083206],[94.0606805,27.0068801],[94.0616334,27.0031444],[94.0654804,27.0008374],[94.0648659,26.9990124],[94.0621968,26.9979848],[94.0541885,26.9997861],[94.0485537,27.0050107],[94.0405103,27.0039536],[94.0409734,27.0083058],[94.038072,27.0145853],[94.0409151,27.0155365],[94.0484638,27.0132867],[94.0492359,27.0174938],[94.0462145,27.0186228],[94.0491371,27.0192653],[94.0504855,27.0212289],[94.04735,27.022358],[94.0459735,27.0212653],[94.0443811,27.0236107],[94.0482066,27.0245043],[94.0498531,27.0263799],[94.0415674,27.0334383],[94.0415679,27.034866],[94.0466191,27.0357726],[94.0464089,27.0381784],[94.0412628,27.0394873],[94.0429655,27.0419572],[94.0391484,27.0403576],[94.0389714,27.0431299],[94.0368721,27.0422041],[94.0341341,27.0461551],[94.0372234,27.0488176],[94.0337257,27.050081],[94.035569,27.0520657],[94.0329544,27.0528616],[94.0322158,27.054726],[94.039387,27.0611262],[94.0327943,27.059499],[94.036742,27.0645966],[94.0343327,27.0669272],[94.0338328,27.0698981],[94.0369625,27.0723928],[94.034396,27.0736236],[94.0323266,27.0726644],[94.0315675,27.0749597],[94.0291431,27.0724156],[94.0277768,27.0783481],[94.0263783,27.0790043],[94.0256554,27.077843],[94.0219085,27.0812527],[94.0178009,27.08878],[94.0199597,27.0900277],[94.0168358,27.0910731],[94.0190235,27.0921721],[94.0195397,27.0969017],[94.0208942,27.0976898],[94.0179182,27.1017819],[94.0199233,27.1036972],[94.0112755,27.1083855],[94.0030074,27.1075607],[93.9972239,27.112537],[93.9952369,27.1107834],[93.9896831,27.1150766],[93.9876268,27.1185255],[93.9842638,27.1198673],[93.9799255,27.1189969],[93.9762112,27.1214119],[93.9707152,27.1202867],[93.9596248,27.1291499],[93.9587941,27.1341014],[93.9574694,27.1345053],[93.9564498,27.1322871],[93.9550188,27.1328639],[93.9461618,27.145386],[93.9373806,27.1497095],[93.925816,27.1501619],[93.9246913,27.1551507],[93.9195427,27.1573496],[93.9160535,27.1607848],[93.9116294,27.1697378],[93.9128267,27.1724045],[93.9258845,27.1703885],[93.9260381,27.1773631],[93.9233874,27.1781703],[93.9214475,27.1828825],[93.9163338,27.1863342],[93.9077335,27.1894047],[93.9041179,27.1925448],[93.8946115,27.1947483],[93.8905247,27.1981207],[93.8846227,27.199735],[93.8818231,27.2042367],[93.8799735,27.2146934],[93.8994047,27.2390865],[93.9282424,27.2642222],[93.9552657,27.293261],[93.9858816,27.3226712],[93.9892446,27.3203412],[93.9910162,27.3161388],[93.997578,27.3090303],[94.0146345,27.3034676],[94.0193971,27.2994475]]]}},{"type":"Feature","properties":{"district":"Dhemaji","subdistrict":"Jonai","dt_code":"308","sdt_code":"02057","dist_lgd":284,"subdt_lgd":2057,"st_nm":"ASSAM"},"geometry":{"type":"Polygon","coordinates":[[[95.5154142,27.8598716],[95.496343,27.8582602],[95.4876947,27.8555065],[95.4852018,27.853278],[95.482766,27.8484051],[95.481013,27.838734],[95.4777919,27.8332048],[95.4736122,27.8300418],[95.4737722,27.8249758],[95.4700978,27.8156834],[95.4612313,27.8025203],[95.4565258,27.7997627],[95.4224761,27.7885084],[95.4074629,27.7798761],[95.4058115,27.7762867],[95.4049911,27.7572023],[95.3962665,27.7431959],[95.3980955,27.7364608],[95.3948778,27.7313874],[95.3669373,27.7136752],[95.3609435,27.7074116],[95.346568,27.7013398],[95.3317151,27.6995956],[95.3052874,27.6991999],[95.2980842,27.6971427],[95.2916038,27.697991],[95.2825171,27.6952732],[95.2744861,27.6903254],[95.2630437,27.671899],[95.2464217,27.6564802],[95.2047438,27.6582727],[95.1887966,27.6765107],[95.2001753,27.6939911],[95.1956593,27.7048913],[95.1889896,27.7013953],[95.1763417,27.6996088],[95.1628557,27.6949102],[95.1553182,27.6953596],[95.1177834,27.68587],[95.1087403,27.6790017],[95.1041373,27.6675058],[95.0929727,27.6604458],[95.0892051,27.6600716],[95.0710701,27.6639438],[95.0663822,27.6625236],[95.0530696,27.6627409],[95.0360121,27.6686189],[95.0167114,27.6565384],[94.9964331,27.6598908],[94.9586648,27.6318521],[94.9531227,27.6249877],[94.9472602,27.6103014],[94.9447395,27.6087228],[94.9284929,27.6189045],[94.9256088,27.6325456],[94.9218943,27.638594],[94.903169,27.6504755],[94.888513,27.6499169],[94.8815237,27.6472958],[94.8749739,27.6415474],[94.8701569,27.6288666],[94.8679207,27.6271341],[94.8629897,27.6273981],[94.8537151,27.632701],[94.8457613,27.6303204],[94.8445316,27.625783],[94.8426138,27.6253963],[94.8409494,27.6369744],[94.8516954,27.6404173],[94.8517136,27.647499],[94.8571345,27.6469211],[94.8618564,27.6486876],[94.8677885,27.6537297],[94.868133,27.6585224],[94.8620452,27.6629832],[94.8602754,27.667707],[94.861086,27.6700941],[94.8693229,27.6697866],[94.8838786,27.6809252],[94.8853013,27.6865541],[94.8922846,27.6845544],[94.8942232,27.6850415],[94.8951115,27.6874749],[94.8959589,27.7002614],[94.8931781,27.7077981],[94.8938035,27.7143062],[94.8906844,27.7246194],[94.8845698,27.729147],[94.8691773,27.7328969],[95.3087606,27.8680108],[95.3795771,27.8391789],[95.5145745,27.8794556],[95.5154142,27.8598716]]]}},{"type":"Feature","properties":{"district":"Tinsukia","subdistrict":"Doom Dooma","dt_code":"309","sdt_code":"02060","dist_lgd":302,"subdt_lgd":2060,"st_nm":"ASSAM"},"geometry":{"type":"Polygon","coordinates":[[[95.6762405,27.7919177],[95.695014,27.7862426],[95.7043143,27.7677191],[95.7197744,27.750539],[95.7296824,27.750506],[95.7410573,27.7468176],[95.7614964,27.7473047],[95.7779273,27.7427456],[95.7805489,27.7369167],[95.7787743,27.7331803],[95.7655715,27.7263858],[95.7590261,27.7270394],[95.7541475,27.7257029],[95.7524869,27.7242315],[95.7523462,27.7204952],[95.7541859,27.7184211],[95.7653597,27.7146554],[95.7625118,27.7131641],[95.7641769,27.711126],[95.7628976,27.709015],[95.7680286,27.7020913],[95.7645533,27.6996971],[95.7657316,27.6975683],[95.7637776,27.6937582],[95.76539,27.6907681],[95.7671527,27.6904854],[95.7678659,27.6869891],[95.772639,27.686129],[95.7733079,27.684898],[95.7772274,27.6875465],[95.78293,27.6872139],[95.7830045,27.6846434],[95.7851265,27.6851367],[95.7866133,27.6836454],[95.7861633,27.6817498],[95.790483,27.6800153],[95.779061,27.6772826],[95.7735565,27.6721891],[95.7719726,27.6640931],[95.7729728,27.6620408],[95.7704328,27.6579375],[95.7725614,27.6547295],[95.7455891,27.6147428],[95.7449318,27.6066402],[95.7488832,27.6067317],[95.7421796,27.5975276],[95.7424563,27.5897962],[95.7434964,27.5875862],[95.7485502,27.5920811],[95.7551395,27.5949634],[95.7618582,27.5925465],[95.7611157,27.5678725],[95.7476181,27.5628087],[95.7456391,27.5645006],[95.7389711,27.5642375],[95.7375908,27.5654724],[95.7312149,27.5620059],[95.7373253,27.5452006],[95.7035738,27.5007128],[95.697826,27.5014857],[95.6914015,27.5071516],[95.6821933,27.5085606],[95.6801662,27.5077179],[95.6744271,27.5111938],[95.670755,27.5098463],[95.6687304,27.5129522],[95.665769,27.5131634],[95.665432,27.4674701],[95.6607805,27.468633],[95.6608692,27.4708391],[95.6530103,27.4747763],[95.6491883,27.4736057],[95.6459396,27.4704707],[95.636222,27.4694985],[95.6273772,27.4714535],[95.6247504,27.4738665],[95.6209401,27.4737435],[95.6163488,27.475866],[95.6120931,27.485308],[95.6126612,27.4877415],[95.6099213,27.4905502],[95.6118252,27.5004893],[95.6061756,27.5113025],[95.6007136,27.513612],[95.5975546,27.5171029],[95.5947864,27.5167039],[95.5891208,27.5187464],[95.5735032,27.5295864],[95.5581273,27.5368159],[95.5580151,27.5401628],[95.5562164,27.5415996],[95.5491976,27.5426227],[95.5466301,27.5457846],[95.5449679,27.5514155],[95.5476783,27.5641804],[95.5471398,27.5676265],[95.5396981,27.5709374],[95.5347897,27.570292],[95.5347863,27.5739887],[95.5334611,27.5752246],[95.5273341,27.574465],[95.5217356,27.5773047],[95.5161868,27.5779989],[95.5133804,27.5741333],[95.5109489,27.5647617],[95.5197099,27.5601271],[95.5204583,27.5561758],[95.5134885,27.5548233],[95.5082299,27.548441],[95.4965408,27.5473939],[95.5001906,27.5375894],[95.4965432,27.5325491],[95.4885449,27.5303024],[95.4775679,27.5236805],[95.4671592,27.5208079],[95.4671503,27.5155216],[95.4646104,27.5076458],[95.4531446,27.5014308],[95.4515696,27.4970978],[95.4407619,27.4909936],[95.4358567,27.4954975],[95.4325816,27.495869],[95.4222201,27.4958299],[95.4186475,27.4919601],[95.4156476,27.4945649],[95.4137896,27.499942],[95.4092059,27.4997672],[95.3976061,27.4959831],[95.3879667,27.4985866],[95.384483,27.5012204],[95.3814128,27.5068484],[95.3838705,27.5139981],[95.3829188,27.52022],[95.3805459,27.5243896],[95.3853147,27.5340364],[95.3877372,27.5352269],[95.3892754,27.5398839],[95.3949911,27.5440684],[95.3959632,27.5519283],[95.3933811,27.5585605],[95.3876202,27.5591236],[95.3806621,27.555809],[95.3747909,27.5574171],[95.3739214,27.5643346],[95.3757417,27.565151],[95.3749475,27.5665574],[95.3679184,27.5681509],[95.3645903,27.5716984],[95.3628159,27.5763026],[95.3639776,27.5789024],[95.359601,27.580455],[95.3601818,27.5817548],[95.3560631,27.5866836],[95.3559742,27.5896833],[95.3588696,27.591684],[95.361025,27.5909367],[95.3623378,27.5935922],[95.3674971,27.5937774],[95.3696246,27.598369],[95.3715792,27.5963843],[95.3728359,27.5983144],[95.3772673,27.5990794],[95.3793383,27.600549],[95.3808081,27.6056266],[95.3858484,27.6067044],[95.396328,27.6123167],[95.3990547,27.6143128],[95.3967785,27.6168926],[95.4023486,27.61837],[95.4012101,27.6196946],[95.4029854,27.6231124],[95.4041613,27.6202257],[95.4156888,27.6223226],[95.4166401,27.6242012],[95.4183336,27.6235374],[95.4230766,27.6287078],[95.4239712,27.6331166],[95.4226933,27.6346155],[95.4335642,27.6377304],[95.4350787,27.6466179],[95.4394575,27.6523868],[95.4427407,27.6636617],[95.4462396,27.6665862],[95.4463825,27.6695249],[95.4517783,27.6762108],[95.4549588,27.6764401],[95.4652606,27.6816479],[95.4693868,27.6900159],[95.4708979,27.7005842],[95.4692078,27.705388],[95.4688044,27.714431],[95.4629702,27.7283816],[95.4602264,27.7284211],[95.4587977,27.7308273],[95.4770079,27.7415405],[95.4831411,27.7504263],[95.4977868,27.7656556],[95.5200621,27.7793819],[95.525188,27.7847055],[95.5319774,27.7876909],[95.5607877,27.776131],[95.5675242,27.7699992],[95.5762448,27.7718069],[95.5858181,27.7716201],[95.5978799,27.774688],[95.6054771,27.7717979],[95.6123616,27.776371],[95.6264763,27.7791349],[95.6328379,27.7834983],[95.6473047,27.7831937],[95.6523324,27.7881048],[95.6569994,27.7901387],[95.6762405,27.7919177]]]}},{"type":"Feature","properties":{"district":"Udalguri","subdistrict":"Harisinga","dt_code":"326","sdt_code":"02151","dist_lgd":617,"subdt_lgd":2151,"st_nm":"ASSAM"},"geometry":{"type":"Polygon","coordinates":[[[91.9703291,26.8352763],[91.9763866,26.8069114],[91.9823948,26.798384],[91.9850022,26.7969344],[91.987741,26.7983053],[91.9903582,26.7948946],[91.9935513,26.7785759],[92.0016175,26.7674104],[92.0022142,26.7643516],[91.9991486,26.7618701],[91.9969453,26.7620389],[91.9959185,26.7599938],[91.9971456,26.7577264],[91.9962328,26.7551292],[91.9990932,26.7554533],[91.9984812,26.7513512],[92.0010476,26.7485862],[92.0006128,26.7463474],[92.0025461,26.7439271],[91.9986221,26.7411655],[92.0010263,26.7343625],[91.9992681,26.7310398],[92.0014572,26.7248953],[91.9994527,26.7224806],[92.0012037,26.721062],[91.9997516,26.7197903],[92.0000412,26.717002],[91.9888609,26.7122044],[91.9859491,26.7076104],[91.9836522,26.7091199],[91.9820127,26.7082081],[91.9830928,26.7025447],[91.9857212,26.6987862],[91.9868966,26.6914558],[91.9796393,26.6823862],[91.9777583,26.6762296],[91.9762139,26.677484],[91.9698248,26.6750092],[91.970208,26.6732016],[91.9743338,26.6703543],[91.9718657,26.6672955],[91.9759355,26.6547494],[91.9742804,26.6490272],[91.968474,26.6481505],[91.9690927,26.6433034],[91.9598207,26.640802],[91.9568463,26.6386583],[91.9476888,26.6397039],[91.9379043,26.6376355],[91.9309474,26.6379194],[91.9291774,26.6432409],[91.907006,26.6438705],[91.9011811,26.6427719],[91.9038898,26.6358598],[91.8965267,26.6308361],[91.8962663,26.6175568],[91.8918212,26.6136419],[91.887086,26.6157023],[91.8767943,26.6150884],[91.8743361,26.613708],[91.8565683,26.6133047],[91.8551902,26.6183194],[91.8401724,26.61708],[91.8385345,26.6254326],[91.833903,26.6282803],[91.7952272,26.6256729],[91.7884835,26.6206619],[91.7892876,26.6151948],[91.7931914,26.6106595],[91.7963519,26.6002281],[91.7953136,26.5965658],[91.7822274,26.5900528],[91.7847766,26.572351],[91.7818884,26.571909],[91.7811872,26.5741971],[91.7773779,26.5743747],[91.7644154,26.5688613],[91.7664145,26.5734705],[91.7647689,26.5729501],[91.7595494,26.5776617],[91.7536828,26.5770428],[91.7499626,26.5791244],[91.7489245,26.5813397],[91.749878,26.5829647],[91.7600329,26.585537],[91.7625493,26.5936847],[91.7599576,26.5950996],[91.7567418,26.5933819],[91.7571597,26.5921638],[91.7526726,26.5872589],[91.7503741,26.5869455],[91.7451324,26.5901069],[91.743751,26.5931144],[91.7449474,26.5960553],[91.7509457,26.6007823],[91.7515634,26.6049933],[91.7492838,26.6068099],[91.7410438,26.6014737],[91.7379578,26.6028525],[91.7370869,26.6055699],[91.7417731,26.6079581],[91.7441768,26.6120402],[91.7439571,26.6131731],[91.7403126,26.6135777],[91.7394629,26.6175902],[91.7431404,26.6198482],[91.743602,26.6246134],[91.7463609,26.6269217],[91.7448162,26.6287958],[91.7370021,26.6276286],[91.7330679,26.6302489],[91.7358473,26.6325115],[91.7397135,26.6328207],[91.7412084,26.6312762],[91.7476421,26.6321085],[91.7502073,26.6357996],[91.7468923,26.6401457],[91.7465862,26.6383551],[91.744088,26.6368049],[91.7389274,26.6381032],[91.7388448,26.640488],[91.7406264,26.640582],[91.7442631,26.6443286],[91.748342,26.6452083],[91.7487967,26.6466304],[91.7468933,26.6495987],[91.7396378,26.6481417],[91.7391768,26.649198],[91.7417435,26.649548],[91.7402023,26.6502081],[91.7416701,26.6515653],[91.7401204,26.6539492],[91.7327751,26.6564413],[91.7352743,26.6597789],[91.733106,26.6608278],[91.7355953,26.6701536],[91.737098,26.6710324],[91.741482,26.6698467],[91.7432022,26.6721604],[91.7403805,26.6734803],[91.7425912,26.673957],[91.7405438,26.6761202],[91.7426382,26.6757756],[91.7454586,26.6880029],[91.7377199,26.6933063],[91.7378148,26.6959333],[91.7424568,26.7007629],[91.7388736,26.7050799],[91.7350778,26.7135532],[91.7330841,26.7148949],[91.7350402,26.7272493],[91.7331793,26.7312625],[91.7308729,26.731738],[91.7310773,26.7354429],[91.7231528,26.7448195],[91.7221997,26.7497552],[91.7169078,26.7558601],[91.7125085,26.774102],[91.7130811,26.7856455],[91.7048605,26.8129307],[91.720812,26.8118148],[91.8241467,26.8640435],[91.8591119,26.9133388],[91.8849398,26.9166664],[91.8917364,26.9190627],[91.9435985,26.8949926],[91.9642053,26.8825266],[91.9667084,26.8777785],[91.9623189,26.8708235],[91.9592103,26.8567883],[91.9644287,26.8444679],[91.9703291,26.8352763]]]}},{"type":"Feature","properties":{"district":"Tamulpur","subdistrict":"Tamulpur","dt_code":"816","sdt_code":"02144","dist_lgd":756,"subdt_lgd":2144,"st_nm":"ASSAM"},"geometry":{"type":"Polygon","coordinates":[[[91.4483587,26.8107727],[91.4639504,26.8023522],[91.495107,26.7912059],[91.5924235,26.8051914],[91.6255243,26.8208658],[91.6897967,26.8064515],[91.7048605,26.8129307],[91.705321,26.7916441],[91.7001937,26.7742359],[91.7023691,26.7685476],[91.7002079,26.7595043],[91.700922,26.7554227],[91.6983906,26.7510672],[91.7010941,26.7430153],[91.7054577,26.739229],[91.7045738,26.7323641],[91.7059442,26.7279235],[91.7039509,26.721307],[91.70476,26.7145326],[91.7075146,26.7095234],[91.6934907,26.7064402],[91.6915538,26.6916382],[91.6835163,26.6861442],[91.6854067,26.6748989],[91.6799369,26.664079],[91.6832432,26.6575827],[91.6770767,26.653653],[91.6714082,26.655109],[91.6760979,26.6511436],[91.675968,26.6428711],[91.6743814,26.6375149],[91.6644264,26.6348487],[91.6582259,26.6367571],[91.6613133,26.6322401],[91.6671423,26.6312889],[91.6712287,26.6232884],[91.6697996,26.6197414],[91.6671592,26.6190435],[91.6596458,26.6246908],[91.6588386,26.6221685],[91.6684386,26.6166491],[91.6730022,26.6163086],[91.6753273,26.6141207],[91.6752851,26.6117996],[91.6707368,26.609195],[91.660241,26.609978],[91.6633361,26.603691],[91.6627388,26.5990871],[91.6649978,26.5955613],[91.6657346,26.5696309],[91.6639073,26.5638123],[91.6660893,26.5607053],[91.661059,26.5565869],[91.6623814,26.5522527],[91.6615413,26.549991],[91.6593269,26.5508794],[91.659487,26.5544832],[91.6566441,26.5585175],[91.6538366,26.5567123],[91.6530726,26.5546516],[91.6553836,26.5504504],[91.6496437,26.5479687],[91.6504108,26.5467406],[91.656255,26.5457884],[91.6541056,26.542815],[91.6544497,26.538244],[91.6525335,26.5382147],[91.6505684,26.5413915],[91.6478881,26.5363915],[91.643624,26.5387066],[91.6420945,26.538304],[91.6420924,26.5362036],[91.6393214,26.5356179],[91.6324511,26.5370592],[91.6310798,26.5331505],[91.6278778,26.5332855],[91.6290762,26.5263437],[91.6327191,26.524764],[91.6331729,26.5230429],[91.6230191,26.524556],[91.6197042,26.5221673],[91.6214552,26.5179049],[91.617861,26.5179311],[91.616187,26.5163683],[91.6146399,26.5186871],[91.6171618,26.525731],[91.6157566,26.5275909],[91.6197449,26.5314351],[91.6193916,26.5360603],[91.6172939,26.5360995],[91.6177003,26.5402765],[91.6210255,26.5411802],[91.6215945,26.5425983],[91.6191427,26.5458594],[91.6160669,26.5467746],[91.6187845,26.5510513],[91.6189917,26.5665205],[91.6059828,26.5678015],[91.6049056,26.5651681],[91.6060383,26.5560175],[91.601813,26.5543043],[91.5888542,26.5555452],[91.585384,26.5691683],[91.585286,26.577138],[91.5635566,26.5739834],[91.5257703,26.5628871],[91.516798,26.5680455],[91.5137856,26.5661759],[91.5007173,26.5724408],[91.5003416,26.5739382],[91.5047768,26.5774203],[91.50226,26.5793712],[91.5018835,26.5832638],[91.498896,26.5885038],[91.5030994,26.5898564],[91.5053271,26.5855725],[91.5059726,26.5863213],[91.5042701,26.5933619],[91.5005452,26.5934627],[91.4990637,26.595372],[91.5028999,26.6007222],[91.497349,26.6027576],[91.4932741,26.6062076],[91.4920765,26.6040453],[91.4910276,26.6043647],[91.4879537,26.613365],[91.4939434,26.6178409],[91.49131,26.6278348],[91.4940069,26.6266142],[91.5071657,26.6269276],[91.5095099,26.6298364],[91.505765,26.6423597],[91.5032239,26.642789],[91.501209,26.6451043],[91.5008666,26.6624882],[91.4966681,26.6662933],[91.4972998,26.6698473],[91.4925196,26.679054],[91.4900735,26.6961026],[91.4877106,26.6997725],[91.4821148,26.7025608],[91.4801079,26.7084545],[91.4732084,26.716841],[91.4699244,26.7197126],[91.4639111,26.7217293],[91.4602072,26.7254967],[91.4551031,26.7451948],[91.4571771,26.7497854],[91.4537747,26.7522151],[91.4426724,26.7681997],[91.4437645,26.7738658],[91.4382739,26.7880889],[91.4208058,26.8075163],[91.4177512,26.8154802],[91.413391,26.8209898],[91.4068068,26.8383939],[91.4076472,26.8396026],[91.4483587,26.8107727]]]}},{"type":"Feature","properties":{"district":"Baksa","subdistrict":"Baganpara (Pt)","dt_code":"324","sdt_code":"02139","dist_lgd":616,"subdt_lgd":2139,"st_nm":"ASSAM"},"geometry":{"type":"Polygon","coordinates":[[[91.4716078,26.7183084],[91.4801079,26.7084545],[91.4821148,26.7025608],[91.4877106,26.6997725],[91.4900735,26.6961026],[91.4925196,26.679054],[91.4972998,26.6698473],[91.4966681,26.6662933],[91.5008666,26.6624882],[91.501209,26.6451043],[91.5032239,26.642789],[91.505765,26.6423597],[91.5095099,26.6298364],[91.5071657,26.6269276],[91.4940069,26.6266142],[91.4926021,26.6281022],[91.49131,26.6278348],[91.4939434,26.6178409],[91.4879537,26.613365],[91.4910276,26.6043647],[91.4920765,26.6040453],[91.4932741,26.6062076],[91.497349,26.6027576],[91.5028999,26.6007222],[91.4990637,26.595372],[91.5005452,26.5934627],[91.5042701,26.5933619],[91.5059726,26.5863213],[91.5053271,26.5855725],[91.5030994,26.5898564],[91.498896,26.5885038],[91.5018835,26.5832638],[91.50226,26.5793712],[91.5047768,26.5774203],[91.5004577,26.5730988],[91.5128853,26.5664326],[91.516798,26.5680455],[91.5193724,26.5656747],[91.5223701,26.5656268],[91.5238205,26.5629775],[91.5280939,26.5638148],[91.5261654,26.5532768],[91.5145163,26.5400046],[91.5013913,26.5394688],[91.4983673,26.5332567],[91.4942979,26.5338589],[91.4945334,26.5479119],[91.491597,26.554416],[91.4912458,26.5611417],[91.476718,26.5701446],[91.47399,26.5712336],[91.4711503,26.5688026],[91.4706245,26.5647028],[91.4675934,26.5626143],[91.4344213,26.5634137],[91.434162,26.5669617],[91.4397378,26.569462],[91.4416886,26.5689038],[91.4437252,26.5714205],[91.4460691,26.5718029],[91.4464088,26.5785292],[91.4437807,26.5817482],[91.4458632,26.5888],[91.4439456,26.5897385],[91.4326054,26.588561],[91.4311302,26.5938878],[91.4333545,26.5965905],[91.4312136,26.5995571],[91.432707,26.6014741],[91.432825,26.6121149],[91.4237386,26.6140042],[91.4189158,26.6200651],[91.4205051,26.6257192],[91.4258489,26.6311576],[91.4200235,26.635274],[91.4228708,26.6411665],[91.4216453,26.6439043],[91.4176683,26.6464645],[91.4216923,26.6489662],[91.4227593,26.6511948],[91.4156466,26.6557335],[91.416046,26.6581161],[91.4191727,26.6609854],[91.4155532,26.6707156],[91.4197201,26.6794704],[91.4159625,26.6789406],[91.41159,26.675973],[91.405443,26.6684614],[91.3896081,26.6713923],[91.3943041,26.6884522],[91.3902499,26.6907085],[91.3920876,26.7095018],[91.3867848,26.7180194],[91.4020428,26.7214667],[91.414709,26.7276839],[91.4136473,26.7584655],[91.3592446,26.7890085],[91.3760058,26.7952277],[91.4068068,26.8383939],[91.413391,26.8209898],[91.4177512,26.8154802],[91.4208058,26.8075163],[91.4382739,26.7880889],[91.4437645,26.7738658],[91.4426724,26.7681997],[91.4537747,26.7522151],[91.4571771,26.7497854],[91.4551031,26.7451948],[91.4602072,26.7254967],[91.4639111,26.7217293],[91.4716078,26.7183084]]]}},{"type":"Feature","properties":{"district":"Baksa","subdistrict":"Baska","dt_code":"324","sdt_code":"02143","dist_lgd":616,"subdt_lgd":2143,"st_nm":"ASSAM"},"geometry":{"type":"Polygon","coordinates":[[[91.3592446,26.7890085],[91.4136473,26.7584655],[91.414709,26.7276839],[91.4020428,26.7214667],[91.3867848,26.7180194],[91.3920876,26.7095018],[91.3902499,26.6907085],[91.3943041,26.6884522],[91.3896081,26.6713923],[91.405443,26.6684614],[91.41159,26.675973],[91.4159625,26.6789406],[91.4197201,26.6794704],[91.4155532,26.6707156],[91.4191727,26.6609854],[91.416046,26.6581161],[91.4156466,26.6557335],[91.4227593,26.6511948],[91.4216923,26.6489662],[91.4176683,26.6464645],[91.4216453,26.6439043],[91.4228708,26.6411665],[91.4200235,26.635274],[91.4257602,26.6319207],[91.4254299,26.6297222],[91.4205051,26.6257192],[91.4186513,26.6215031],[91.4237386,26.6140042],[91.4198826,26.6158827],[91.414519,26.613593],[91.4093043,26.6183533],[91.4069395,26.6153535],[91.3996728,26.6185644],[91.3750115,26.6166388],[91.3663931,26.6042212],[91.3664009,26.5921505],[91.3588812,26.5800749],[91.3583165,26.5745491],[91.3555831,26.572742],[91.3510485,26.5730835],[91.3490932,26.569296],[91.3477593,26.57015],[91.3434155,26.5645915],[91.3379165,26.5643235],[91.3326143,26.5602463],[91.3248506,26.5601567],[91.3251519,26.5615723],[91.3230294,26.5619337],[91.3230002,26.5641861],[91.3257681,26.5705978],[91.3310496,26.5728461],[91.3351782,26.5825355],[91.3163973,26.5795798],[91.3090125,26.5724563],[91.3072707,26.5641699],[91.3038533,26.5615214],[91.2943213,26.5638028],[91.2912545,26.5623431],[91.2922527,26.5638266],[91.2911893,26.5690689],[91.291937,26.5699001],[91.2931886,26.5682391],[91.294921,26.568493],[91.2936681,26.5719152],[91.2913779,26.5720448],[91.2913559,26.5746414],[91.2942403,26.5794389],[91.2981522,26.5801365],[91.29787,26.5814459],[91.2550636,26.5852475],[91.2368836,26.5884109],[91.2389289,26.5918817],[91.2413628,26.5912571],[91.2442511,26.5933081],[91.2475497,26.5908107],[91.2526053,26.5931367],[91.2544681,26.5984375],[91.2615653,26.6040363],[91.2627962,26.6166487],[91.2685237,26.622062],[91.260591,26.6216448],[91.2480354,26.6163808],[91.2361446,26.6151609],[91.2370066,26.6172164],[91.2356848,26.6207534],[91.246449,26.6244401],[91.2466967,26.6282435],[91.2411906,26.6327112],[91.2445163,26.6367395],[91.2434222,26.640945],[91.2442637,26.6442135],[91.2571538,26.6637836],[91.2635798,26.6638883],[91.2677515,26.6669263],[91.2738225,26.6659811],[91.279648,26.6706752],[91.2906539,26.6941477],[91.292783,26.7063194],[91.2983169,26.7182232],[91.2970299,26.7319667],[91.3002656,26.7380378],[91.3005741,26.7424037],[91.2983533,26.7528412],[91.294644,26.7584751],[91.297384,26.7711828],[91.2919566,26.7794955],[91.2946471,26.7844817],[91.2966306,26.7869671],[91.3372479,26.7808609],[91.3592446,26.7890085]]]}},{"type":"Feature","properties":{"district":"Baksa","subdistrict":"Jalah (Pt)","dt_code":"324","sdt_code":"02140","dist_lgd":616,"subdt_lgd":2140,"st_nm":"ASSAM"},"geometry":{"type":"Polygon","coordinates":[[[91.2368872,26.8120026],[91.2770888,26.8003128],[91.2966306,26.7869671],[91.2919566,26.7794955],[91.297384,26.7711828],[91.294644,26.7584751],[91.2983533,26.7528412],[91.3005741,26.7424037],[91.3002656,26.7380378],[91.2970299,26.7319667],[91.2983169,26.7182232],[91.292783,26.7063194],[91.2906539,26.6941477],[91.279648,26.6706752],[91.2738225,26.6659811],[91.2677515,26.6669263],[91.2635798,26.6638883],[91.2571538,26.6637836],[91.2448268,26.6453836],[91.2434222,26.640945],[91.2445163,26.6367395],[91.2411906,26.6327112],[91.2471174,26.6274704],[91.2458119,26.6236521],[91.2356848,26.6207534],[91.2356067,26.6194445],[91.2070588,26.6191016],[91.2021091,26.6145259],[91.2088306,26.607427],[91.2079808,26.5965478],[91.1923528,26.5963495],[91.1937549,26.6045756],[91.1971598,26.6099501],[91.192069,26.6143986],[91.1834433,26.6114456],[91.1755208,26.6126185],[91.1758496,26.6143443],[91.1668971,26.6185896],[91.1667531,26.627614],[91.1616604,26.6320614],[91.1615881,26.6365736],[91.1554031,26.6473005],[91.1556217,26.6504294],[91.1579931,26.6502603],[91.1571139,26.652666],[91.1423503,26.6653188],[91.1437537,26.6743027],[91.1504542,26.6948785],[91.1036875,26.7087935],[91.1525328,26.7440427],[91.151609,26.7610717],[91.1416055,26.7700228],[91.1370996,26.7709491],[91.1328779,26.7781555],[91.1433382,26.8114937],[91.1921282,26.8134241],[91.2368872,26.8120026]]]}},{"type":"Feature","properties":{"district":"Baksa","subdistrict":"Barnagar (Pt)","dt_code":"324","sdt_code":"02018","dist_lgd":616,"subdt_lgd":2018,"st_nm":"ASSAM"},"geometry":{"type":"Polygon","coordinates":[[[91.1433382,26.8114937],[91.1328779,26.7781555],[91.1370996,26.7709491],[91.1416055,26.7700228],[91.151609,26.7610717],[91.1525328,26.7440427],[91.1121577,26.7155121],[91.0907956,26.6985652],[91.0603172,26.6696894],[91.0578906,26.6688979],[91.0387784,26.6712518],[91.0350432,26.6692237],[91.0324811,26.6639343],[91.0329002,26.661863],[91.0391958,26.6603404],[91.0407819,26.6530454],[91.0463623,26.6531523],[91.0476014,26.6516394],[91.0446482,26.6457998],[91.0344325,26.637138],[91.0288135,26.6351072],[91.032254,26.6259272],[91.0292979,26.6215127],[91.0290541,26.6187033],[91.0343422,26.6061567],[91.025242,26.5981101],[91.0281553,26.5951695],[91.0286631,26.5908347],[91.0398195,26.59155],[91.042534,26.5858493],[91.0551662,26.5849967],[91.0613901,26.5807425],[91.0628756,26.575296],[91.0600522,26.5620262],[91.0608663,26.558116],[91.0550523,26.5552909],[91.0456091,26.5548809],[91.0426962,26.5573212],[91.0412516,26.5569609],[91.0343933,26.5455592],[91.033707,26.5406377],[91.0291701,26.5352559],[91.027942,26.5306184],[91.0069933,26.5304647],[91.0054316,26.5314867],[91.0007013,26.5299871],[90.9987467,26.5244687],[90.9933218,26.5250715],[90.9910692,26.5238951],[90.9911523,26.5180247],[90.9967547,26.5178518],[90.9980897,26.5146297],[90.9954808,26.5112742],[90.9942823,26.5047546],[90.9984973,26.4997396],[91.000489,26.4907518],[90.9986457,26.4856993],[90.999447,26.4800381],[91.0021783,26.4760584],[91.0006095,26.4739051],[91.0002666,26.4688145],[91.0027398,26.4652666],[91.0044209,26.465963],[91.0080676,26.4577436],[91.0114532,26.4590845],[91.0103507,26.4565461],[91.0165969,26.4543878],[91.0173976,26.4521703],[91.0160379,26.4514035],[91.016204,26.4488968],[91.0141483,26.4490439],[91.0137777,26.4454838],[91.0146137,26.4446263],[91.0162486,26.4456661],[91.0172961,26.4438081],[91.0155356,26.4423136],[91.0163797,26.4409322],[91.0135187,26.4385939],[91.0095315,26.4390377],[91.0102982,26.4374303],[91.0088451,26.4371697],[91.0089817,26.4357939],[91.0105754,26.4350986],[91.0096811,26.4336112],[91.0070426,26.433467],[91.0063567,26.4347184],[91.0051504,26.4332011],[91.0041627,26.4361113],[91.0026101,26.4337406],[91.0009636,26.4338642],[90.9938109,26.4390989],[90.9932507,26.4336971],[90.9898131,26.4334847],[90.9885693,26.4289629],[90.9826559,26.4264991],[90.9762441,26.4272092],[90.975769,26.4299205],[90.9799467,26.4335604],[90.9798766,26.4378098],[90.983386,26.4410736],[90.9835552,26.4433327],[90.9824809,26.4448962],[90.9796641,26.445178],[90.9799709,26.4411328],[90.9766511,26.4393492],[90.9703632,26.4426826],[90.9694573,26.4447051],[90.9709879,26.4467303],[90.9769101,26.4484323],[90.9792521,26.4551821],[90.9729687,26.4535074],[90.9708705,26.4566498],[90.9673399,26.4555057],[90.9669077,26.4474279],[90.9681977,26.4428962],[90.9590602,26.4378471],[90.955884,26.440904],[90.9592357,26.4452166],[90.9589982,26.4497657],[90.9641349,26.4537476],[90.9638462,26.4566632],[90.9663803,26.4595229],[90.9644205,26.4603363],[90.9592399,26.458683],[90.9580893,26.4548974],[90.9508414,26.4580151],[90.9473103,26.4557198],[90.947934,26.4590725],[90.9562165,26.4586396],[90.9601799,26.4636627],[90.9560557,26.4704883],[90.9522355,26.4711142],[90.9437848,26.4682162],[90.939664,26.469831],[90.9354423,26.4810341],[90.9377824,26.4815961],[90.9401581,26.4847619],[90.9583864,26.4848766],[90.9633206,26.48946],[90.9726959,26.4946633],[90.9770046,26.5000031],[90.9756121,26.5257106],[90.9768699,26.5295968],[90.9767356,26.5396866],[90.9772045,26.541002],[90.9817632,26.5408357],[90.9813326,26.5544603],[90.9859474,26.554736],[90.9853092,26.5751796],[90.995823,26.5718006],[90.9946369,26.5784814],[90.9968093,26.5812963],[90.9948227,26.6007845],[90.9908877,26.6009594],[90.9890799,26.590522],[90.967992,26.5904528],[90.9659521,26.5956969],[90.9663159,26.599246],[90.963546,26.5986987],[90.9632566,26.5911153],[90.9652994,26.5845156],[90.9634622,26.5831421],[90.9525729,26.5836248],[90.9487659,26.5824366],[90.9487196,26.5663405],[90.9343558,26.5670229],[90.9330951,26.555349],[90.9266419,26.5549665],[90.9220916,26.557936],[90.9214504,26.5525176],[90.9180657,26.5452897],[90.9051377,26.5451366],[90.8944607,26.5494254],[90.8893293,26.5532507],[90.8783872,26.556761],[90.8749283,26.5706749],[90.8713405,26.5732743],[90.8729528,26.5755893],[90.8696889,26.576851],[90.8700602,26.5796759],[90.8721834,26.5819553],[90.875659,26.5835242],[90.8801862,26.5828948],[90.8849556,26.587306],[90.8864959,26.5907692],[90.8844106,26.5938411],[90.8997073,26.5976297],[90.9010594,26.5991535],[90.8960797,26.6025053],[90.8959214,26.6206508],[90.8945111,26.6272623],[90.9010784,26.6353536],[90.9018338,26.6443745],[90.9005389,26.6477684],[90.9028613,26.6565452],[90.8994126,26.6641138],[90.8951683,26.6643401],[90.8955969,26.673],[90.9015512,26.6808828],[90.8987894,26.6859376],[90.8996092,26.6902652],[90.907659,26.6954667],[90.9163366,26.7118682],[90.913425,26.7199424],[90.9143575,26.7278258],[90.9205571,26.7357798],[90.9227407,26.7413208],[90.9281303,26.7447981],[90.9403339,26.7711419],[90.9466444,26.7783699],[90.9536226,26.7795713],[90.9592824,26.7844833],[90.9918745,26.7906423],[91.0540604,26.7809854],[91.0975627,26.8219929],[91.1433382,26.8114937]]]}},{"type":"Feature","properties":{"district":"Barpeta","subdistrict":"Barnagar (Pt)","dt_code":"303","sdt_code":"02018","dist_lgd":280,"subdt_lgd":2018,"st_nm":"ASSAM"},"geometry":{"type":"Polygon","coordinates":[[[90.8959214,26.6206508],[90.8960797,26.6025053],[90.9003331,26.6004176],[90.9008183,26.5985925],[90.8844106,26.5938411],[90.8864959,26.5907692],[90.8849556,26.587306],[90.8801862,26.5828948],[90.875659,26.5835242],[90.8721834,26.5819553],[90.8696039,26.5773577],[90.8729528,26.5755893],[90.8713405,26.5732743],[90.8749283,26.5706749],[90.8783872,26.556761],[90.8893293,26.5532507],[90.8944607,26.5494254],[90.906827,26.5447972],[90.9180657,26.5452897],[90.9214504,26.5525176],[90.9220916,26.557936],[90.9266419,26.5549665],[90.9330951,26.555349],[90.9343558,26.5670229],[90.9487196,26.5663405],[90.9487659,26.5824366],[90.9525729,26.5836248],[90.9634622,26.5831421],[90.9652994,26.5845156],[90.9632566,26.5911153],[90.963546,26.5986987],[90.9663159,26.599246],[90.9659521,26.5956969],[90.967992,26.5904528],[90.9890799,26.590522],[90.9908877,26.6009594],[90.9948227,26.6007845],[90.9968093,26.5812963],[90.9946369,26.5784814],[90.995823,26.5718006],[90.9853092,26.5751796],[90.9859474,26.554736],[90.9813326,26.5544603],[90.9817632,26.5408357],[90.9772045,26.541002],[90.9767356,26.5396866],[90.9768699,26.5295968],[90.9756121,26.5257106],[90.9770046,26.5000031],[90.9726959,26.4946633],[90.9633206,26.48946],[90.9583864,26.4848766],[90.9401581,26.4847619],[90.9353943,26.4804747],[90.9392823,26.4703906],[90.9418509,26.4686474],[90.9446206,26.4683664],[90.9522355,26.4711142],[90.957747,26.4688189],[90.9601803,26.4626584],[90.9562165,26.4586396],[90.947934,26.4590725],[90.9473103,26.4557198],[90.9508414,26.4580151],[90.9580893,26.4548974],[90.9592399,26.458683],[90.9644205,26.4603363],[90.9663803,26.4595229],[90.9638462,26.4566632],[90.9641349,26.4537476],[90.9589982,26.4497657],[90.9592357,26.4452166],[90.955884,26.440904],[90.9590602,26.4378471],[90.9681977,26.4428962],[90.9669077,26.4474279],[90.9673399,26.4555057],[90.9708705,26.4566498],[90.9729687,26.4535074],[90.9792521,26.4551821],[90.9769101,26.4484323],[90.9709879,26.4467303],[90.9694573,26.4447051],[90.9703632,26.4426826],[90.9766511,26.4393492],[90.9799709,26.4411328],[90.9796641,26.445178],[90.9824809,26.4448962],[90.9835552,26.4433327],[90.983386,26.4410736],[90.9798766,26.4378098],[90.9802336,26.434055],[90.975436,26.4284262],[90.9789561,26.4264157],[90.9821011,26.426604],[90.9817521,26.4162192],[90.9655177,26.4276776],[90.9455637,26.4450404],[90.9314021,26.453349],[90.9328228,26.4547908],[90.9298397,26.4554233],[90.9306316,26.4591435],[90.928337,26.4578401],[90.9276404,26.4547295],[90.921393,26.4562067],[90.9201259,26.4588766],[90.917188,26.4590434],[90.9160096,26.4622465],[90.9181634,26.4673742],[90.9170612,26.4679906],[90.9114362,26.4672663],[90.909759,26.4646865],[90.910592,26.4629332],[90.9147758,26.4618318],[90.9141595,26.4417459],[90.9187033,26.4339154],[90.9185197,26.4289713],[90.9126957,26.4270172],[90.9084177,26.4280544],[90.90722,26.4236582],[90.8977473,26.4220548],[90.8968186,26.4195104],[90.8761063,26.4192313],[90.8743485,26.4184676],[90.876739,26.4164304],[90.8761745,26.4149436],[90.8713649,26.4129646],[90.8670659,26.4131162],[90.8661907,26.4156386],[90.8512117,26.4144892],[90.8531913,26.4191336],[90.8570003,26.420461],[90.8615597,26.4311212],[90.8551868,26.4395549],[90.8456759,26.4440163],[90.829644,26.4316687],[90.821092,26.4323966],[90.8105429,26.4280098],[90.7987342,26.4268438],[90.7938712,26.4280549],[90.7896317,26.4332287],[90.7871757,26.43913],[90.7900913,26.4416771],[90.7969424,26.4442581],[90.8018377,26.4405874],[90.8163619,26.4380492],[90.8210377,26.4407274],[90.8272053,26.448298],[90.827168,26.4532892],[90.8202418,26.4578355],[90.818967,26.4603667],[90.8196426,26.4628762],[90.8164274,26.4650636],[90.8191366,26.4716807],[90.8183021,26.4756607],[90.8131572,26.4754824],[90.8037383,26.4778786],[90.8020549,26.4830946],[90.80594,26.4932236],[90.804579,26.4961201],[90.8086006,26.5007127],[90.8101456,26.5005514],[90.813611,26.4987522],[90.8173003,26.4933925],[90.8225867,26.4905141],[90.8258717,26.4935161],[90.826402,26.4993577],[90.8290783,26.5015329],[90.8392808,26.5031474],[90.8417388,26.5017753],[90.8417992,26.5000398],[90.8494692,26.5081804],[90.8513436,26.5147663],[90.8504784,26.5239801],[90.8538436,26.5286111],[90.8520121,26.5298968],[90.855097,26.5324066],[90.8524273,26.5354839],[90.847556,26.5337138],[90.8419156,26.5374852],[90.8379021,26.536753],[90.8319107,26.5387051],[90.8311918,26.5420625],[90.8283765,26.543095],[90.8278588,26.5566289],[90.8267888,26.5588216],[90.8180496,26.5637507],[90.8181424,26.5685886],[90.8216547,26.570007],[90.8257071,26.5755007],[90.8350941,26.5712258],[90.8465568,26.5714816],[90.8476695,26.5771681],[90.853154,26.5824222],[90.8505138,26.5829993],[90.8564886,26.5982807],[90.8680092,26.5997759],[90.8736261,26.6089779],[90.8748356,26.6157879],[90.8794045,26.6198268],[90.8931924,26.6253183],[90.8945925,26.6270077],[90.8959214,26.6206508]]]}},{"type":"Feature","properties":{"district":"Barpeta","subdistrict":"Baghbor","dt_code":"303","sdt_code":"02020","dist_lgd":280,"subdt_lgd":2020,"st_nm":"ASSAM"},"geometry":{"type":"Polygon","coordinates":[[[90.9003505,26.3639513],[90.9185088,26.3638617],[90.9178767,26.3591971],[90.9189928,26.3578879],[90.9261594,26.3562783],[90.9381122,26.3436838],[90.950287,26.3396699],[90.9541844,26.3334252],[90.9477104,26.3272312],[90.9447085,26.3217169],[90.9459306,26.3176914],[90.9452426,26.3128469],[90.9497673,26.306882],[90.9541148,26.3044125],[90.9558347,26.3059793],[90.9650762,26.3064979],[90.9740782,26.3111589],[90.9785136,26.3057012],[90.9935799,26.3023625],[90.9987239,26.2979367],[91.0022442,26.289747],[90.9993363,26.2853349],[90.999743,26.2814687],[90.9980203,26.2773424],[90.993043,26.2703057],[90.9937278,26.2640397],[90.9987599,26.2591291],[91.0047937,26.2579031],[91.0256024,26.2592365],[91.0261116,26.2580308],[91.0250077,26.2500438],[91.0290266,26.2319538],[91.0184242,26.226116],[91.0179204,26.224243],[91.0192642,26.2232245],[91.0222057,26.2233244],[91.0284979,26.218816],[91.0430554,26.2285596],[91.0509428,26.2212283],[91.0555599,26.2194232],[91.0611375,26.220813],[91.0675889,26.2196024],[91.0902468,26.2283355],[91.1065057,26.2265057],[91.0845207,26.2238219],[91.081293,26.2219895],[91.0774958,26.2151306],[91.0736114,26.211754],[91.0617443,26.2168596],[91.0536927,26.2180788],[91.0424853,26.2130941],[91.0312992,26.2026291],[91.0172361,26.198745],[91.0124421,26.198375],[91.0085978,26.2064611],[91.0060442,26.2064321],[91.0052308,26.2104597],[90.9769889,26.2075365],[90.9664359,26.2033862],[90.9561649,26.2015938],[90.9525489,26.1978666],[90.9231525,26.1880406],[90.9078347,26.1806634],[90.9004604,26.1755713],[90.8956073,26.1707598],[90.9006254,26.1642655],[90.9116069,26.1633665],[90.9248899,26.1567617],[90.9411006,26.1401492],[90.9486706,26.1394823],[90.9575105,26.1464111],[90.9671587,26.1447459],[90.9909902,26.1498334],[90.9959273,26.1482068],[90.9992281,26.1421089],[91.0038013,26.1401318],[91.0064528,26.1280158],[90.9978655,26.1281921],[91.0076798,26.1197367],[91.0094143,26.1154957],[91.0076411,26.1150711],[91.0016469,26.1191166],[90.9953435,26.1194874],[90.953509,26.0958859],[90.9403217,26.0929021],[90.935302,26.101207],[90.9335496,26.1012689],[90.9247938,26.0969391],[90.9237846,26.0936369],[90.9163664,26.0896566],[90.8723324,26.0953931],[90.8692084,26.0970764],[90.8600596,26.1123844],[90.8486415,26.1148559],[90.8395999,26.1090772],[90.8371947,26.11178],[90.8248844,26.1185279],[90.8157503,26.1197205],[90.7942082,26.1275177],[90.7929071,26.1291146],[90.7669742,26.1342561],[90.7456021,26.1360885],[90.7333887,26.135967],[90.7305405,26.1338806],[90.7217528,26.1327368],[90.7145225,26.1300417],[90.7079932,26.1458409],[90.6940875,26.1507435],[90.6840982,26.1720251],[90.6770029,26.1810396],[90.6765119,26.1898468],[90.6737607,26.1970709],[90.6711192,26.1995636],[90.6900625,26.192605],[90.7312789,26.1971828],[90.7355305,26.1967826],[90.7415681,26.1935744],[90.746386,26.1977529],[90.7571401,26.2017364],[90.7592488,26.2191377],[90.7680367,26.227725],[90.7765732,26.2279943],[90.7807751,26.229798],[90.7890189,26.2371211],[90.7933252,26.2429445],[90.7951683,26.2440507],[90.8009749,26.2432739],[90.8044125,26.2458817],[90.8088634,26.2594134],[90.8134077,26.2591924],[90.8176292,26.2486436],[90.8221622,26.2476847],[90.8280098,26.2544473],[90.8266807,26.262245],[90.8368029,26.2670996],[90.8392642,26.264888],[90.8429409,26.2500805],[90.8476949,26.2503137],[90.8485062,26.2528348],[90.8425534,26.2591286],[90.8430258,26.2643044],[90.8265365,26.2833255],[90.8284569,26.2886205],[90.8267168,26.2933707],[90.8370176,26.2988725],[90.8373286,26.3066904],[90.848846,26.3083062],[90.8507233,26.310055],[90.852397,26.3156839],[90.8623018,26.3158537],[90.868741,26.3193787],[90.8805235,26.3199],[90.8905042,26.324412],[90.8933824,26.3294733],[90.8929155,26.3395801],[90.8973787,26.3371412],[90.8985919,26.3387747],[90.9043256,26.3403072],[90.9008316,26.348874],[90.8974616,26.3526532],[90.897974,26.355839],[90.9018397,26.3571262],[90.9024422,26.3585876],[90.9003505,26.3639513]]]}},{"type":"Feature","properties":{"district":"Barpeta","subdistrict":"Kalgachia","dt_code":"303","sdt_code":"02019","dist_lgd":280,"subdt_lgd":2019,"st_nm":"ASSAM"},"geometry":{"type":"Polygon","coordinates":[[[90.9185416,26.4289716],[90.9244764,26.4275227],[90.9258665,26.4252744],[90.9292767,26.4271298],[90.9267537,26.4203532],[90.9287995,26.421257],[90.929483,26.4181219],[90.9263423,26.4166235],[90.9241116,26.4180682],[90.9233491,26.4169722],[90.9261263,26.412048],[90.9256823,26.4100119],[90.9233562,26.4089665],[90.9252089,26.4055617],[90.9238442,26.4040312],[90.9316537,26.3976591],[90.930164,26.3917902],[90.9332115,26.3894842],[90.9316739,26.3879005],[90.9342828,26.3870466],[90.9310758,26.3844254],[90.9311089,26.3806645],[90.9288313,26.3798306],[90.9293847,26.3769193],[90.9225668,26.3728593],[90.9209239,26.3703969],[90.9194283,26.3641119],[90.9003505,26.3639513],[90.9024422,26.3585876],[90.9018397,26.3571262],[90.897974,26.355839],[90.8974616,26.3526532],[90.9008316,26.348874],[90.9043256,26.3403072],[90.8985919,26.3387747],[90.8973787,26.3371412],[90.8929155,26.3395801],[90.8933824,26.3294733],[90.8905042,26.324412],[90.8805235,26.3199],[90.868741,26.3193787],[90.8623018,26.3158537],[90.852397,26.3156839],[90.8507233,26.310055],[90.848846,26.3083062],[90.8373286,26.3066904],[90.8370176,26.2988725],[90.8267168,26.2933707],[90.8284569,26.2886205],[90.8265365,26.2833255],[90.8430258,26.2643044],[90.8425534,26.2591286],[90.8485062,26.2528348],[90.8476949,26.2503137],[90.8429409,26.2500805],[90.8392642,26.264888],[90.8368029,26.2670996],[90.8266807,26.262245],[90.8280098,26.2544473],[90.8221622,26.2476847],[90.8176292,26.2486436],[90.8134077,26.2591924],[90.8088634,26.2594134],[90.8044125,26.2458817],[90.8009749,26.2432739],[90.7951683,26.2440507],[90.7933252,26.2429445],[90.7890189,26.2371211],[90.7807751,26.229798],[90.7765732,26.2279943],[90.7680367,26.227725],[90.7592488,26.2191377],[90.7571401,26.2017364],[90.746386,26.1977529],[90.7415681,26.1935744],[90.7355305,26.1967826],[90.7312789,26.1971828],[90.6900625,26.192605],[90.6782244,26.1962086],[90.6690015,26.2012694],[90.6714045,26.2026536],[90.6653642,26.218068],[90.6533959,26.2372779],[90.6605058,26.24667],[90.6823923,26.2572601],[90.7029122,26.2558308],[90.7174036,26.2635853],[90.7252068,26.2562803],[90.7333656,26.2576878],[90.7312037,26.2682574],[90.720094,26.2683738],[90.7204264,26.2823936],[90.7298985,26.2929275],[90.7455379,26.3008298],[90.7504416,26.3060998],[90.7515909,26.3095443],[90.761974,26.3118725],[90.7674045,26.3065242],[90.771696,26.3044062],[90.7824275,26.3020984],[90.7892226,26.3025403],[90.7973578,26.3057355],[90.8034656,26.305856],[90.8066943,26.3120765],[90.8038237,26.3173959],[90.800912,26.3206528],[90.7906042,26.3239282],[90.7895366,26.3293115],[90.7993938,26.3345881],[90.8049752,26.3430798],[90.8036479,26.34752],[90.8105544,26.3551862],[90.8179841,26.3667741],[90.8255865,26.3651387],[90.8410074,26.35762],[90.8485629,26.3606994],[90.857021,26.3607819],[90.8597683,26.3626235],[90.8620364,26.3727959],[90.8612456,26.3771779],[90.8460862,26.3939503],[90.8453513,26.4056337],[90.8512117,26.4144892],[90.864183,26.4157783],[90.8667665,26.4153524],[90.8670659,26.4131162],[90.8725839,26.4131752],[90.8761745,26.4149436],[90.876739,26.4164304],[90.8743817,26.4182191],[90.8752128,26.4189982],[90.8968186,26.4195104],[90.8977473,26.4220548],[90.90722,26.4236582],[90.9084177,26.4280544],[90.9126957,26.4270172],[90.9185416,26.4289716]]]}},{"type":"Feature","properties":{"district":"Bongaigaon","subdistrict":"Boitamari","dt_code":"319","sdt_code":"02111","dist_lgd":281,"subdt_lgd":2111,"st_nm":"ASSAM"},"geometry":{"type":"Polygon","coordinates":[[[90.6618664,26.4450145],[90.6861105,26.448322],[90.6880117,26.4470321],[90.6881638,26.4408975],[90.6855347,26.4372267],[90.6805399,26.434831],[90.6777218,26.4350237],[90.6740766,26.438242],[90.668072,26.4367037],[90.6669352,26.4348328],[90.6673617,26.4307209],[90.6739766,26.425444],[90.6813343,26.4289774],[90.6850168,26.4274264],[90.6950169,26.4292937],[90.6970279,26.4280889],[90.698101,26.4258355],[90.6941532,26.4135783],[90.696408,26.4114008],[90.7077571,26.4209047],[90.7075637,26.4259286],[90.7104469,26.427726],[90.7127218,26.4265957],[90.7142348,26.421945],[90.713158,26.4183537],[90.7066241,26.4101526],[90.7073549,26.4076166],[90.7107167,26.4065508],[90.7226725,26.4129729],[90.7252544,26.4121443],[90.7307181,26.413516],[90.7327841,26.4036538],[90.7370425,26.4031367],[90.7406659,26.4137956],[90.7460696,26.4199352],[90.7514507,26.4220785],[90.7544537,26.4216398],[90.7562675,26.4193342],[90.7547167,26.4156364],[90.7492356,26.4154106],[90.7460122,26.4127043],[90.7448656,26.4093883],[90.7411788,26.4096419],[90.7406766,26.4037216],[90.7459399,26.4012236],[90.7482191,26.4035279],[90.753821,26.4030798],[90.7569688,26.4052511],[90.7596608,26.4044033],[90.7523733,26.3951646],[90.7519552,26.3875274],[90.7556846,26.3820256],[90.7646736,26.3824835],[90.7681478,26.3845982],[90.7698738,26.386701],[90.770167,26.3975401],[90.7837524,26.4089947],[90.7922209,26.4130819],[90.8005593,26.415595],[90.8043401,26.4152801],[90.8109667,26.4129282],[90.8196671,26.4059643],[90.8213959,26.4040398],[90.8216045,26.3992369],[90.8248129,26.3962676],[90.8301935,26.3982875],[90.8396875,26.3989304],[90.8450261,26.4032109],[90.8465702,26.3927094],[90.8603622,26.3786987],[90.8618092,26.3705981],[90.8590131,26.3615809],[90.8485629,26.3606994],[90.8410074,26.35762],[90.8255865,26.3651387],[90.8179841,26.3667741],[90.8105544,26.3551862],[90.8036479,26.34752],[90.8049752,26.3430798],[90.7993938,26.3345881],[90.7895366,26.3293115],[90.7906042,26.3239282],[90.800912,26.3206528],[90.8038237,26.3173959],[90.8066943,26.3120765],[90.8034656,26.305856],[90.7973578,26.3057355],[90.7892226,26.3025403],[90.7809686,26.3022554],[90.771696,26.3044062],[90.7674045,26.3065242],[90.7629882,26.3113543],[90.7591408,26.3121094],[90.7515909,26.3095443],[90.7504416,26.3060998],[90.7455379,26.3008298],[90.7298985,26.2929275],[90.7204264,26.2823936],[90.7199332,26.2688105],[90.7312037,26.2682574],[90.7333656,26.2576878],[90.7252068,26.2562803],[90.7174036,26.2635853],[90.7029122,26.2558308],[90.6823923,26.2572601],[90.6605058,26.24667],[90.6533959,26.2372779],[90.6653642,26.218068],[90.6714045,26.2026536],[90.6707401,26.2015461],[90.6690015,26.2012694],[90.6589844,26.2091491],[90.6542385,26.2112241],[90.6391051,26.2082345],[90.6224714,26.2019563],[90.6180562,26.209254],[90.6104165,26.2115114],[90.6212277,26.2181497],[90.6335882,26.221302],[90.6404804,26.224817],[90.6355748,26.2298327],[90.6220113,26.2311392],[90.6003663,26.2443606],[90.5993082,26.2507968],[90.6002182,26.2533555],[90.5979958,26.2559124],[90.6041235,26.2658027],[90.5975892,26.2704797],[90.6034831,26.2771396],[90.6132809,26.2735968],[90.618467,26.281081],[90.6160282,26.284236],[90.6177265,26.2934299],[90.625403,26.3054069],[90.622927,26.3090792],[90.628828,26.3241061],[90.628004,26.326045],[90.625276,26.3262307],[90.6255329,26.3311817],[90.6233269,26.3305689],[90.6236102,26.3336815],[90.617062,26.3422688],[90.6144307,26.3436868],[90.6075299,26.3405847],[90.6056955,26.3546872],[90.6002207,26.355902],[90.5971453,26.3549307],[90.5837218,26.3474121],[90.592416,26.3650634],[90.5956092,26.3790752],[90.6004113,26.3868075],[90.5999024,26.3914613],[90.5961126,26.3958319],[90.5960214,26.4005583],[90.5982922,26.4004042],[90.6047451,26.3925148],[90.6090472,26.3897949],[90.617382,26.393207],[90.6248747,26.3914834],[90.6308373,26.3937803],[90.6358176,26.403652],[90.6359988,26.4116305],[90.653916,26.4291893],[90.6485341,26.4332096],[90.6493259,26.4418463],[90.6413091,26.4476146],[90.6403941,26.4505428],[90.6413871,26.4556712],[90.6452295,26.4579843],[90.6500274,26.4562141],[90.654489,26.4504355],[90.6618664,26.4450145]]]}},{"type":"Feature","properties":{"district":"Bongaigaon","subdistrict":"Katlichara","dt_code":"319","sdt_code":"02109","dist_lgd":281,"subdt_lgd":2109,"st_nm":"ASSAM"},"geometry":{"type":"Polygon","coordinates":[[[90.5997514,26.5162012],[90.610988,26.5152631],[90.6225638,26.5086982],[90.6235423,26.5077685],[90.6224086,26.4985044],[90.6198898,26.4945152],[90.6302649,26.4918246],[90.6346709,26.4885243],[90.634614,26.4762562],[90.6389695,26.4696888],[90.6401572,26.4561893],[90.6414234,26.4561031],[90.6403941,26.4505428],[90.6413091,26.4476146],[90.6493259,26.4418463],[90.6485341,26.4332096],[90.653916,26.4291893],[90.6359988,26.4116305],[90.6358176,26.403652],[90.6321357,26.3954736],[90.6285068,26.3923827],[90.6214128,26.391719],[90.617382,26.393207],[90.6090472,26.3897949],[90.6047451,26.3925148],[90.5982922,26.4004042],[90.5960214,26.4005583],[90.5961126,26.3958319],[90.5999024,26.3914613],[90.6004113,26.3868075],[90.5956092,26.3790752],[90.592416,26.3650634],[90.5836643,26.3467235],[90.5971453,26.3549307],[90.6037189,26.3556644],[90.606225,26.3529653],[90.6075299,26.3405847],[90.6144307,26.3436868],[90.617062,26.3422688],[90.6236102,26.3336815],[90.623352,26.3306017],[90.618001,26.323001],[90.6109262,26.3182609],[90.6084695,26.3194139],[90.6084081,26.3257841],[90.6064688,26.326448],[90.5953113,26.3222329],[90.5931997,26.3185652],[90.5964367,26.315242],[90.5962058,26.312481],[90.5934612,26.3078112],[90.5920767,26.3079052],[90.5908035,26.3130344],[90.5873412,26.3181959],[90.5893636,26.3198713],[90.5889081,26.3209014],[90.586687,26.3211683],[90.5834085,26.3183465],[90.5792864,26.3227159],[90.5728861,26.3251249],[90.5692655,26.3370588],[90.5651997,26.338403],[90.564264,26.3407902],[90.5583426,26.34463],[90.55864,26.3565538],[90.5526732,26.3657409],[90.5541054,26.3705471],[90.5595222,26.3750278],[90.5593563,26.3769075],[90.5462138,26.3723232],[90.5450291,26.3736933],[90.5464034,26.3787357],[90.544932,26.3793771],[90.5376757,26.3764669],[90.5354379,26.3784072],[90.5355722,26.3818835],[90.5271237,26.3783174],[90.5275178,26.3759207],[90.5254259,26.3752717],[90.5192479,26.376362],[90.5181314,26.3787608],[90.4981139,26.3766097],[90.4971672,26.3783911],[90.5003778,26.3930144],[90.4961559,26.3965512],[90.5016716,26.4070177],[90.512115,26.4120375],[90.5157205,26.4377504],[90.5198477,26.4424719],[90.5269838,26.4732197],[90.5282169,26.4846011],[90.5352108,26.5021004],[90.540328,26.5016588],[90.5473547,26.4978136],[90.5625277,26.4984317],[90.5709541,26.496781],[90.5752018,26.4989276],[90.5812304,26.4962813],[90.5849498,26.4920005],[90.5873123,26.492769],[90.5898808,26.4898379],[90.5969921,26.4934483],[90.6009082,26.4905949],[90.6026586,26.4938829],[90.6022838,26.4974034],[90.6042946,26.4981519],[90.5903946,26.5044644],[90.588885,26.5116026],[90.5944786,26.5125762],[90.5972496,26.510358],[90.5997514,26.5162012]]]}},{"type":"Feature","properties":{"district":"Chirang","subdistrict":"Bijni (Pt)","dt_code":"320","sdt_code":"02115","dist_lgd":612,"subdt_lgd":2115,"st_nm":"ASSAM"},"geometry":{"type":"Polygon","coordinates":[[[90.8516468,26.527088],[90.8503483,26.5232264],[90.8513435,26.5147651],[90.8494692,26.5081804],[90.8417992,26.5000398],[90.8417388,26.5017753],[90.8392808,26.5031474],[90.8290783,26.5015329],[90.826402,26.4993577],[90.8258717,26.4935161],[90.8225867,26.4905141],[90.8173003,26.4933925],[90.813611,26.4987522],[90.8101456,26.5005514],[90.8086006,26.5007127],[90.804579,26.4961201],[90.80594,26.4932236],[90.8020549,26.4830946],[90.8037383,26.4778786],[90.8131572,26.4754824],[90.8183021,26.4756607],[90.8191366,26.4716807],[90.8164274,26.4650636],[90.8196426,26.4628762],[90.818967,26.4603667],[90.8202418,26.4578355],[90.827168,26.4532892],[90.8272053,26.448298],[90.8210377,26.4407274],[90.8163619,26.4380492],[90.8018377,26.4405874],[90.7969424,26.4442581],[90.7871757,26.43913],[90.7896317,26.4332287],[90.7938712,26.4280549],[90.7987342,26.4268438],[90.8105429,26.4280098],[90.821092,26.4323966],[90.8306915,26.4319714],[90.8417713,26.4416956],[90.8462023,26.4438855],[90.8551868,26.4395549],[90.8615597,26.4311212],[90.8570003,26.420461],[90.8531913,26.4191336],[90.8483474,26.4085543],[90.8416764,26.3999978],[90.8248129,26.3962676],[90.8216045,26.3992369],[90.8213959,26.4040398],[90.8109667,26.4129282],[90.8005593,26.415595],[90.7922209,26.4130819],[90.7837524,26.4089947],[90.770167,26.3975401],[90.7698738,26.386701],[90.7646736,26.3824835],[90.7556846,26.3820256],[90.7519552,26.3875274],[90.7523733,26.3951646],[90.7596608,26.4044033],[90.7569688,26.4052511],[90.753821,26.4030798],[90.7482191,26.4035279],[90.7459399,26.4012236],[90.7406766,26.4037216],[90.7411788,26.4096419],[90.7448656,26.4093883],[90.7460122,26.4127043],[90.7492356,26.4154106],[90.7547167,26.4156364],[90.7562675,26.4193342],[90.7544537,26.4216398],[90.7514507,26.4220785],[90.7460696,26.4199352],[90.7406659,26.4137956],[90.7370425,26.4031367],[90.7327841,26.4036538],[90.7307181,26.413516],[90.7252544,26.4121443],[90.7226725,26.4129729],[90.7107167,26.4065508],[90.7073549,26.4076166],[90.7066241,26.4101526],[90.713158,26.4183537],[90.7142348,26.421945],[90.7127218,26.4265957],[90.7104469,26.427726],[90.7075637,26.4259286],[90.7077571,26.4209047],[90.7056393,26.4184052],[90.696408,26.4114008],[90.6941532,26.4135783],[90.698101,26.4258355],[90.6970279,26.4280889],[90.6950169,26.4292937],[90.6850168,26.4274264],[90.6813343,26.4289774],[90.6739766,26.425444],[90.6686292,26.4286394],[90.6667798,26.4329876],[90.668072,26.4367037],[90.6716256,26.4378992],[90.6740766,26.438242],[90.6777218,26.4350237],[90.6830142,26.4354505],[90.6881638,26.4408975],[90.6880117,26.4470321],[90.6861105,26.448322],[90.6615589,26.4450354],[90.654489,26.4504355],[90.6500274,26.4562141],[90.6452295,26.4579843],[90.6401572,26.4561893],[90.6389695,26.4696888],[90.634614,26.4762562],[90.6346709,26.4885243],[90.6302649,26.4918246],[90.6240291,26.4938997],[90.6288797,26.4966114],[90.6444233,26.5000536],[90.655881,26.5049992],[90.6661326,26.5037861],[90.6685638,26.4997894],[90.6824683,26.4990615],[90.6781845,26.4894357],[90.6796826,26.486475],[90.6856198,26.4817958],[90.7055875,26.4831241],[90.7131304,26.4820433],[90.7169803,26.4792094],[90.7132088,26.4705376],[90.7161388,26.4575457],[90.7100962,26.4516018],[90.7162599,26.4455519],[90.7281715,26.4463321],[90.7356745,26.4418442],[90.7415797,26.4447977],[90.7393612,26.4451016],[90.7387194,26.4465672],[90.7426171,26.4547749],[90.7447241,26.4656218],[90.7310051,26.4718259],[90.7326377,26.4775934],[90.7310149,26.4828989],[90.7397164,26.4876459],[90.7707627,26.4954224],[90.7773967,26.5048263],[90.7761394,26.5077916],[90.7642313,26.5062213],[90.7615286,26.5071855],[90.7577979,26.5121347],[90.7575818,26.5146226],[90.7605403,26.5189168],[90.7717215,26.5216547],[90.7747639,26.5306357],[90.7852215,26.5292384],[90.7870674,26.5275128],[90.7868845,26.5180983],[90.7882262,26.5175379],[90.8010804,26.5223671],[90.8088936,26.5211794],[90.8365097,26.5234517],[90.8432823,26.5321357],[90.8516468,26.527088]]]}},{"type":"Feature","properties":{"district":"Chirang","subdistrict":"Sidli (Pt)","dt_code":"320","sdt_code":"02114","dist_lgd":612,"subdt_lgd":2114,"st_nm":"ASSAM"},"geometry":{"type":"Polygon","coordinates":[[[90.9565019,26.7877237],[90.9569244,26.7814366],[90.9536226,26.7795713],[90.9482551,26.7790922],[90.9438251,26.7755994],[90.9387221,26.7680093],[90.9281303,26.7447981],[90.9227407,26.7413208],[90.9205571,26.7357798],[90.9148704,26.7288816],[90.913425,26.7199424],[90.9163366,26.7118682],[90.907659,26.6954667],[90.9021167,26.6928144],[90.8989758,26.6887536],[90.8987894,26.6859376],[90.9015512,26.6808828],[90.8955969,26.673],[90.8951135,26.6669124],[90.8954194,26.6641145],[90.8994126,26.6641138],[90.9028613,26.6565452],[90.9005389,26.6477684],[90.9018338,26.6443745],[90.9001038,26.6334132],[90.8931924,26.6253183],[90.8823417,26.6213566],[90.8757243,26.6173402],[90.8736261,26.6089779],[90.8680092,26.5997759],[90.8564886,26.5982807],[90.8505138,26.5829993],[90.853154,26.5824222],[90.8476695,26.5771681],[90.8469031,26.571748],[90.8350941,26.5712258],[90.8253559,26.5754555],[90.8216547,26.570007],[90.8174956,26.567257],[90.8180496,26.5637507],[90.8267888,26.5588216],[90.8283063,26.5546478],[90.8283765,26.543095],[90.8311918,26.5420625],[90.8319107,26.5387051],[90.8379021,26.536753],[90.8419156,26.5374852],[90.847556,26.5337138],[90.8501946,26.535533],[90.8532903,26.535096],[90.855097,26.5324066],[90.8520121,26.5296758],[90.8538436,26.5286111],[90.8517018,26.5270221],[90.8432823,26.5321357],[90.8365097,26.5234517],[90.8088936,26.5211794],[90.8010804,26.5223671],[90.7882262,26.5175379],[90.7868845,26.5180983],[90.7870674,26.5275128],[90.7852215,26.5292384],[90.7747639,26.5306357],[90.7717215,26.5216547],[90.7605403,26.5189168],[90.7575818,26.5146226],[90.7577979,26.5121347],[90.7615286,26.5071855],[90.7642313,26.5062213],[90.7761394,26.5077916],[90.7773967,26.5048263],[90.7707627,26.4954224],[90.7397164,26.4876459],[90.7310149,26.4828989],[90.7326377,26.4775934],[90.7310051,26.4718259],[90.7447241,26.4656218],[90.7426171,26.4547749],[90.7387194,26.4465672],[90.7393612,26.4451016],[90.7415797,26.4447977],[90.7396027,26.4430211],[90.7356745,26.4418442],[90.7281715,26.4463321],[90.7162599,26.4455519],[90.7100962,26.4516018],[90.7161388,26.4575457],[90.7132088,26.4705376],[90.7169803,26.4792094],[90.7131304,26.4820433],[90.7055875,26.4831241],[90.6856198,26.4817958],[90.6796826,26.486475],[90.6781845,26.4894357],[90.6824683,26.4990615],[90.6685638,26.4997894],[90.6661326,26.5037861],[90.655881,26.5049992],[90.6444233,26.5000536],[90.6207747,26.4935891],[90.6199837,26.4956348],[90.6224086,26.4985044],[90.6235423,26.5077685],[90.610988,26.5152631],[90.6011035,26.5163456],[90.5984218,26.5146142],[90.5972496,26.510358],[90.5944786,26.5125762],[90.588885,26.5116026],[90.5903946,26.5044644],[90.6042946,26.4981519],[90.6022838,26.4974034],[90.6026586,26.4938829],[90.6009082,26.4905949],[90.5969921,26.4934483],[90.5898808,26.4898379],[90.5873123,26.492769],[90.5849498,26.4920005],[90.5812304,26.4962813],[90.5752018,26.4989276],[90.5709541,26.496781],[90.5625277,26.4984317],[90.5473547,26.4978136],[90.5428851,26.5004945],[90.5514756,26.5135049],[90.5567244,26.5286588],[90.5561347,26.5328549],[90.5602674,26.5502154],[90.5615528,26.5744018],[90.5571776,26.5773924],[90.5565257,26.5802075],[90.5525789,26.583193],[90.5515431,26.5862206],[90.5562993,26.5898647],[90.5563356,26.5963632],[90.5584875,26.5992299],[90.5575435,26.6084491],[90.5539969,26.6123645],[90.5571361,26.6186433],[90.5548682,26.6202578],[90.5532685,26.632955],[90.5591175,26.6761233],[90.5749629,26.6754522],[90.5756727,26.6833405],[90.5795731,26.6878678],[90.5831646,26.6969534],[90.5786686,26.707971],[90.5851257,26.726759],[90.5831195,26.7361127],[90.6325329,26.7530806],[90.6830965,26.7643831],[90.6949247,26.7704699],[90.7172776,26.7682684],[90.7423587,26.7748309],[90.816426,26.7759841],[90.9565019,26.7877237]]]}},{"type":"Feature","properties":{"district":"Chirang","subdistrict":"Srijangram","dt_code":"320","sdt_code":"02112","dist_lgd":612,"subdt_lgd":2112,"st_nm":"ASSAM"},"geometry":{"type":"MultiPolygon","coordinates":[[[[90.4444649,26.4202714],[90.4453544,26.4177713],[90.4409188,26.4177715],[90.4331296,26.4130359],[90.4307494,26.4162618],[90.4258328,26.4152213],[90.4264338,26.4193529],[90.4296351,26.4245027],[90.440182,26.4239737],[90.4406809,26.4219616],[90.4444649,26.4202714]]],[[[90.4343621,26.4419444],[90.4420726,26.4410197],[90.4448396,26.4386706],[90.4447716,26.4333927],[90.4422351,26.4301765],[90.429856,26.4268091],[90.4275132,26.4280019],[90.4276032,26.4300711],[90.4340067,26.4388107],[90.4343621,26.4419444]]],[[[90.6464733,26.7767267],[90.6759788,26.7840947],[90.6949247,26.7704699],[90.6830965,26.7643831],[90.6325329,26.7530806],[90.5831195,26.7361127],[90.5851257,26.726759],[90.5786686,26.707971],[90.5831646,26.6969534],[90.5795731,26.6878678],[90.5756727,26.6833405],[90.5749629,26.6754522],[90.5591175,26.6761233],[90.5532685,26.632955],[90.5548682,26.6202578],[90.5571361,26.6186433],[90.5539969,26.6123645],[90.5575435,26.6084491],[90.5584875,26.5992299],[90.5563356,26.5963632],[90.5562993,26.5898647],[90.5515431,26.5862206],[90.5525789,26.583193],[90.5565257,26.5802075],[90.5571776,26.5773924],[90.5391283,26.5767425],[90.5302345,26.5861913],[90.5271837,26.5855027],[90.5255178,26.5744738],[90.523552,26.5735335],[90.5164326,26.5769539],[90.5041184,26.5886771],[90.5029441,26.5736078],[90.4971081,26.5755213],[90.493698,26.5704078],[90.4832742,26.570319],[90.4749139,26.5723365],[90.471547,26.5824009],[90.4646398,26.5889211],[90.4587627,26.5922436],[90.4537228,26.591001],[90.4521418,26.5918902],[90.4502969,26.590884],[90.4500808,26.5883749],[90.4245755,26.5804143],[90.4043719,26.5871713],[90.4032844,26.590145],[90.3991368,26.5868451],[90.3970261,26.587052],[90.398189,26.5997627],[90.3932483,26.6027194],[90.3824178,26.6021267],[90.3771331,26.5995387],[90.3721267,26.599855],[90.3616758,26.5959026],[90.3559592,26.6051773],[90.3568934,26.611734],[90.3639615,26.618162],[90.3668798,26.6238005],[90.3650597,26.6307463],[90.3591567,26.6366879],[90.3569105,26.6429779],[90.3578637,26.6497217],[90.3635506,26.6552475],[90.3694091,26.6664126],[90.3726844,26.6776517],[90.3767286,26.7042254],[90.3762682,26.7236431],[90.3708717,26.741415],[90.3546749,26.765317],[90.3489552,26.800945],[90.3379714,26.8453755],[90.3375093,26.8694271],[90.3477863,26.8752948],[90.350272,26.8891294],[90.3565627,26.9006551],[90.4174841,26.9045295],[90.5466129,26.8166398],[90.5845514,26.8037423],[90.6344432,26.7938103],[90.6464733,26.7767267]]]]}},{"type":"Feature","properties":{"district":"Bongaigaon","subdistrict":"Sidli (Pt)","dt_code":"319","sdt_code":"02114","dist_lgd":281,"subdt_lgd":2114,"st_nm":"ASSAM"},"geometry":{"type":"Polygon","coordinates":[[[90.5157205,26.4377504],[90.512115,26.4120375],[90.5016716,26.4070177],[90.4962639,26.3975431],[90.4971669,26.3948971],[90.5003778,26.3930144],[90.4974015,26.3796488],[90.4893596,26.3791905],[90.486983,26.3736649],[90.4730018,26.3724799],[90.4682624,26.3545217],[90.464705,26.350964],[90.4541855,26.3496257],[90.4575785,26.3550402],[90.4569487,26.3570803],[90.4544145,26.3580204],[90.452806,26.357227],[90.4471544,26.3469943],[90.444479,26.3458899],[90.4424165,26.3480661],[90.4461516,26.3539809],[90.4422588,26.3529672],[90.4433448,26.3601649],[90.43571,26.3596717],[90.4351431,26.3581104],[90.4380418,26.3545756],[90.4387527,26.3438118],[90.4346247,26.3424009],[90.4306447,26.3469695],[90.4325062,26.3538827],[90.4247606,26.363674],[90.4327305,26.3635044],[90.4372481,26.3648513],[90.4367583,26.3665657],[90.4263777,26.3674133],[90.4266242,26.369971],[90.4335278,26.3754672],[90.4325189,26.3808763],[90.4290433,26.3812972],[90.4242292,26.3785967],[90.420829,26.3795857],[90.4191876,26.3828747],[90.4200545,26.3841826],[90.4278772,26.3831245],[90.4257091,26.3960536],[90.420925,26.3946838],[90.4163906,26.3907019],[90.4168924,26.4077396],[90.4078192,26.4035104],[90.4044633,26.4046298],[90.403537,26.4066779],[90.4093183,26.4083007],[90.4053273,26.4141973],[90.4155719,26.4290587],[90.4152567,26.4306691],[90.4048796,26.4276852],[90.4035722,26.4287455],[90.4041941,26.4317858],[90.4069814,26.4377532],[90.3999658,26.4339652],[90.3977212,26.4345249],[90.3967296,26.4378811],[90.3987746,26.4416024],[90.408586,26.442724],[90.4187702,26.4487347],[90.4288727,26.448885],[90.4371632,26.4610517],[90.4471258,26.4527572],[90.4597599,26.452999],[90.4631659,26.4646807],[90.4770627,26.4626197],[90.47653,26.454622],[90.4639645,26.4528162],[90.4614372,26.4507154],[90.458486,26.4439776],[90.4561935,26.4326697],[90.4631671,26.4309382],[90.4632084,26.4257098],[90.459376,26.4191936],[90.4600213,26.4107125],[90.4717991,26.4058847],[90.4679254,26.3991041],[90.4700189,26.3958345],[90.4741486,26.3938987],[90.4738948,26.3894945],[90.4754509,26.3862855],[90.4770078,26.3858852],[90.4807401,26.3896993],[90.4785411,26.3911486],[90.4807626,26.3953169],[90.4812757,26.4019727],[90.4803702,26.4065881],[90.4782252,26.4093272],[90.4808655,26.4205876],[90.4852118,26.4179183],[90.4932696,26.4196638],[90.4970431,26.4300036],[90.5041014,26.4262551],[90.503478,26.4296545],[90.5080134,26.4470732],[90.5097321,26.4488982],[90.5091347,26.4517245],[90.5056767,26.4554595],[90.4981803,26.4594648],[90.5043167,26.4677169],[90.5028864,26.4717594],[90.511696,26.4972834],[90.5096675,26.4990623],[90.5100825,26.5005112],[90.5142117,26.5025897],[90.5195712,26.5092376],[90.5352805,26.502041],[90.5282169,26.4846011],[90.5269838,26.4732197],[90.5198477,26.4424719],[90.5157205,26.4377504]],[[90.4382598,26.4166432],[90.4453544,26.4177713],[90.4444649,26.4202714],[90.4406809,26.4219616],[90.440182,26.4239737],[90.4296351,26.4245027],[90.4256848,26.4165819],[90.4267624,26.4151333],[90.4307494,26.4162618],[90.4331296,26.4130359],[90.4382598,26.4166432]],[[90.4441764,26.4397629],[90.4343621,26.4419444],[90.4340067,26.4388107],[90.4276032,26.4300711],[90.4275132,26.4280019],[90.429856,26.4268091],[90.4422351,26.4301765],[90.4447716,26.4333927],[90.4441764,26.4397629]]]}},{"type":"Feature","properties":{"district":"Chirang","subdistrict":"Bengtol","dt_code":"320","sdt_code":"02113","dist_lgd":612,"subdt_lgd":2113,"st_nm":"ASSAM"},"geometry":{"type":"Polygon","coordinates":[[[90.3944884,26.6021895],[90.398189,26.5997627],[90.3985108,26.5979622],[90.3970261,26.587052],[90.3991368,26.5868451],[90.4032844,26.590145],[90.4043719,26.5871713],[90.4254839,26.5803241],[90.4500808,26.5883749],[90.4502969,26.590884],[90.4521418,26.5918902],[90.4537228,26.591001],[90.4587627,26.5922436],[90.4646398,26.5889211],[90.471547,26.5824009],[90.4749139,26.5723365],[90.4832742,26.570319],[90.493698,26.5704078],[90.4971081,26.5755213],[90.5029441,26.5736078],[90.5041184,26.5886771],[90.5164326,26.5769539],[90.523552,26.5735335],[90.5255178,26.5744738],[90.5271837,26.5855027],[90.5308576,26.5862396],[90.5391283,26.5767425],[90.5575159,26.577586],[90.5612865,26.5751688],[90.5602674,26.5502154],[90.5561347,26.5328549],[90.5567244,26.5286588],[90.5514756,26.5135049],[90.5453688,26.50331],[90.5428851,26.5004945],[90.5352108,26.5021004],[90.5195712,26.5092376],[90.5142117,26.5025897],[90.5100825,26.5005112],[90.5096675,26.4990623],[90.511696,26.4972834],[90.5028864,26.4717594],[90.5043167,26.4677169],[90.4981803,26.4594648],[90.5056767,26.4554595],[90.5091347,26.4517245],[90.5097321,26.4488982],[90.5080134,26.4470732],[90.503478,26.4296545],[90.5041014,26.4262551],[90.4970431,26.4300036],[90.4932696,26.4196638],[90.4852118,26.4179183],[90.4808655,26.4205876],[90.4782252,26.4093272],[90.4803702,26.4065881],[90.4812757,26.4019727],[90.4807626,26.3953169],[90.4785411,26.3911486],[90.4807401,26.3896993],[90.4770078,26.3858852],[90.4754509,26.3862855],[90.4738948,26.3894945],[90.4741486,26.3938987],[90.4700189,26.3958345],[90.4679254,26.3991041],[90.4717991,26.4058847],[90.4600213,26.4107125],[90.459376,26.4191936],[90.4632084,26.4257098],[90.4631671,26.4309382],[90.4561935,26.4326697],[90.458486,26.4439776],[90.4614372,26.4507154],[90.4639645,26.4528162],[90.47653,26.454622],[90.4770627,26.4626197],[90.4631659,26.4646807],[90.4597599,26.452999],[90.4471258,26.4527572],[90.4383492,26.4592884],[90.4375584,26.4616165],[90.4433837,26.4645372],[90.4455758,26.4680368],[90.4444293,26.470153],[90.4237532,26.4811853],[90.4209352,26.485328],[90.4196514,26.4919827],[90.4103027,26.4976203],[90.4064291,26.5263244],[90.398028,26.5401637],[90.3826162,26.5505664],[90.3721971,26.5546224],[90.3718086,26.5625955],[90.3747642,26.5673146],[90.3722653,26.576786],[90.3654206,26.5847034],[90.365047,26.589928],[90.3616758,26.5959026],[90.3721267,26.599855],[90.3771331,26.5995387],[90.3824178,26.6021267],[90.3944884,26.6021895]]]}},{"type":"Feature","properties":{"district":"Kokrajhar","subdistrict":"Kokrajhar (Pt)","dt_code":"300","sdt_code":"02004","dist_lgd":294,"subdt_lgd":0,"st_nm":"ASSAM"},"geometry":{"type":"Polygon","coordinates":[[[90.3375093,26.8694271],[90.3379714,26.8453755],[90.3489552,26.800945],[90.3546749,26.765317],[90.3708717,26.741415],[90.3762682,26.7236431],[90.376421,26.6987927],[90.3726844,26.6776517],[90.3694091,26.6664126],[90.3635506,26.6552475],[90.3578637,26.6497217],[90.3569105,26.6429779],[90.3591567,26.6366879],[90.3650597,26.6307463],[90.3668798,26.6238005],[90.3639615,26.618162],[90.3568934,26.611734],[90.3559592,26.6051773],[90.365047,26.589928],[90.3654206,26.5847034],[90.3722653,26.576786],[90.3747642,26.5673146],[90.3718086,26.5625955],[90.3721971,26.5546224],[90.3826162,26.5505664],[90.398028,26.5401637],[90.4064291,26.5263244],[90.4103027,26.4976203],[90.4196514,26.4919827],[90.4209352,26.485328],[90.4237532,26.4811853],[90.4444293,26.470153],[90.4455758,26.4680368],[90.4433837,26.4645372],[90.4375584,26.4616165],[90.4288727,26.448885],[90.4187702,26.4487347],[90.408586,26.442724],[90.3987746,26.4416024],[90.3967296,26.4378811],[90.3977212,26.4345249],[90.3999658,26.4339652],[90.4069814,26.4377532],[90.4041941,26.4317858],[90.4035722,26.4287455],[90.4048796,26.4276852],[90.4152567,26.4306691],[90.4155719,26.4290587],[90.4053273,26.4141973],[90.4093183,26.4083007],[90.403537,26.4066779],[90.4044633,26.4046298],[90.4078192,26.4035104],[90.4168924,26.4077396],[90.4163906,26.3907019],[90.420925,26.3946838],[90.4257091,26.3960536],[90.4280587,26.3858626],[90.4278772,26.3831245],[90.4255781,26.3826246],[90.4200545,26.3841826],[90.4191876,26.3828747],[90.420829,26.3795857],[90.4256966,26.3786955],[90.4290433,26.3812972],[90.4320683,26.3812058],[90.4335885,26.3765859],[90.4322297,26.3733927],[90.4266242,26.369971],[90.4263777,26.3674133],[90.4367583,26.3665657],[90.4372481,26.3648513],[90.4271218,26.3631457],[90.4228408,26.3642433],[90.4189294,26.3628913],[90.4019593,26.3638699],[90.3975723,26.3617865],[90.3951383,26.3593466],[90.3940408,26.3545877],[90.3959921,26.3475099],[90.4041792,26.3331005],[90.404049,26.3160176],[90.3837565,26.3116093],[90.3792316,26.3092866],[90.3793996,26.3043297],[90.3703526,26.3059223],[90.3693027,26.3066087],[90.3699792,26.3093878],[90.3677573,26.311409],[90.3654157,26.3104511],[90.3624169,26.3147271],[90.3625073,26.3161905],[90.3694565,26.3170975],[90.3699638,26.320161],[90.3608907,26.3226843],[90.3596587,26.3251544],[90.361363,26.3328192],[90.3604739,26.3351634],[90.3508107,26.3399201],[90.3510012,26.342252],[90.3560976,26.3431369],[90.3544959,26.3506258],[90.3478554,26.352162],[90.3422434,26.3663448],[90.3347808,26.3697264],[90.3303884,26.3747953],[90.3315975,26.3786774],[90.3295497,26.383477],[90.3311976,26.3847607],[90.3353217,26.3841234],[90.3393089,26.3808424],[90.3439012,26.3805382],[90.3452188,26.3823752],[90.3486088,26.3822186],[90.3503214,26.3809555],[90.3509543,26.3769921],[90.3530044,26.3795121],[90.3506804,26.3853213],[90.3463048,26.3877992],[90.3449516,26.392292],[90.3477567,26.3978139],[90.3433109,26.3977008],[90.3410658,26.3994818],[90.3422128,26.4040813],[90.3463206,26.4070033],[90.3461824,26.4117157],[90.3489709,26.4157053],[90.3460247,26.4173748],[90.3340697,26.4155117],[90.3295721,26.4135317],[90.3277002,26.4093508],[90.3277821,26.3953361],[90.3324293,26.390838],[90.3295649,26.3901306],[90.3169362,26.3929224],[90.3144775,26.3916244],[90.3110298,26.3846891],[90.3159572,26.3697409],[90.3214306,26.3690411],[90.3189979,26.3645125],[90.3219787,26.3641219],[90.3269035,26.3659109],[90.3286941,26.3635707],[90.3204052,26.3574835],[90.3167305,26.3523231],[90.3091441,26.3507639],[90.3071105,26.3456845],[90.3040603,26.3434933],[90.3015584,26.3440438],[90.2978149,26.3389641],[90.293432,26.340683],[90.2879604,26.3384934],[90.2867086,26.3368528],[90.2889782,26.332954],[90.2891269,26.3285741],[90.2877954,26.325214],[90.2816627,26.3193633],[90.2786467,26.3095622],[90.2735146,26.3061357],[90.2712417,26.3091134],[90.2645672,26.3129473],[90.2606326,26.3247666],[90.2672345,26.3305451],[90.2595473,26.3344094],[90.2556419,26.3354258],[90.2528264,26.3276969],[90.249657,26.3241297],[90.2437629,26.32864],[90.2397437,26.3250758],[90.2353577,26.3255808],[90.2330117,26.3275334],[90.2315948,26.3321607],[90.2272881,26.3341634],[90.2196214,26.3274797],[90.2169653,26.3280945],[90.2166594,26.3324168],[90.2248054,26.3424781],[90.2251241,26.3516594],[90.2180352,26.348497],[90.2148488,26.3510386],[90.2126008,26.3505334],[90.2132965,26.3477939],[90.2098279,26.3484714],[90.2053431,26.3529083],[90.2053342,26.3598266],[90.2088505,26.3633753],[90.2086863,26.3680568],[90.1957801,26.3800505],[90.1887681,26.3808541],[90.1852782,26.3842253],[90.1837974,26.3885328],[90.1849975,26.3900109],[90.1909277,26.3874474],[90.1915967,26.3891962],[90.1862174,26.4078707],[90.1871799,26.4202407],[90.1878414,26.4231876],[90.1915105,26.4266309],[90.1934207,26.4328767],[90.1991784,26.4382963],[90.2097505,26.4378054],[90.2194442,26.4333628],[90.2346165,26.4303485],[90.2539275,26.4324835],[90.2611689,26.4366493],[90.2632907,26.4395023],[90.2695964,26.454988],[90.2672561,26.4588955],[90.2610817,26.4584782],[90.2519638,26.4543183],[90.2430044,26.4547421],[90.2406237,26.4564647],[90.2354216,26.4661981],[90.2310272,26.4691763],[90.2293863,26.4726246],[90.2292135,26.4801657],[90.2239715,26.4827057],[90.2218286,26.4859871],[90.2181432,26.4974664],[90.2184556,26.5003546],[90.2076223,26.5023966],[90.2145408,26.5176143],[90.2146425,26.5194239],[90.2115381,26.5204277],[90.2095352,26.525402],[90.2192179,26.5380409],[90.2187671,26.5389393],[90.2085957,26.5372533],[90.2067511,26.5396642],[90.2092085,26.5449699],[90.2090604,26.5482417],[90.2023981,26.5501004],[90.2020527,26.5513009],[90.2120652,26.5651765],[90.2080342,26.5653821],[90.1999085,26.5719121],[90.1912672,26.5821606],[90.1788014,26.5861553],[90.1622536,26.5889224],[90.1542029,26.5912169],[90.1508852,26.5935684],[90.1604552,26.6006697],[90.1668563,26.6160205],[90.1750215,26.6308333],[90.1789155,26.6361073],[90.1854733,26.6403837],[90.1938279,26.6584912],[90.1963409,26.6703042],[90.1944622,26.683932],[90.1798521,26.7067965],[90.1277251,26.7503439],[90.1945229,26.7732713],[90.187669,26.8068119],[90.2007695,26.8352902],[90.2305,26.8589067],[90.2487807,26.8590394],[90.2832876,26.8528263],[90.3002984,26.8482204],[90.3375093,26.8694271]],[[90.2103762,26.5835177],[90.2189481,26.5821004],[90.2205003,26.5898292],[90.2238684,26.5957025],[90.2295908,26.5997311],[90.2358778,26.6133838],[90.2347224,26.6178343],[90.2319485,26.6206569],[90.2164036,26.6265164],[90.2095405,26.6140247],[90.2081401,26.6075001],[90.211031,26.5931522],[90.2103762,26.5835177]]]}},{"type":"Feature","properties":{"district":"Kokrajhar","subdistrict":"Dotoma","dt_code":"300","sdt_code":"02003","dist_lgd":294,"subdt_lgd":2003,"st_nm":"ASSAM"},"geometry":{"type":"MultiPolygon","coordinates":[[[[90.2120652,26.5651765],[90.2020527,26.5513009],[90.2023981,26.5501004],[90.2090604,26.5482417],[90.2092085,26.5449699],[90.2069028,26.5413159],[90.2075979,26.5381564],[90.2097946,26.5368555],[90.2187671,26.5389393],[90.2192179,26.5380409],[90.2095352,26.525402],[90.2115381,26.5204277],[90.2146425,26.5194239],[90.2145408,26.5176143],[90.2076223,26.5023966],[90.2184556,26.5003546],[90.2181432,26.4974664],[90.2218286,26.4859871],[90.2239715,26.4827057],[90.2292135,26.4801657],[90.2293863,26.4726246],[90.2310272,26.4691763],[90.2354216,26.4661981],[90.2406237,26.4564647],[90.2430044,26.4547421],[90.2519638,26.4543183],[90.2610817,26.4584782],[90.2687179,26.4579955],[90.2695964,26.454988],[90.2650086,26.4433343],[90.2611689,26.4366493],[90.2577513,26.4342766],[90.2468876,26.4308944],[90.2285966,26.4310115],[90.2097505,26.4378054],[90.2031185,26.4388961],[90.1991784,26.4382963],[90.1945787,26.4345757],[90.1915105,26.4266309],[90.1878414,26.4231876],[90.1863629,26.4145454],[90.1862174,26.4078707],[90.1915967,26.3891962],[90.1909277,26.3874474],[90.1849975,26.3900109],[90.1837974,26.3885328],[90.1852782,26.3842253],[90.1887681,26.3808541],[90.1957801,26.3800505],[90.2003492,26.3765481],[90.208461,26.3683548],[90.2091654,26.3653488],[90.208725,26.3630866],[90.2062051,26.3610238],[90.1941491,26.3547641],[90.1887406,26.346157],[90.1822835,26.3466333],[90.1727203,26.3417328],[90.1698786,26.3437124],[90.1687274,26.3478988],[90.1613541,26.347666],[90.1582187,26.3488581],[90.157583,26.3507898],[90.1561402,26.3499912],[90.1564863,26.3518776],[90.1500723,26.3524497],[90.1279312,26.3461489],[90.1050601,26.3312528],[90.1022361,26.3378909],[90.1062734,26.3418273],[90.1055812,26.346056],[90.1103027,26.3449088],[90.1129262,26.3480117],[90.1201947,26.3487784],[90.1236031,26.3529559],[90.1193944,26.3561484],[90.122185,26.3615763],[90.118887,26.3685659],[90.117266,26.3678174],[90.1182371,26.3662375],[90.1165568,26.3566098],[90.1101255,26.3584918],[90.1072263,26.355293],[90.1053578,26.3552439],[90.1005377,26.3595529],[90.1039359,26.3644214],[90.1095174,26.3681552],[90.119447,26.3715172],[90.1152927,26.3802217],[90.1138427,26.381188],[90.1099616,26.3800769],[90.1123463,26.3735891],[90.1087478,26.37086],[90.1040873,26.3745101],[90.0997762,26.3748114],[90.0981865,26.378194],[90.1015139,26.387043],[90.1091996,26.3850459],[90.115232,26.3898952],[90.1091976,26.3926525],[90.1042143,26.3996943],[90.111827,26.4012916],[90.1196629,26.40746],[90.1208345,26.4102982],[90.1139077,26.4145724],[90.1145287,26.418785],[90.1132147,26.4229373],[90.1161264,26.4273634],[90.1141141,26.4332287],[90.1149338,26.439111],[90.1083587,26.4376443],[90.1048152,26.4390286],[90.1070348,26.4490534],[90.1059334,26.4529957],[90.1021885,26.4536783],[90.0985849,26.4498004],[90.0956727,26.4513852],[90.097193,26.4556089],[90.1035692,26.4592806],[90.101976,26.4628733],[90.0970482,26.465632],[90.0993395,26.4733011],[90.0989199,26.4779359],[90.1096036,26.4901943],[90.110019,26.4942783],[90.1061498,26.5012876],[90.1130113,26.5069873],[90.1125705,26.5084903],[90.107921,26.5089905],[90.1036531,26.5113136],[90.0992334,26.5171884],[90.1033348,26.5258294],[90.1018333,26.5286007],[90.1048189,26.5399935],[90.1101864,26.5495659],[90.1163232,26.5486232],[90.1235286,26.5542555],[90.1273522,26.5544675],[90.1314974,26.5587545],[90.1338463,26.5643097],[90.1315886,26.5727172],[90.1322966,26.5787644],[90.1387622,26.5872254],[90.1508852,26.5935684],[90.1542029,26.5912169],[90.1622536,26.5889224],[90.1788014,26.5861553],[90.1912672,26.5821606],[90.1999085,26.5719121],[90.2080342,26.5653821],[90.2120652,26.5651765]]],[[[90.2189279,26.5821675],[90.2103762,26.5835177],[90.211031,26.5931522],[90.2081401,26.6075001],[90.2095405,26.6140247],[90.2164036,26.6265164],[90.2319485,26.6206569],[90.2347224,26.6178343],[90.2358778,26.6133838],[90.2295908,26.5997311],[90.2238684,26.5957025],[90.2220036,26.592748],[90.2189279,26.5821675]]]]}},{"type":"Feature","properties":{"district":"Kokrajhar","subdistrict":"Chapar Pt","dt_code":"300","sdt_code":"02010","dist_lgd":294,"subdt_lgd":6019,"st_nm":"ASSAM"},"geometry":{"type":"Polygon","coordinates":[[[90.3410658,26.3994818],[90.3433109,26.3977008],[90.3477567,26.3978139],[90.3449516,26.392292],[90.3463048,26.3877992],[90.3506804,26.3853213],[90.35256,26.377553],[90.3509543,26.3769921],[90.3503214,26.3809555],[90.3486088,26.3822186],[90.3452188,26.3823752],[90.3439012,26.3805382],[90.3393089,26.3808424],[90.3353217,26.3841234],[90.3311976,26.3847607],[90.3295497,26.383477],[90.3315975,26.3786774],[90.3303884,26.3747953],[90.3347808,26.3697264],[90.3422434,26.3663448],[90.3478554,26.352162],[90.3544959,26.3506258],[90.3560976,26.3431369],[90.3510012,26.342252],[90.3508107,26.3399201],[90.3604739,26.3351634],[90.361363,26.3328192],[90.3596587,26.3251544],[90.3608907,26.3226843],[90.3699638,26.320161],[90.3694565,26.3170975],[90.3625073,26.3161905],[90.3624169,26.3147271],[90.3654157,26.3104511],[90.3677573,26.311409],[90.3699792,26.3093878],[90.3693027,26.3066087],[90.3703526,26.3059223],[90.3794051,26.304325],[90.376413,26.2992771],[90.3747009,26.2908554],[90.3828852,26.2723015],[90.3811685,26.2686434],[90.3743388,26.2663208],[90.3682599,26.2663255],[90.3663487,26.2643859],[90.3616507,26.2645211],[90.3553774,26.2582147],[90.3564508,26.2660412],[90.3536184,26.2697889],[90.356616,26.2693589],[90.3581948,26.2653609],[90.3627813,26.2730963],[90.3566016,26.279366],[90.3518522,26.2871331],[90.3439888,26.2707083],[90.3384698,26.2725387],[90.3275983,26.2701861],[90.3260569,26.271566],[90.3271458,26.2771505],[90.3248294,26.2766537],[90.3234926,26.278656],[90.3206906,26.2788085],[90.3180682,26.2678331],[90.3095509,26.2616909],[90.3073641,26.2626508],[90.3033996,26.2574754],[90.3050379,26.2499219],[90.3088583,26.2446894],[90.2840847,26.2366495],[90.2852569,26.2457646],[90.2879502,26.2521003],[90.2725877,26.2525874],[90.273587,26.260653],[90.2514521,26.264399],[90.252152,26.270137],[90.2586132,26.272952],[90.2722811,26.267251],[90.2719421,26.2720456],[90.2795903,26.287761],[90.2814017,26.294749],[90.280429,26.2973782],[90.2737705,26.3010682],[90.2723615,26.3045765],[90.2786467,26.3095622],[90.2816627,26.3193633],[90.2877954,26.325214],[90.2889782,26.332954],[90.2867086,26.3368528],[90.2913208,26.3404526],[90.2978149,26.3389641],[90.3015584,26.3440438],[90.3040603,26.3434933],[90.3071105,26.3456845],[90.3091441,26.3507639],[90.3167305,26.3523231],[90.3204052,26.3574835],[90.3286941,26.3635707],[90.3269035,26.3659109],[90.3219787,26.3641219],[90.3189979,26.3645125],[90.3214306,26.3690411],[90.3159572,26.3697409],[90.3110298,26.3846891],[90.3144775,26.3916244],[90.3169362,26.3929224],[90.3295649,26.3901306],[90.3324293,26.390838],[90.3277821,26.3953361],[90.3277002,26.4093508],[90.3295721,26.4135317],[90.3340697,26.4155117],[90.3460247,26.4173748],[90.3489709,26.4157053],[90.3461824,26.4117157],[90.3463206,26.4070033],[90.3422128,26.4040813],[90.3410658,26.3994818]]]}},{"type":"Feature","properties":{"district":"Dhubri","subdistrict":"Bilasipara Pt","dt_code":"301","sdt_code":"02009","dist_lgd":285,"subdt_lgd":6018,"st_nm":"ASSAM"},"geometry":{"type":"Polygon","coordinates":[[[90.2098279,26.3484714],[90.2132965,26.3477939],[90.2126008,26.3505334],[90.2148488,26.3510386],[90.2180352,26.348497],[90.2251241,26.3516594],[90.2248054,26.3424781],[90.216102,26.3306335],[90.2184474,26.3272017],[90.2272881,26.3341634],[90.2300062,26.3336599],[90.2330117,26.3275334],[90.2378282,26.3248543],[90.2437629,26.32864],[90.249657,26.3241297],[90.2528264,26.3276969],[90.2556419,26.3354258],[90.2672345,26.3305451],[90.2606326,26.3247666],[90.2645672,26.3129473],[90.2712417,26.3091134],[90.2735146,26.3061357],[90.2725434,26.3024656],[90.280429,26.2973782],[90.2814017,26.294749],[90.2795903,26.287761],[90.2719421,26.2720456],[90.2722811,26.267251],[90.2586132,26.272952],[90.252152,26.270137],[90.2514521,26.264399],[90.273587,26.260653],[90.2732914,26.2546852],[90.2690201,26.2436959],[90.260195,26.2372146],[90.2600332,26.2351972],[90.2621308,26.2330926],[90.2758789,26.2272929],[90.2765272,26.2260859],[90.2749889,26.2251535],[90.2692495,26.225143],[90.2707168,26.2217789],[90.2743247,26.2210759],[90.2711834,26.2184529],[90.2787227,26.2126827],[90.2808616,26.2128254],[90.286029,26.2053911],[90.3100283,26.1928336],[90.3048408,26.1927251],[90.2890744,26.1871927],[90.2772043,26.1872715],[90.2713057,26.1841468],[90.2682731,26.185155],[90.2500065,26.1771796],[90.2499002,26.1504166],[90.2479354,26.1404109],[90.2317953,26.1351416],[90.2146091,26.1272399],[90.1999118,26.1360304],[90.2078718,26.1438451],[90.1966491,26.1513199],[90.1951963,26.1538327],[90.1911749,26.1626291],[90.1913601,26.1727859],[90.1897148,26.1787956],[90.1818915,26.1844267],[90.1628978,26.1883684],[90.1617642,26.1919266],[90.1553839,26.1979249],[90.1618506,26.2014416],[90.1603823,26.2037217],[90.1564627,26.2015161],[90.1536126,26.2092392],[90.152167,26.2089067],[90.152124,26.2164711],[90.1489073,26.2164429],[90.1474536,26.2199506],[90.1417021,26.215063],[90.1363862,26.2154301],[90.1349608,26.2200183],[90.1357156,26.2294651],[90.1309349,26.2341196],[90.1217536,26.2363315],[90.1205209,26.2388231],[90.1210259,26.2487908],[90.1079814,26.2490571],[90.1076262,26.2524226],[90.113679,26.2607987],[90.1179606,26.2586492],[90.1175316,26.2554505],[90.1188574,26.2531676],[90.1236821,26.2530471],[90.1242423,26.2610848],[90.1309044,26.2606471],[90.1338035,26.2625184],[90.1348798,26.2657181],[90.1399744,26.2662254],[90.137536,26.2689026],[90.1328325,26.2701525],[90.1343907,26.27067],[90.1344226,26.2724374],[90.1399361,26.27464],[90.143225,26.2876723],[90.1408966,26.2932555],[90.1377861,26.2953397],[90.1339922,26.2954908],[90.1293313,26.2910764],[90.1296873,26.2839538],[90.1260728,26.2831929],[90.1234259,26.2854989],[90.1190769,26.2944884],[90.1250848,26.2987575],[90.1256454,26.3012824],[90.1243414,26.3038179],[90.1198734,26.3081483],[90.106796,26.3123435],[90.1073787,26.3154288],[90.1057112,26.3155986],[90.1048811,26.3183495],[90.1072116,26.3326403],[90.1279312,26.3461489],[90.1424008,26.3506931],[90.1545985,26.352433],[90.1549082,26.3512506],[90.1567266,26.3515978],[90.1561402,26.3499912],[90.157583,26.3507898],[90.1582187,26.3488581],[90.1613541,26.347666],[90.1687274,26.3478988],[90.1698786,26.3437124],[90.1740716,26.3418158],[90.1822835,26.3466333],[90.1887406,26.346157],[90.1941491,26.3547641],[90.205607,26.3607052],[90.2053431,26.3529083],[90.2098279,26.3484714]]]}},{"type":"Feature","properties":{"district":"Dhubri","subdistrict":"Chapar Pt","dt_code":"301","sdt_code":"02010","dist_lgd":285,"subdt_lgd":6019,"st_nm":"ASSAM"},"geometry":{"type":"Polygon","coordinates":[[[90.4228408,26.3642433],[90.4325062,26.3538827],[90.430565,26.3480482],[90.4328921,26.3434711],[90.4356255,26.3423077],[90.4387527,26.3438118],[90.4380418,26.3545756],[90.4351431,26.3581104],[90.43571,26.3596717],[90.4433448,26.3601649],[90.4422588,26.3529672],[90.4461516,26.3539809],[90.4424165,26.3480661],[90.444479,26.3458899],[90.4471544,26.3469943],[90.452806,26.357227],[90.4559071,26.3576676],[90.4575785,26.3550402],[90.4541285,26.3494188],[90.4579084,26.3464427],[90.4569196,26.3433744],[90.4541584,26.3413451],[90.4546623,26.3382129],[90.4627946,26.3288394],[90.4702661,26.334273],[90.4720744,26.3345787],[90.4739459,26.3326098],[90.4736261,26.3303685],[90.4671356,26.3273791],[90.4659071,26.3252361],[90.4689728,26.3198277],[90.4784939,26.309401],[90.4797215,26.3044899],[90.4789684,26.3020986],[90.4836336,26.2949106],[90.478764,26.2913803],[90.4764128,26.2876677],[90.4727038,26.2886224],[90.4679018,26.2875198],[90.4641183,26.2894627],[90.4637806,26.2863083],[90.4705584,26.278808],[90.467693,26.2764088],[90.4590678,26.2764139],[90.4569903,26.284033],[90.4558997,26.2852024],[90.4549128,26.284165],[90.4556236,26.2763075],[90.4576986,26.2726869],[90.4616526,26.2717324],[90.4716754,26.273324],[90.4730361,26.2721317],[90.4729287,26.2693652],[90.4654679,26.2661701],[90.4577392,26.2658361],[90.4539286,26.2716824],[90.4510655,26.2718689],[90.4463334,26.2690822],[90.4444542,26.2652786],[90.4455477,26.2606387],[90.451976,26.2549085],[90.451078,26.2500018],[90.4492065,26.2483062],[90.4462938,26.2484746],[90.4413172,26.2524745],[90.4364559,26.2617439],[90.4321609,26.2608533],[90.430565,26.2584063],[90.4309727,26.2555145],[90.4360741,26.2506698],[90.4371998,26.2477251],[90.4417726,26.2449295],[90.4417459,26.2419509],[90.4271036,26.2437935],[90.4092037,26.2310584],[90.4027568,26.223031],[90.3984832,26.220342],[90.394005,26.2205953],[90.3879562,26.2257227],[90.3776734,26.2224106],[90.3764975,26.2198427],[90.3767277,26.2112137],[90.378924,26.2032301],[90.377308,26.2002696],[90.3756873,26.1828853],[90.3710707,26.1776319],[90.3303086,26.1728272],[90.3274408,26.1772445],[90.3228734,26.1789939],[90.3021653,26.180131],[90.2889366,26.185273],[90.2713057,26.1841468],[90.2772043,26.1872715],[90.2890744,26.1871927],[90.3048408,26.1927251],[90.3100283,26.1928336],[90.286029,26.2053911],[90.2808616,26.2128254],[90.2787227,26.2126827],[90.2711834,26.2184529],[90.2743247,26.2210759],[90.2707168,26.2217789],[90.2692495,26.225143],[90.2749889,26.2251535],[90.2765272,26.2260859],[90.2758789,26.2272929],[90.2621308,26.2330926],[90.2600332,26.2351972],[90.260195,26.2372146],[90.2690201,26.2436959],[90.2727181,26.2525697],[90.2879502,26.2521003],[90.2852569,26.2457646],[90.2840847,26.2366495],[90.3088583,26.2446894],[90.3050379,26.2499219],[90.3033996,26.2574754],[90.3073641,26.2626508],[90.3095509,26.2616909],[90.3180682,26.2678331],[90.3206906,26.2788085],[90.3234926,26.278656],[90.3248294,26.2766537],[90.3271458,26.2771505],[90.3260569,26.271566],[90.3275983,26.2701861],[90.3384698,26.2725387],[90.3439888,26.2707083],[90.3518522,26.2871331],[90.3566016,26.279366],[90.3627813,26.2730963],[90.3581948,26.2653609],[90.356616,26.2693589],[90.3536184,26.2697889],[90.3564508,26.2660412],[90.354827,26.258553],[90.3581288,26.2599516],[90.3616507,26.2645211],[90.3663487,26.2643859],[90.3682599,26.2663255],[90.3743388,26.2663208],[90.3811685,26.2686434],[90.3828852,26.2723015],[90.3812949,26.2780396],[90.3747009,26.2908554],[90.376413,26.2992771],[90.3793511,26.3025744],[90.3792316,26.3092866],[90.3837565,26.3116093],[90.404049,26.3160176],[90.4049013,26.3207765],[90.4041792,26.3331005],[90.3959921,26.3475099],[90.3940408,26.3545877],[90.3951383,26.3593466],[90.4019593,26.3638699],[90.4189294,26.3628913],[90.4228408,26.3642433]]]}},{"type":"Feature","properties":{"district":"Bongaigaon","subdistrict":"Bongaigaon (Pt)","dt_code":"319","sdt_code":"02110","dist_lgd":281,"subdt_lgd":2110,"st_nm":"ASSAM"},"geometry":{"type":"Polygon","coordinates":[[[90.5365436,26.3771243],[90.5464034,26.3787357],[90.5450291,26.3736933],[90.5462138,26.3723232],[90.5593563,26.3769075],[90.5595222,26.3750278],[90.5541054,26.3705471],[90.5526732,26.3657409],[90.55864,26.3565538],[90.5583426,26.34463],[90.564264,26.3407902],[90.5651997,26.338403],[90.5692655,26.3370588],[90.5728861,26.3251249],[90.5792864,26.3227159],[90.5834085,26.3183465],[90.586687,26.3211683],[90.5889081,26.3209014],[90.5893636,26.3198713],[90.5873412,26.3181959],[90.5908035,26.3130344],[90.5920767,26.3079052],[90.5948667,26.3092031],[90.5962058,26.312481],[90.5964367,26.315242],[90.5931997,26.3185652],[90.5953113,26.3222329],[90.6064688,26.326448],[90.6084081,26.3257841],[90.6084695,26.3194139],[90.6109262,26.3182609],[90.618001,26.323001],[90.6233269,26.3305689],[90.6255329,26.3311817],[90.625276,26.3262307],[90.628004,26.326045],[90.628828,26.3241061],[90.622927,26.3090792],[90.625403,26.3054069],[90.6177265,26.2934299],[90.6160282,26.284236],[90.618467,26.281081],[90.6132809,26.2735968],[90.6034831,26.2771396],[90.5995533,26.2738503],[90.5975892,26.2704797],[90.6041235,26.2658027],[90.6003382,26.2610355],[90.5979088,26.2548722],[90.6002182,26.2533555],[90.5993082,26.2507968],[90.6003663,26.2443606],[90.6220113,26.2311392],[90.6355748,26.2298327],[90.6404804,26.224817],[90.6335882,26.221302],[90.6212277,26.2181497],[90.6020842,26.2065904],[90.5157199,26.1962914],[90.5061101,26.1914313],[90.5009672,26.1867261],[90.5000051,26.1767964],[90.4939993,26.1712157],[90.479198,26.1620336],[90.4395288,26.1479505],[90.4245487,26.1476856],[90.4043926,26.1562576],[90.3744356,26.1557233],[90.3666165,26.1769407],[90.3727363,26.1784262],[90.3756873,26.1828853],[90.377308,26.2002696],[90.378924,26.2032301],[90.3767277,26.2112137],[90.3768928,26.2214494],[90.3821818,26.22464],[90.3879562,26.2257227],[90.394005,26.2205953],[90.3984832,26.220342],[90.4027568,26.223031],[90.4092037,26.2310584],[90.4271036,26.2437935],[90.4417459,26.2419509],[90.4417726,26.2449295],[90.4371998,26.2477251],[90.4360741,26.2506698],[90.4309727,26.2555145],[90.4312132,26.2596674],[90.4336268,26.2616219],[90.4368307,26.2615283],[90.4413172,26.2524745],[90.4462938,26.2484746],[90.4492065,26.2483062],[90.451078,26.2500018],[90.451976,26.2549085],[90.4450027,26.2616228],[90.4444542,26.2652786],[90.4463334,26.2690822],[90.4528028,26.2723284],[90.4564482,26.2664821],[90.4591006,26.2657766],[90.4688773,26.2669984],[90.4732044,26.2698254],[90.4716754,26.273324],[90.4616526,26.2717324],[90.4576986,26.2726869],[90.4556236,26.2763075],[90.4551184,26.2848012],[90.4569903,26.284033],[90.4590678,26.2764139],[90.467693,26.2764088],[90.4705584,26.278808],[90.4637806,26.2863083],[90.4641183,26.2894627],[90.4679018,26.2875198],[90.4727038,26.2886224],[90.4764128,26.2876677],[90.478764,26.2913803],[90.4836336,26.2949106],[90.4789684,26.3020986],[90.4797215,26.3044899],[90.4784939,26.309401],[90.4689728,26.3198277],[90.4659071,26.3252361],[90.4671356,26.3273791],[90.4736261,26.3303685],[90.4739459,26.3326098],[90.4720744,26.3345787],[90.4702661,26.334273],[90.4648082,26.3293346],[90.4609972,26.3296708],[90.453882,26.3398424],[90.4579084,26.3464427],[90.4541855,26.3496257],[90.462115,26.3501928],[90.4665838,26.3524935],[90.4700096,26.3594111],[90.4730018,26.3724799],[90.486983,26.3736649],[90.490355,26.3796678],[90.4974015,26.3796488],[90.4981139,26.3766097],[90.5029333,26.3762288],[90.5181314,26.3787608],[90.5192479,26.376362],[90.5254259,26.3752717],[90.5275178,26.3759207],[90.5271237,26.3783174],[90.5355722,26.3818835],[90.5365436,26.3771243]]]}},{"type":"Feature","properties":{"district":"Goalpara","subdistrict":"Balijana","dt_code":"302","sdt_code":"02014","dist_lgd":287,"subdt_lgd":2014,"st_nm":"ASSAM"},"geometry":{"type":"Polygon","coordinates":[[[90.6180562,26.209254],[90.6224714,26.2019563],[90.6404366,26.2085942],[90.639529,26.1930121],[90.6410794,26.1809582],[90.6400415,26.1749442],[90.6368327,26.1696041],[90.6362075,26.1638497],[90.6376568,26.1604452],[90.643317,26.1561257],[90.6559029,26.1512594],[90.6564209,26.1492037],[90.6539344,26.1449992],[90.6505296,26.1434617],[90.6352666,26.142665],[90.6304204,26.139592],[90.629173,26.134248],[90.6341141,26.1313661],[90.6344011,26.1290478],[90.6289491,26.1254089],[90.6296902,26.1216487],[90.6220128,26.116212],[90.6197948,26.1129646],[90.617613,26.1084387],[90.6188656,26.0987734],[90.6039099,26.0831361],[90.5994426,26.0772386],[90.5958271,26.0684395],[90.5950948,26.059564],[90.6050754,26.0519928],[90.6079564,26.0471899],[90.6051871,26.0433365],[90.5980798,26.0418921],[90.5974774,26.0406917],[90.5991673,26.0367197],[90.608666,26.0284263],[90.6113042,26.0241063],[90.6108116,26.0107565],[90.6064453,25.9946954],[90.6011443,25.9876926],[90.5924283,25.9699714],[90.5955586,25.9602537],[90.5935561,25.9586836],[90.5855156,25.9573537],[90.5797659,25.9512707],[90.5770618,25.9445148],[90.5767314,25.9367498],[90.5524238,25.922748],[90.5488754,25.9214005],[90.5438019,25.9235934],[90.5444836,25.9205538],[90.5483766,25.9192003],[90.5500588,25.91684],[90.5491235,25.9154286],[90.5381416,25.913747],[90.5374933,25.9111968],[90.526419,25.9048444],[90.5213861,25.8984772],[90.5136277,25.8962724],[90.5085532,25.9015037],[90.5179966,25.9156784],[90.5206854,25.9259671],[90.5341632,25.9389594],[90.5350044,25.9495882],[90.5317954,25.9560098],[90.5204628,25.9705237],[90.5096436,25.9804899],[90.5025351,25.991461],[90.488661,26.0033884],[90.4761344,26.0095867],[90.4562191,26.0001788],[90.443813,25.995994],[90.4402195,25.999159],[90.4340584,25.9995389],[90.4415554,26.0092525],[90.4461582,26.0127921],[90.4650003,26.0163134],[90.4721079,26.0337981],[90.4830558,26.0395431],[90.4739106,26.054591],[90.474097,26.0579807],[90.4689706,26.0617887],[90.4571437,26.0620283],[90.4345697,26.0576114],[90.427224,26.05339],[90.4106201,26.0572057],[90.4071017,26.0568715],[90.3844328,26.0441997],[90.3706567,26.0471228],[90.3550565,26.0481393],[90.3417952,26.0430586],[90.3410523,26.0488942],[90.339676,26.0498355],[90.3276702,26.051207],[90.3302313,26.0544404],[90.3402817,26.0545877],[90.3455985,26.0561888],[90.3463113,26.0590996],[90.3452424,26.0615821],[90.3526951,26.0678151],[90.3625317,26.0791511],[90.3701662,26.0806579],[90.3737781,26.0845639],[90.3763028,26.0809337],[90.3793052,26.087515],[90.383834,26.0883687],[90.3846713,26.0898827],[90.3830962,26.0976418],[90.3661229,26.1012168],[90.3676566,26.1053885],[90.3608043,26.1073204],[90.368765,26.1182866],[90.3541085,26.1214328],[90.3532693,26.1254065],[90.3754898,26.1408524],[90.3895648,26.1295135],[90.3903488,26.1378926],[90.3817556,26.1471472],[90.3881664,26.1496033],[90.3859345,26.1559308],[90.4043926,26.1562576],[90.4245487,26.1476856],[90.4395288,26.1479505],[90.479198,26.1620336],[90.4939993,26.1712157],[90.5000051,26.1767964],[90.5009672,26.1867261],[90.5061101,26.1914313],[90.5157199,26.1962914],[90.6020842,26.2065904],[90.6104165,26.2115114],[90.6180562,26.209254]]]}},{"type":"Feature","properties":{"district":"Dhubri","subdistrict":"Bagribari (Pt)","dt_code":"301","sdt_code":"02005","dist_lgd":285,"subdt_lgd":2005,"st_nm":"ASSAM"},"geometry":{"type":"Polygon","coordinates":[[[90.1536126,26.2092392],[90.1564627,26.2015161],[90.1603823,26.2037217],[90.1618506,26.2014416],[90.1553839,26.1979249],[90.1617642,26.1919266],[90.1628978,26.1883684],[90.1818915,26.1844267],[90.1897148,26.1787956],[90.1913601,26.1727859],[90.1911749,26.1626291],[90.1951963,26.1538327],[90.1966491,26.1513199],[90.2078718,26.1438451],[90.1999118,26.1360304],[90.2146091,26.1272399],[90.1954296,26.1272592],[90.1891528,26.1216966],[90.186076,26.1107167],[90.1809773,26.1064679],[90.1736577,26.1030461],[90.1734314,26.0902044],[90.1694355,26.0825772],[90.1687436,26.0774843],[90.1748374,26.0723893],[90.1829983,26.0619922],[90.1846176,26.051619],[90.1799443,26.0479101],[90.1565729,26.0476965],[90.1432389,26.0520844],[90.1254188,26.0546711],[90.118012,26.0529233],[90.1010857,26.0407552],[90.0909276,26.0392488],[90.0825769,26.0404532],[90.078179,26.0322102],[90.0715648,26.0264848],[90.069671,26.0258522],[90.0625433,26.0288817],[90.0587066,26.0376793],[90.0606922,26.0491183],[90.0582159,26.0519647],[90.0630254,26.0589679],[90.0522101,26.0600891],[90.0606434,26.0694297],[90.0735914,26.0753875],[90.0732887,26.0808464],[90.0683566,26.0796972],[90.0603128,26.0743773],[90.0541802,26.080874],[90.0450867,26.0828309],[90.0305354,26.07881],[90.0379339,26.0855757],[90.0411582,26.0920882],[90.0327617,26.1034592],[90.0347759,26.1127175],[90.0440377,26.1157187],[90.0547524,26.124912],[90.0605611,26.1276801],[90.06231,26.131248],[90.0790323,26.1397344],[90.0795726,26.1420844],[90.0719241,26.1438611],[90.0599048,26.1413702],[90.0569618,26.1475983],[90.0582206,26.1566633],[90.0546892,26.1536175],[90.0525281,26.1555417],[90.0563253,26.1633161],[90.0637677,26.172621],[90.0682058,26.1750762],[90.0694491,26.1742396],[90.0696569,26.1693498],[90.0739829,26.1749944],[90.0848568,26.1822255],[90.0872147,26.1861855],[90.0911764,26.186591],[90.0970682,26.1908423],[90.1013072,26.1849614],[90.112841,26.1915221],[90.1124562,26.1965578],[90.1204783,26.1992519],[90.125594,26.1957316],[90.1364374,26.2009141],[90.1398055,26.2011166],[90.1536126,26.2092392]]]}},{"type":"Feature","properties":{"district":"Goalpara","subdistrict":"Lakhipur","dt_code":"302","sdt_code":"02013","dist_lgd":287,"subdt_lgd":2013,"st_nm":"ASSAM"},"geometry":{"type":"Polygon","coordinates":[[[90.2791223,26.1855374],[90.2889366,26.185273],[90.3053968,26.1796317],[90.31523,26.1803042],[90.3228734,26.1789939],[90.3274408,26.1772445],[90.3303086,26.1728272],[90.3666165,26.1769407],[90.3744356,26.1557233],[90.3859345,26.1559308],[90.3880259,26.1507609],[90.3881664,26.1496033],[90.3817556,26.1471472],[90.3903488,26.1378926],[90.3895648,26.1295135],[90.3754898,26.1408524],[90.3532693,26.1254065],[90.3541085,26.1214328],[90.368765,26.1182866],[90.3608043,26.1073204],[90.3676566,26.1053885],[90.3661229,26.1012168],[90.3830962,26.0976418],[90.3846713,26.0898827],[90.383834,26.0883687],[90.3793052,26.087515],[90.3763028,26.0809337],[90.3737781,26.0845639],[90.3701662,26.0806579],[90.3625317,26.0791511],[90.3526951,26.0678151],[90.3452424,26.0615821],[90.3463113,26.0590996],[90.3455985,26.0561888],[90.3402817,26.0545877],[90.3302313,26.0544404],[90.3279826,26.0528994],[90.3286692,26.0502072],[90.339676,26.0498355],[90.3410523,26.0488942],[90.3417952,26.0430586],[90.3550565,26.0481393],[90.3706567,26.0471228],[90.3844328,26.0441997],[90.4071017,26.0568715],[90.4106201,26.0572057],[90.427224,26.05339],[90.4345697,26.0576114],[90.4532867,26.0614263],[90.4689706,26.0617887],[90.474097,26.0579807],[90.4739106,26.054591],[90.4830558,26.0395431],[90.4721079,26.0337981],[90.4650003,26.0163134],[90.4461582,26.0127921],[90.4415554,26.0092525],[90.4340584,25.9995389],[90.4402195,25.999159],[90.443813,25.995994],[90.4302214,25.9889498],[90.424099,25.9888799],[90.4168391,25.9915043],[90.4154933,25.9988161],[90.4111472,26.0004224],[90.4053898,26.0089782],[90.3997468,26.0125162],[90.3721768,26.0112655],[90.3497139,26.0041284],[90.3467055,25.9978491],[90.3430694,25.9963086],[90.3403557,25.9883434],[90.3315318,25.9876498],[90.331049,25.9826899],[90.3274227,25.9743748],[90.2835858,25.9630399],[90.2472415,25.9564965],[90.2114931,25.9525932],[90.2099369,25.9596611],[90.2028702,25.9608626],[90.1998319,25.9569544],[90.1924206,25.9552534],[90.1908255,25.9512142],[90.1873909,25.9498738],[90.1869066,25.9468545],[90.1887587,25.9458345],[90.1868842,25.9440946],[90.1808014,25.9497743],[90.1785944,25.9552239],[90.1772117,25.9552735],[90.1769242,25.958954],[90.1657592,25.955762],[90.1584701,25.9571509],[90.1564304,25.9582696],[90.151413,25.9666699],[90.1495034,25.966218],[90.1500254,25.9653901],[90.1438214,25.9601372],[90.1393833,25.9596371],[90.1406372,25.9573267],[90.1317177,25.9587431],[90.1196695,25.9541028],[90.120752,25.957476],[90.1158723,25.9625887],[90.1176641,25.9672104],[90.1200706,25.96921],[90.125383,25.9692283],[90.1288981,25.9672696],[90.133976,25.9750819],[90.1401624,25.9737818],[90.1416507,25.977108],[90.1404028,25.981206],[90.1417561,25.9822484],[90.1493308,25.9803115],[90.1509688,25.9811417],[90.1522128,25.9846979],[90.1574917,25.9877478],[90.1651667,25.9869113],[90.170761,25.9906603],[90.1751399,25.9890748],[90.1736977,25.9917291],[90.1740683,25.9945226],[90.1762766,25.9969229],[90.1794929,25.9971204],[90.1795051,26.0003849],[90.1875099,26.001392],[90.1862235,26.006011],[90.183465,26.0088504],[90.1973224,26.0241548],[90.1962756,26.0278245],[90.1912671,26.0313561],[90.1804298,26.0335546],[90.1775432,26.0378873],[90.1771424,26.0411906],[90.1744284,26.0438582],[90.1706836,26.0440424],[90.1712207,26.0452751],[90.1820692,26.0488451],[90.1846176,26.051619],[90.1829983,26.0619922],[90.1748374,26.0723893],[90.1687436,26.0774843],[90.1694355,26.0825772],[90.1734314,26.0902044],[90.1736577,26.1030461],[90.1809773,26.1064679],[90.186076,26.1107167],[90.1891528,26.1216966],[90.1954296,26.1272592],[90.2146659,26.1272417],[90.2317953,26.1351416],[90.2479354,26.1404109],[90.2499002,26.1504166],[90.2500065,26.1771796],[90.2682731,26.185155],[90.2721509,26.1838627],[90.2791223,26.1855374]]]}},{"type":"Feature","properties":{"district":"Goalpara","subdistrict":"Matia","dt_code":"302","sdt_code":"02015","dist_lgd":287,"subdt_lgd":2015,"st_nm":"ASSAM"},"geometry":{"type":"Polygon","coordinates":[[[90.6840982,26.1720251],[90.6940875,26.1507435],[90.7079932,26.1458409],[90.7145225,26.1300417],[90.7217528,26.1327368],[90.7305405,26.1338806],[90.7333887,26.135967],[90.7597835,26.1351352],[90.7929071,26.1291146],[90.7942082,26.1275177],[90.8157503,26.1197205],[90.8248844,26.1185279],[90.8371947,26.11178],[90.8395999,26.1090772],[90.8475318,26.1145579],[90.851201,26.1147932],[90.8604996,26.1119736],[90.8692084,26.0970764],[90.8716176,26.095533],[90.9163664,26.0896566],[90.9225032,26.0930185],[90.9211986,26.0785036],[90.9114539,26.0712322],[90.8861324,26.0674121],[90.8858324,26.0646093],[90.8934347,26.0569414],[90.8908366,26.0520005],[90.8790483,26.04872],[90.8612101,26.0490612],[90.8533527,26.0462574],[90.8506357,26.0429756],[90.8491363,26.0328576],[90.8372811,26.0266673],[90.8308686,26.0183561],[90.8208968,26.0165069],[90.8143316,26.0108277],[90.8091918,26.0113724],[90.8054829,26.0158851],[90.7979217,26.0188893],[90.785045,26.0219018],[90.7788905,26.0210579],[90.7752707,26.0173646],[90.7696841,26.0151734],[90.7551941,26.0187165],[90.7496112,26.014614],[90.7491601,26.0010802],[90.7434188,25.9958071],[90.7356632,25.9959442],[90.7235235,26.0005038],[90.7175862,25.9975772],[90.7129175,25.9919432],[90.7055343,25.9885084],[90.7100854,25.9842048],[90.7116919,25.9756061],[90.707143,25.9681215],[90.7067737,25.9541217],[90.7041917,25.9509908],[90.6883345,25.9489092],[90.6726537,25.93464],[90.6316433,25.9198264],[90.6285389,25.9175924],[90.6261932,25.9133501],[90.6261333,25.909735],[90.6306745,25.9095002],[90.6307991,25.9062822],[90.6264326,25.9002075],[90.6249355,25.8982623],[90.6159174,25.898721],[90.6136048,25.8993222],[90.6122959,25.901534],[90.6062662,25.916617],[90.6095924,25.9226524],[90.6231189,25.9350587],[90.6247261,25.9380826],[90.6048973,25.9470908],[90.5996733,25.955128],[90.5906923,25.956062],[90.5893138,25.9582263],[90.5955586,25.9602537],[90.5924283,25.9699714],[90.6011443,25.9876926],[90.6064453,25.9946954],[90.611166,26.0160503],[90.6113042,26.0241063],[90.608666,26.0284263],[90.5991673,26.0367197],[90.5974774,26.0406917],[90.5980798,26.0418921],[90.6051871,26.0433365],[90.6079564,26.0471899],[90.6074777,26.0494715],[90.5950948,26.059564],[90.5946163,26.0638968],[90.5994426,26.0772386],[90.6188656,26.0987734],[90.617613,26.1084387],[90.6197948,26.1129646],[90.6220128,26.116212],[90.6296902,26.1216487],[90.6289491,26.1254089],[90.6344011,26.1290478],[90.6341141,26.1313661],[90.629173,26.134248],[90.6304204,26.139592],[90.6352666,26.142665],[90.6505296,26.1434617],[90.6539344,26.1449992],[90.6564209,26.1492037],[90.6559029,26.1512594],[90.643317,26.1561257],[90.6376568,26.1604452],[90.6362075,26.1638497],[90.6368327,26.1696041],[90.6400415,26.1749442],[90.6410794,26.1809582],[90.639529,26.1930121],[90.6404366,26.2085942],[90.6560221,26.2110011],[90.6706178,26.2000367],[90.6737607,26.1970709],[90.6765119,26.1898468],[90.6770029,26.1810396],[90.6840982,26.1720251]]]}},{"type":"Feature","properties":{"district":"Goalpara","subdistrict":"Dudhnai","dt_code":"302","sdt_code":"02016","dist_lgd":287,"subdt_lgd":2016,"st_nm":"ASSAM"},"geometry":{"type":"Polygon","coordinates":[[[90.8937766,26.0565416],[90.8988475,26.0507004],[90.8914888,26.0323465],[90.9001542,26.0243504],[90.9062774,26.0217124],[90.9079496,26.0080393],[90.9136856,26.0069187],[90.9158131,26.0049255],[90.9154905,25.9946602],[90.9197696,25.99512],[90.923717,25.9925192],[90.9234999,25.9877567],[90.9260231,25.9818897],[90.9236211,25.9802044],[90.9271803,25.9776074],[90.923383,25.9702209],[90.9254904,25.9612392],[90.9212875,25.9506212],[90.923925,25.9428711],[90.9219427,25.9413418],[90.9194879,25.9444521],[90.9173364,25.9444077],[90.9148127,25.9358874],[90.9151272,25.9215172],[90.9193619,25.9149447],[90.9168364,25.9140564],[90.9119974,25.9200287],[90.9103855,25.9202592],[90.9061745,25.9250217],[90.9052921,25.9289033],[90.8944217,25.9311798],[90.8974526,25.9374753],[90.8900253,25.9380721],[90.8896565,25.9431766],[90.885813,25.9449235],[90.8845256,25.9503079],[90.880492,25.9504932],[90.8810757,25.9428252],[90.876688,25.9494237],[90.871691,25.9476273],[90.8748259,25.94255],[90.848474,25.9443801],[90.8443554,25.9459724],[90.8423447,25.9421222],[90.8390404,25.9413091],[90.8354679,25.9366054],[90.8361879,25.9484212],[90.832914,25.9458613],[90.8258992,25.9486935],[90.824413,25.9453983],[90.819274,25.9503159],[90.8162046,25.9489335],[90.8090541,25.9524373],[90.8078817,25.95097],[90.8091467,25.9474096],[90.7963818,25.9405207],[90.7844883,25.9251282],[90.7853174,25.9242892],[90.7833779,25.9217697],[90.7811652,25.911266],[90.7780513,25.9112008],[90.7781032,25.9086147],[90.7638866,25.9077155],[90.7566774,25.9109864],[90.7567897,25.9134282],[90.7606653,25.9156652],[90.7605245,25.9218844],[90.7510656,25.9182661],[90.7471409,25.9155369],[90.745305,25.9117691],[90.7424458,25.9123862],[90.7389766,25.9161584],[90.7477931,25.91886],[90.7469612,25.9248066],[90.751977,25.9269315],[90.7541517,25.9294326],[90.7546271,25.9334428],[90.7527883,25.9342702],[90.7513914,25.9322983],[90.7500915,25.9330055],[90.7467155,25.9280883],[90.740397,25.9393946],[90.7477646,25.9482987],[90.745686,25.9518964],[90.748095,25.9567161],[90.7444162,25.9550567],[90.7428166,25.9579871],[90.7377571,25.9556985],[90.7383284,25.9527102],[90.7324669,25.9520964],[90.724475,25.9467766],[90.719939,25.9487925],[90.718676,25.9551073],[90.7138459,25.9516713],[90.7041917,25.9509908],[90.7067737,25.9541217],[90.707143,25.9681215],[90.7116919,25.9756061],[90.7100854,25.9842048],[90.7055343,25.9885084],[90.7129175,25.9919432],[90.7175862,25.9975772],[90.7235235,26.0005038],[90.7356632,25.9959442],[90.7434188,25.9958071],[90.7491601,26.0010802],[90.7496112,26.014614],[90.7551941,26.0187165],[90.7696841,26.0151734],[90.7752707,26.0173646],[90.7788905,26.0210579],[90.785045,26.0219018],[90.7979217,26.0188893],[90.8054829,26.0158851],[90.8091918,26.0113724],[90.8143316,26.0108277],[90.8208968,26.0165069],[90.8308686,26.0183561],[90.8372811,26.0266673],[90.8491363,26.0328576],[90.8506357,26.0429756],[90.8533527,26.0462574],[90.8612101,26.0490612],[90.8790483,26.04872],[90.8908366,26.0520005],[90.8937766,26.0565416]]]}},{"type":"Feature","properties":{"district":"Goalpara","subdistrict":"Rangjuli","dt_code":"302","sdt_code":"02017","dist_lgd":287,"subdt_lgd":2017,"st_nm":"ASSAM"},"geometry":{"type":"Polygon","coordinates":[[[90.9358829,26.092579],[90.939425,26.0874786],[90.9475876,26.0891991],[90.947396,26.0861933],[90.9503872,26.0819993],[90.9599664,26.0824487],[90.9583552,26.0795056],[90.9584125,26.0757307],[90.965663,26.0722516],[90.9797604,26.0605986],[90.9804846,26.0582776],[90.9854258,26.0596948],[90.9971362,26.0565783],[90.997038,26.0551969],[91.0000001,26.0535491],[91.0103362,26.0545224],[91.0140153,26.0488],[91.0178897,26.0480688],[91.023506,26.0422604],[91.0273804,26.0412466],[91.0288483,26.0416147],[91.0313742,26.0468123],[91.0359645,26.0489615],[91.0354355,26.0462786],[91.0467015,26.0405335],[91.0536659,26.0428812],[91.0550326,26.0465274],[91.0606227,26.0436242],[91.0641348,26.0463392],[91.0689531,26.0416775],[91.069626,26.0378153],[91.0788681,26.0389441],[91.0821885,26.0309763],[91.0904141,26.0313353],[91.0856124,26.0243678],[91.0871484,26.0238735],[91.0883981,26.020179],[91.0900395,26.0211212],[91.0909933,26.0193732],[91.0930762,26.0197249],[91.0917352,26.0176497],[91.094946,26.0167582],[91.0935527,26.0126399],[91.0983481,26.0111634],[91.1000431,26.0092964],[91.0995877,26.0068662],[91.0964291,26.0036893],[91.0934635,26.0037535],[91.0904814,26.0017097],[91.0858669,25.9872145],[91.0858988,25.9819521],[91.0824643,25.9796944],[91.0803352,25.9722831],[91.0690384,25.9673638],[91.0640405,25.9586106],[91.0589349,25.9558821],[91.0475373,25.9415061],[91.052032,25.9382905],[91.0519836,25.9359527],[91.0426664,25.9265012],[91.0355213,25.9049685],[91.0304654,25.899987],[91.0303758,25.8859299],[91.025219,25.8887765],[91.0179067,25.8845582],[91.0106028,25.8841729],[91.0010308,25.8858221],[91.0006598,25.8879382],[90.9760534,25.8896735],[90.968855,25.8852193],[90.9659786,25.8884391],[90.9690044,25.9037505],[90.9666222,25.9140648],[90.9626844,25.9203858],[90.9611323,25.9273191],[90.9570449,25.9349578],[90.9461423,25.9410113],[90.9454657,25.944875],[90.9474345,25.9480919],[90.939991,25.9473012],[90.9345361,25.9398612],[90.923925,25.9428711],[90.9212875,25.9506212],[90.9254904,25.9612392],[90.923383,25.9702209],[90.9271803,25.9776074],[90.9236211,25.9802044],[90.9260231,25.9818897],[90.9234999,25.9877567],[90.923717,25.9925192],[90.9197696,25.99512],[90.9154905,25.9946602],[90.91657,26.0029427],[90.9136856,26.0069187],[90.9079496,26.0080393],[90.9062774,26.0217124],[90.9001542,26.0243504],[90.8914888,26.0323465],[90.8988475,26.0507004],[90.8858324,26.0646093],[90.8856797,26.0663867],[90.8890043,26.0682323],[90.9114539,26.0712322],[90.9161391,26.0740338],[90.9211986,26.0785036],[90.9225032,26.0930185],[90.9247938,26.0969391],[90.9277056,26.098566],[90.935302,26.101207],[90.9400775,26.093355],[90.9358829,26.092579]]]}},{"type":"Feature","properties":{"district":"Kamrup Rural","subdistrict":"Boko","dt_code":"321","sdt_code":"02123","dist_lgd":291,"subdt_lgd":2124,"st_nm":"ASSAM"},"geometry":{"type":"Polygon","coordinates":[[[91.2260713,26.0462847],[91.2181983,26.037541],[91.2175519,26.0290898],[91.2191696,26.0281595],[91.2209788,26.0226048],[91.2235425,26.0210639],[91.2325004,26.0228584],[91.2422496,26.021612],[91.2451467,26.0193233],[91.2448273,26.0123306],[91.2525404,26.007976],[91.2548602,26.0003044],[91.2584607,26.0025753],[91.2718074,25.9986254],[91.2848742,25.9974973],[91.2815953,25.9954749],[91.2847857,25.994249],[91.2836124,25.9911698],[91.2815221,25.9901462],[91.2829669,25.9872835],[91.2716471,25.9761482],[91.2694961,25.9703259],[91.2609755,25.9615835],[91.2625429,25.9608272],[91.2658902,25.9625132],[91.2652538,25.9577381],[91.2589542,25.9491949],[91.2560056,25.9479941],[91.2538718,25.9423436],[91.249356,25.9402918],[91.2521203,25.9353992],[91.2484772,25.9311631],[91.2415985,25.9288964],[91.2406018,25.9328897],[91.2417427,25.9377569],[91.239108,25.9376902],[91.2382017,25.9314561],[91.2425133,25.9263875],[91.2435633,25.9165661],[91.2395821,25.9157224],[91.2364454,25.913185],[91.236406,25.9111308],[91.2291055,25.9040729],[91.227666,25.8998312],[91.2538186,25.8462086],[91.2637164,25.8184645],[91.2665752,25.8066528],[91.2686749,25.7710445],[91.2650015,25.7543829],[91.2645297,25.745854],[91.2455198,25.733299],[91.2224541,25.7225633],[91.2101162,25.7254883],[91.1904799,25.747828],[91.188944,25.7504454],[91.1892891,25.7639516],[91.184156,25.7664349],[91.1851315,25.7719859],[91.1782621,25.7773516],[91.1784,25.7801607],[91.1820664,25.7835973],[91.1841876,25.7988905],[91.1904396,25.8114348],[91.1902735,25.8136527],[91.1878187,25.8148016],[91.1863057,25.8183571],[91.1893729,25.8237362],[91.1944554,25.8272788],[91.1946815,25.8348627],[91.197289,25.835244],[91.2036433,25.843214],[91.1975558,25.8495383],[91.1977631,25.8544886],[91.1962142,25.8563959],[91.1958297,25.8613935],[91.1892012,25.8517149],[91.1839925,25.8504019],[91.180228,25.8439721],[91.1736234,25.844405],[91.1598954,25.8499499],[91.14755,25.8504916],[91.136109,25.8426264],[91.1294608,25.8426109],[91.1203637,25.8329292],[91.0771402,25.8289423],[91.0669718,25.8257313],[91.0621344,25.8207781],[91.0488843,25.8292728],[91.0529699,25.8318076],[91.0577334,25.8317676],[91.0593661,25.8366598],[91.0664149,25.8388615],[91.0677314,25.8368062],[91.0718631,25.8387609],[91.0732365,25.8404558],[91.0729803,25.8458926],[91.0784365,25.8528357],[91.0672084,25.8466251],[91.0644615,25.8479527],[91.0618811,25.8469047],[91.0617046,25.8480122],[91.0477169,25.8490816],[91.0460834,25.8450777],[91.0392294,25.8368931],[91.0324991,25.8349976],[91.031678,25.832411],[91.0286292,25.8311649],[91.021499,25.8233405],[91.0060146,25.8203833],[91.0013969,25.8250995],[91.0069338,25.8324874],[91.0079831,25.8379615],[91.0102376,25.8373261],[91.012208,25.8417797],[91.0114752,25.8459081],[91.0153134,25.848399],[91.0140249,25.8568723],[91.027908,25.8693306],[91.0305156,25.8848306],[91.0304654,25.899987],[91.0355213,25.9049685],[91.0426664,25.9265012],[91.0519836,25.9359527],[91.052032,25.9382905],[91.0475373,25.9415061],[91.0589349,25.9558821],[91.0640405,25.9586106],[91.0690384,25.9673638],[91.0803352,25.9722831],[91.0824643,25.9796944],[91.0858988,25.9819521],[91.0858669,25.9872145],[91.0904814,26.0017097],[91.0934635,26.0037535],[91.0964291,26.0036893],[91.0995877,26.0068662],[91.1000431,26.0092964],[91.0983481,26.0111634],[91.0935527,26.0126399],[91.094946,26.0167582],[91.0917352,26.0176497],[91.0930762,26.0197249],[91.0909933,26.0193732],[91.0900395,26.0211212],[91.0883981,26.020179],[91.0871484,26.0238735],[91.0856124,26.0243678],[91.0904364,26.0309457],[91.0947597,26.0302355],[91.1008472,26.0243776],[91.117713,26.0217272],[91.1266763,26.0293127],[91.1396065,26.0330885],[91.1407818,26.0293884],[91.1424081,26.0285487],[91.1623293,26.0272115],[91.1687973,26.0245778],[91.1739597,26.025292],[91.1696217,26.021445],[91.1774971,26.0166306],[91.1821704,26.0174701],[91.1846267,26.0260625],[91.1823719,26.0288462],[91.1792703,26.0401883],[91.1785127,26.0452146],[91.1795969,26.0473063],[91.1997403,26.0470969],[91.2053933,26.0454244],[91.2122858,26.0464649],[91.2201956,26.0499628],[91.2258009,26.0477506],[91.2260713,26.0462847]]]}},{"type":"Feature","properties":{"district":"Kamrup Rural","subdistrict":"Chhaygaon","dt_code":"321","sdt_code":"02119","dist_lgd":291,"subdt_lgd":2120,"st_nm":"ASSAM"},"geometry":{"type":"Polygon","coordinates":[[[91.3970332,26.088986],[91.4000396,26.0806385],[91.4018001,26.0792311],[91.4016946,26.0756328],[91.4050605,26.0651442],[91.4156834,26.0662668],[91.4253505,26.0715257],[91.4310772,26.0718592],[91.4436571,26.0624768],[91.4479321,26.0561817],[91.4483644,26.0489047],[91.4469928,26.0449222],[91.4428029,26.0410996],[91.4394803,26.0348198],[91.4377159,26.0272318],[91.4268633,26.0254749],[91.4251153,26.0217675],[91.4252766,26.0167069],[91.4288923,26.0125834],[91.426007,26.0006185],[91.4281724,25.9892143],[91.4225598,25.974339],[91.414303,25.9618482],[91.4114376,25.942848],[91.4072237,25.9285479],[91.39961,25.917583],[91.3996597,25.9064124],[91.3943774,25.8979571],[91.3909955,25.8876954],[91.3838739,25.8789714],[91.3841047,25.8766923],[91.3906788,25.8688479],[91.3905631,25.8671515],[91.3842478,25.8637782],[91.3769965,25.8563614],[91.365285,25.8532946],[91.3617127,25.8492743],[91.3588036,25.8410828],[91.3550955,25.8392528],[91.3514448,25.8386069],[91.3467164,25.8400278],[91.3440389,25.8371162],[91.3350557,25.8402733],[91.3332565,25.8367479],[91.3343199,25.8330654],[91.322321,25.8215301],[91.3207527,25.8157164],[91.3147223,25.809594],[91.309712,25.7988773],[91.3025928,25.7899015],[91.301847,25.7864846],[91.2955599,25.7801807],[91.2945558,25.775915],[91.2900368,25.7726449],[91.2886264,25.7654994],[91.2789783,25.7573604],[91.2745382,25.7504475],[91.2645297,25.745854],[91.2650015,25.7543829],[91.2686749,25.7710445],[91.2665752,25.8066528],[91.2637164,25.8184645],[91.2538186,25.8462086],[91.227666,25.8998312],[91.2291055,25.9040729],[91.236406,25.9111308],[91.2364454,25.913185],[91.2395821,25.9157224],[91.2435633,25.9165661],[91.2425133,25.9263875],[91.2382017,25.9314561],[91.239108,25.9376902],[91.2417427,25.9377569],[91.2406018,25.9328897],[91.2415985,25.9288964],[91.2484772,25.9311631],[91.2521203,25.9353992],[91.249356,25.9402918],[91.2538718,25.9423436],[91.2560056,25.9479941],[91.2589542,25.9491949],[91.2652538,25.9577381],[91.2658902,25.9625132],[91.2625429,25.9608272],[91.2609755,25.9615835],[91.2694961,25.9703259],[91.2716471,25.9761482],[91.2829669,25.9872835],[91.2815221,25.9901462],[91.2836124,25.9911698],[91.2847857,25.994249],[91.2815953,25.9954749],[91.2848742,25.9974973],[91.2718074,25.9986254],[91.2584607,26.0025753],[91.2548602,26.0003044],[91.2525404,26.007976],[91.2448273,26.0123306],[91.2451467,26.0193233],[91.2422496,26.021612],[91.2325004,26.0228584],[91.2235425,26.0210639],[91.220331,26.023194],[91.2191696,26.0281595],[91.2175519,26.0290898],[91.2181983,26.037541],[91.2262501,26.0471758],[91.2202218,26.0499504],[91.2233214,26.0553794],[91.2241509,26.0640629],[91.2318857,26.0675335],[91.2357295,26.0676284],[91.2466563,26.0667534],[91.2570044,26.0640579],[91.2665541,26.0664029],[91.2727039,26.0628358],[91.2912565,26.0691325],[91.2999548,26.0775944],[91.3043559,26.0750409],[91.3008291,26.070756],[91.2994538,26.063495],[91.3008925,26.0607842],[91.3050736,26.0579029],[91.3203132,26.0710269],[91.3294249,26.0759386],[91.3295492,26.0802401],[91.3364092,26.0810869],[91.34404,26.0743498],[91.3499216,26.0777304],[91.3626945,26.0771398],[91.3744837,26.0707222],[91.3763017,26.0719069],[91.3765533,26.0740081],[91.3726945,26.0755217],[91.3716369,26.0775179],[91.3754605,26.0795013],[91.3689767,26.0821518],[91.3715761,26.0855749],[91.3832396,26.0840755],[91.3899619,26.0887217],[91.3970332,26.088986]]]}},{"type":"Feature","properties":{"district":"Kamrup Rural","subdistrict":"PALASHBARI CIRCLE","dt_code":"321","sdt_code":"","dist_lgd":291,"subdt_lgd":0,"st_nm":"ASSAM"},"geometry":{"type":"Polygon","coordinates":[[[91.3342127,26.1678519],[91.3441383,26.1632099],[91.353608,26.1672993],[91.3668684,26.1603524],[91.390625,26.1390234],[91.3968412,26.1371276],[91.4101387,26.1381659],[91.4154937,26.1351022],[91.4325704,26.1494166],[91.4344904,26.1492154],[91.4407056,26.1436605],[91.4480006,26.1428471],[91.4534085,26.1450139],[91.4626987,26.1518072],[91.4712404,26.1542557],[91.4762115,26.153799],[91.4905881,26.1459913],[91.5178001,26.1386133],[91.5384116,26.1390769],[91.5618596,26.1417223],[91.5611193,26.122754],[91.5650644,26.1166943],[91.5641345,26.105693],[91.572339,26.1025892],[91.5713514,26.0960414],[91.5857731,26.0917157],[91.5841149,26.0884679],[91.5793606,26.0848972],[91.5803344,26.0810929],[91.5794534,26.0739063],[91.5777595,26.0720455],[91.5719238,26.0712754],[91.5711037,26.0700519],[91.57147,26.0666188],[91.568022,26.0602562],[91.5670587,26.0499619],[91.5587011,26.0414991],[91.5571183,26.036946],[91.5542686,26.0342739],[91.5496698,26.0355901],[91.5340632,26.0354481],[91.5258282,26.0285518],[91.521025,26.0271206],[91.5176246,26.0277784],[91.5161436,26.0307717],[91.5159018,26.040931],[91.5069668,26.0435008],[91.5062005,26.0543039],[91.5016009,26.0576087],[91.4935154,26.0586527],[91.491322,26.0577588],[91.4891086,26.0416885],[91.4850075,26.0302091],[91.4818475,26.0108915],[91.4862435,26.0056695],[91.4879197,25.9851349],[91.4921011,25.9792896],[91.4979998,25.9759435],[91.4888597,25.9686276],[91.4875573,25.9629035],[91.4794402,25.9573276],[91.4728925,25.9465249],[91.4725065,25.93531],[91.4767998,25.9246298],[91.4744887,25.919003],[91.4757194,25.9065613],[91.4739373,25.8676955],[91.475928,25.865419],[91.4764716,25.8573121],[91.469473,25.8591582],[91.4625475,25.8567254],[91.4617826,25.8543383],[91.4486133,25.8450032],[91.4483819,25.8418891],[91.4451487,25.8397379],[91.4358292,25.8435559],[91.4281723,25.8526351],[91.4224667,25.854474],[91.413463,25.853565],[91.4061696,25.8500554],[91.4027283,25.8513966],[91.3931409,25.8475935],[91.3811402,25.8456312],[91.3728955,25.8467191],[91.3710502,25.8426165],[91.3663621,25.8402152],[91.3588035,25.8410827],[91.3617127,25.8492743],[91.365285,25.8532946],[91.3769965,25.8563614],[91.3842478,25.8637782],[91.3905631,25.8671515],[91.3906788,25.8688479],[91.3841047,25.8766923],[91.3838739,25.8789714],[91.3909955,25.8876954],[91.3943774,25.8979571],[91.3996597,25.9064124],[91.39961,25.917583],[91.4072237,25.9285479],[91.4114376,25.942848],[91.414303,25.9618482],[91.4225598,25.974339],[91.4281724,25.9892143],[91.426007,26.0006185],[91.4288923,26.0125834],[91.4252766,26.0167069],[91.4251153,26.0217675],[91.4268633,26.0254749],[91.4360336,26.0262736],[91.4384136,26.0281312],[91.4391848,26.0339564],[91.4420846,26.0399721],[91.4479861,26.046685],[91.4483113,26.0543508],[91.4427299,26.0634629],[91.4298,26.0721824],[91.4253505,26.0715257],[91.4156834,26.0662668],[91.4050605,26.0651442],[91.4016946,26.0756328],[91.4018001,26.0792311],[91.4000396,26.0806385],[91.3970332,26.088986],[91.3899619,26.0887217],[91.3832396,26.0840755],[91.3717467,26.0854584],[91.3691454,26.0898378],[91.3536229,26.0931135],[91.3484525,26.0980583],[91.3468153,26.1027455],[91.3438355,26.1023602],[91.3399618,26.1056542],[91.3314469,26.1090097],[91.3287411,26.1123187],[91.3189267,26.1188047],[91.3172886,26.1246873],[91.3200671,26.1347079],[91.3249529,26.1365112],[91.3340843,26.1341905],[91.338918,26.1397616],[91.3384326,26.143662],[91.3245086,26.1464819],[91.3217348,26.1521546],[91.3227207,26.1604443],[91.328697,26.1627221],[91.3342127,26.1678519]]]}},{"type":"Feature","properties":{"district":"Kamrup Rural","subdistrict":"Goroimari","dt_code":"321","sdt_code":"02121","dist_lgd":291,"subdt_lgd":2121,"st_nm":"ASSAM"},"geometry":{"type":"Polygon","coordinates":[[[91.2201157,26.1794389],[91.2326804,26.1761589],[91.2451031,26.1702872],[91.2556486,26.1630865],[91.2754152,26.1613929],[91.2946064,26.1572437],[91.310168,26.1615997],[91.3227207,26.1604443],[91.3217348,26.1521546],[91.3245086,26.1464819],[91.3384326,26.143662],[91.338918,26.1397616],[91.3340843,26.1341905],[91.3249529,26.1365112],[91.3200671,26.1347079],[91.3174176,26.1261336],[91.3181365,26.1199163],[91.3314469,26.1090097],[91.3399618,26.1056542],[91.3438355,26.1023602],[91.3468153,26.1027455],[91.3484525,26.0980583],[91.3536229,26.0931135],[91.3691454,26.0898378],[91.3715761,26.0855749],[91.3689767,26.0821518],[91.3754605,26.0795013],[91.3716114,26.0772334],[91.3765533,26.0740081],[91.3763017,26.0719069],[91.3722313,26.0710587],[91.3626945,26.0771398],[91.3499216,26.0777304],[91.34404,26.0743498],[91.3364092,26.0810869],[91.3295492,26.0802401],[91.3294249,26.0759386],[91.3203132,26.0710269],[91.3050736,26.0579029],[91.3008925,26.0607842],[91.2994538,26.063495],[91.3008291,26.070756],[91.3043559,26.0750409],[91.2999548,26.0775944],[91.2912565,26.0691325],[91.2727039,26.0628358],[91.2665541,26.0664029],[91.2570044,26.0640579],[91.2466563,26.0667534],[91.2344621,26.0676339],[91.2196487,26.0629243],[91.216326,26.0648544],[91.2134654,26.0741445],[91.2089521,26.0701716],[91.2111002,26.0697907],[91.2111053,26.0685045],[91.2058085,26.0673382],[91.2091681,26.0627626],[91.2078335,26.0592156],[91.2035913,26.057747],[91.1921208,26.0622748],[91.1871701,26.0630117],[91.1845824,26.0610189],[91.1775299,26.0622875],[91.1689944,26.0681266],[91.1652526,26.0718952],[91.1636713,26.0822472],[91.156834,26.0981306],[91.1612789,26.1021217],[91.1671039,26.1012636],[91.1675187,26.1032815],[91.1657587,26.1051578],[91.1602694,26.1063133],[91.1643188,26.1083147],[91.1641067,26.1099133],[91.1700083,26.110371],[91.1702128,26.1133683],[91.1670002,26.1161226],[91.1624761,26.1171613],[91.1430066,26.1118411],[91.1422978,26.1228442],[91.1432986,26.1258322],[91.1479388,26.1287383],[91.1602154,26.1263948],[91.1679164,26.1353785],[91.1717798,26.1378396],[91.1814059,26.1333988],[91.1814059,26.1286845],[91.1829292,26.1275631],[91.1991096,26.1350912],[91.2093008,26.1499776],[91.2188434,26.1688384],[91.2201157,26.1794389]]]}},{"type":"Feature","properties":{"district":"Kamrup Rural","subdistrict":"Chamaria","dt_code":"321","sdt_code":"02121","dist_lgd":291,"subdt_lgd":2122,"st_nm":"ASSAM"},"geometry":{"type":"Polygon","coordinates":[[[91.2201157,26.1794389],[91.2188434,26.1688384],[91.2168398,26.1645303],[91.2093008,26.1499776],[91.1991096,26.1350912],[91.1829292,26.1275631],[91.1814059,26.1286845],[91.1814059,26.1333988],[91.1708122,26.1376352],[91.1602154,26.1263948],[91.1492477,26.1287755],[91.144051,26.1270402],[91.1422978,26.1228442],[91.1421672,26.1139965],[91.1434135,26.1116692],[91.1500855,26.1146678],[91.1624761,26.1171613],[91.1670002,26.1161226],[91.1702128,26.1133683],[91.1700083,26.110371],[91.1641067,26.1099133],[91.1643188,26.1083147],[91.1602694,26.1063133],[91.1657587,26.1051578],[91.1675187,26.1032815],[91.1671039,26.1012636],[91.1612789,26.1021217],[91.156834,26.0981306],[91.1636713,26.0822472],[91.1652526,26.0718952],[91.1689944,26.0681266],[91.1775299,26.0622875],[91.1845824,26.0610189],[91.1871701,26.0630117],[91.1921208,26.0622748],[91.2004796,26.0581853],[91.2052505,26.0578776],[91.2083451,26.0597859],[91.2092282,26.0632941],[91.2058085,26.0673382],[91.2111053,26.0685045],[91.2111002,26.0697907],[91.2090484,26.070367],[91.2141282,26.0740372],[91.216326,26.0648544],[91.2200789,26.0628695],[91.2241506,26.0640457],[91.2233214,26.0553794],[91.2202218,26.0499504],[91.2122858,26.0464649],[91.2053933,26.0454244],[91.1997403,26.0470969],[91.1795969,26.0473063],[91.1785127,26.0452146],[91.1792703,26.0401883],[91.1823719,26.0288462],[91.1846267,26.0260625],[91.1821704,26.0174701],[91.1794166,26.0168543],[91.1761061,26.0167306],[91.1696217,26.021445],[91.1739597,26.025292],[91.1687973,26.0245778],[91.1623293,26.0272115],[91.1424081,26.0285487],[91.1407818,26.0293884],[91.1396065,26.0330885],[91.1266763,26.0293127],[91.117713,26.0217272],[91.1008472,26.0243776],[91.0973915,26.0280545],[91.0970853,26.0361196],[91.1039818,26.0582874],[91.1121359,26.0628733],[91.112716,26.0716023],[91.1111623,26.0732266],[91.1033471,26.0749052],[91.0997087,26.0793201],[91.0953444,26.0814436],[91.1034152,26.1094199],[91.0829906,26.1068398],[91.0732295,26.1286201],[91.0726703,26.1340956],[91.0858156,26.1428026],[91.0848042,26.1517314],[91.0814429,26.1616815],[91.090186,26.1642988],[91.1007313,26.1650567],[91.11706,26.1545879],[91.1328382,26.1589332],[91.1453088,26.1597172],[91.1672799,26.1708456],[91.178397,26.1749226],[91.1887585,26.1752465],[91.2142204,26.1800337],[91.2201157,26.1794389]]]}},{"type":"Feature","properties":{"district":"Kamrup Rural","subdistrict":"Nagarbera","dt_code":"321","sdt_code":"02122","dist_lgd":291,"subdt_lgd":2123,"st_nm":"ASSAM"},"geometry":{"type":"Polygon","coordinates":[[[91.0732295,26.1286201],[91.0835127,26.1065805],[91.096792,26.1094128],[91.1034152,26.1094199],[91.0953444,26.0814436],[91.0997087,26.0793201],[91.1033471,26.0749052],[91.1111623,26.0732266],[91.112716,26.0716023],[91.1121359,26.0628733],[91.1045178,26.0589778],[91.1030027,26.0558223],[91.1001118,26.0428358],[91.0970853,26.0361196],[91.0973915,26.0280545],[91.0902022,26.0315109],[91.0821885,26.0309763],[91.0788681,26.0389441],[91.069626,26.0378153],[91.0689531,26.0416775],[91.0641348,26.0463392],[91.0606227,26.0436242],[91.0550326,26.0465274],[91.0536659,26.0428812],[91.0467015,26.0405335],[91.0354355,26.0462786],[91.0359645,26.0489615],[91.0313742,26.0468123],[91.0288483,26.0416147],[91.0273804,26.0412466],[91.023506,26.0422604],[91.0178897,26.0480688],[91.0140153,26.0488],[91.0103362,26.0545224],[91.0000001,26.0535491],[90.997038,26.0551969],[90.9971362,26.0565783],[90.9854258,26.0596948],[90.9804846,26.0582776],[90.9797604,26.0605986],[90.965663,26.0722516],[90.9584125,26.0757307],[90.9583552,26.0795056],[90.9599664,26.0824487],[90.9503872,26.0819993],[90.947396,26.0861933],[90.9475876,26.0891991],[90.939425,26.0874786],[90.9358829,26.092579],[90.9541589,26.0961519],[90.9953435,26.1194874],[91.0016469,26.1191166],[91.0076411,26.1150711],[91.0094143,26.1154957],[91.0076798,26.1197367],[90.9989048,26.1265003],[90.9981997,26.1286458],[91.0155244,26.1262766],[91.021353,26.1200541],[91.0297935,26.1190877],[91.0367844,26.1235355],[91.0372838,26.127012],[91.0498817,26.1314131],[91.0543958,26.138277],[91.0631783,26.1453311],[91.0692208,26.1542643],[91.0814429,26.1616815],[91.0859098,26.1434784],[91.083687,26.1403672],[91.0725044,26.1338058],[91.0732295,26.1286201]]]}},{"type":"Feature","properties":{"district":"Barpeta","subdistrict":"Chenga","dt_code":"303","sdt_code":"02021","dist_lgd":280,"subdt_lgd":2021,"st_nm":"ASSAM"},"geometry":{"type":"Polygon","coordinates":[[[91.1357669,26.294539],[91.1403997,26.2949037],[91.1474238,26.3003209],[91.1554718,26.3018056],[91.1596127,26.2998641],[91.1636626,26.2952824],[91.1695734,26.2954086],[91.1727575,26.2935325],[91.1786157,26.2928808],[91.1798831,26.2904209],[91.1834668,26.2909193],[91.1818545,26.2812636],[91.1860124,26.2719151],[91.1889423,26.2719109],[91.1932526,26.2780567],[91.1974211,26.2795772],[91.2067584,26.2758506],[91.2110334,26.2709794],[91.2188784,26.2733663],[91.2159351,26.267234],[91.2211778,26.264308],[91.218524,26.2637809],[91.2186136,26.2600789],[91.2286434,26.2638296],[91.2379738,26.2631314],[91.2404712,26.2615985],[91.2384565,26.2533227],[91.2319329,26.2456008],[91.2290559,26.2437292],[91.2210377,26.2448302],[91.215517,26.2387642],[91.2158963,26.2336508],[91.2198841,26.2270762],[91.2153528,26.2216136],[91.2167237,26.218442],[91.232254,26.2139729],[91.2379347,26.2092989],[91.2414678,26.2032013],[91.2483643,26.2012642],[91.2479786,26.1990451],[91.2392933,26.1928972],[91.2395084,26.185879],[91.2374015,26.1801839],[91.2296759,26.1820634],[91.2221696,26.1793015],[91.2127471,26.1799137],[91.1887585,26.1752465],[91.178397,26.1749226],[91.1672799,26.1708456],[91.1453088,26.1597172],[91.1328382,26.1589332],[91.11706,26.1545879],[91.1016687,26.164815],[91.090186,26.1642988],[91.0781561,26.1602222],[91.0692208,26.1542643],[91.0631783,26.1453311],[91.0543958,26.138277],[91.0498817,26.1314131],[91.0372838,26.127012],[91.0367844,26.1235355],[91.0276186,26.1188444],[91.021353,26.1200541],[91.0155244,26.1262766],[91.0064528,26.1280158],[91.0038013,26.1401318],[90.9992281,26.1421089],[90.9959273,26.1482068],[90.9927976,26.1495554],[90.9650062,26.1445303],[90.9575105,26.1464111],[90.9486706,26.1394823],[90.943968,26.1394074],[90.937058,26.1433918],[90.9248899,26.1567617],[90.9116069,26.1633665],[90.9006254,26.1642655],[90.8956073,26.1707598],[90.9043738,26.1787276],[90.9231525,26.1880406],[90.9525489,26.1978666],[90.9561649,26.2015938],[90.9664359,26.2033862],[90.9769889,26.2075365],[91.0052308,26.2104597],[91.0060442,26.2064321],[91.0085978,26.2064611],[91.0124421,26.198375],[91.0172361,26.198745],[91.0312992,26.2026291],[91.0424853,26.2130941],[91.0536927,26.2180788],[91.0617443,26.2168596],[91.0736114,26.211754],[91.0774958,26.2151306],[91.081293,26.2219895],[91.0845207,26.2238219],[91.1065057,26.2265057],[91.0955382,26.2285591],[91.0951444,26.2341487],[91.0906186,26.2395206],[91.0895243,26.245889],[91.1010507,26.2462951],[91.0984285,26.2559832],[91.1029162,26.2594275],[91.1015422,26.2646462],[91.0967713,26.2630843],[91.0908087,26.2650979],[91.0935023,26.2714726],[91.0897443,26.2719634],[91.086633,26.274495],[91.0865857,26.2810341],[91.095274,26.282948],[91.10679,26.2917058],[91.1247273,26.288775],[91.1191373,26.2940976],[91.1183938,26.3037115],[91.1222359,26.2999754],[91.1357669,26.294539]]]}},{"type":"Feature","properties":{"district":"Barpeta","subdistrict":"Sarthebari","dt_code":"303","sdt_code":"02023","dist_lgd":280,"subdt_lgd":2023,"st_nm":"ASSAM"},"geometry":{"type":"Polygon","coordinates":[[[91.1337424,26.4724843],[91.139426,26.4617117],[91.1442854,26.4598953],[91.1468143,26.4630791],[91.1531392,26.4649244],[91.1561667,26.4638156],[91.1602957,26.4648252],[91.161822,26.4635489],[91.1732775,26.4668152],[91.17956,26.4673911],[91.1844585,26.4654613],[91.1869454,26.4668624],[91.1882021,26.4651246],[91.1879231,26.4607287],[91.1923489,26.4586264],[91.1914774,26.4513515],[91.1980891,26.4464566],[91.1989282,26.4417274],[91.1958707,26.4343407],[91.2006118,26.4302664],[91.2011761,26.4271705],[91.2080408,26.4269193],[91.2139614,26.4318155],[91.2179483,26.4312204],[91.2305621,26.4331831],[91.2323922,26.429545],[91.2316669,26.4257862],[91.2345025,26.4242858],[91.2375155,26.409472],[91.2419705,26.4042064],[91.2361113,26.4032498],[91.2336521,26.3994564],[91.2350677,26.3915442],[91.2420695,26.3881313],[91.236567,26.3821019],[91.2355965,26.3786368],[91.2369323,26.3765011],[91.2396622,26.3757994],[91.2444171,26.3808725],[91.2468773,26.3761003],[91.2458558,26.3719989],[91.2483636,26.3671972],[91.2516363,26.3660402],[91.2525006,26.3635543],[91.2576151,26.3639602],[91.265814,26.3607535],[91.2660923,26.363132],[91.2641714,26.3655133],[91.2650281,26.3707851],[91.2720271,26.3708038],[91.2756181,26.3721874],[91.2745686,26.3749575],[91.2784395,26.3774604],[91.2825746,26.3754323],[91.2801444,26.3756383],[91.2802876,26.372055],[91.2777281,26.3713494],[91.2710106,26.3645031],[91.2751504,26.3566218],[91.2799152,26.3556096],[91.276439,26.3492802],[91.2773977,26.3408596],[91.2692521,26.3425823],[91.2671803,26.3404733],[91.266372,26.3370789],[91.2699354,26.3289221],[91.2631249,26.3177834],[91.2580579,26.3170348],[91.2559319,26.314763],[91.2559403,26.3114099],[91.2607632,26.3106872],[91.2619928,26.3077592],[91.2614656,26.3041303],[91.2581328,26.302169],[91.2517316,26.3042397],[91.250222,26.3018104],[91.2505417,26.2978573],[91.2525174,26.2949888],[91.2607801,26.2933077],[91.2608695,26.2889572],[91.2395225,26.2791586],[91.227008,26.2824541],[91.2194593,26.2756278],[91.2188784,26.2733663],[91.2117076,26.2708287],[91.2067584,26.2758506],[91.1974211,26.2795772],[91.1932526,26.2780567],[91.1889423,26.2719109],[91.1860124,26.2719151],[91.1818545,26.2812636],[91.1834668,26.2909193],[91.1798831,26.2904209],[91.1786157,26.2928808],[91.1727575,26.2935325],[91.1695734,26.2954086],[91.1636626,26.2952824],[91.1596127,26.2998641],[91.1544306,26.302086],[91.1459991,26.2997017],[91.1443055,26.3059799],[91.1452875,26.3141155],[91.1437944,26.3196469],[91.1419219,26.3215817],[91.1319087,26.3237386],[91.1319148,26.3272744],[91.1284146,26.3290347],[91.1264009,26.3342475],[91.1320061,26.3430299],[91.1339435,26.3533464],[91.1249472,26.3545373],[91.122588,26.3627604],[91.1235883,26.3646117],[91.1263342,26.3646563],[91.1298767,26.3676995],[91.1282309,26.3697738],[91.1080439,26.3635326],[91.1035918,26.3609656],[91.1010096,26.3569103],[91.0947235,26.355572],[91.0951757,26.3441917],[91.0872534,26.339811],[91.0846287,26.3450308],[91.0733028,26.3430883],[91.0721572,26.3452296],[91.0634552,26.3492705],[91.0639761,26.3534906],[91.0701295,26.3573313],[91.0716307,26.3610012],[91.0660612,26.3626322],[91.0638359,26.3593912],[91.0553349,26.3635839],[91.0534069,26.366364],[91.0547543,26.3704569],[91.0716905,26.3738224],[91.075439,26.3762832],[91.0775952,26.378293],[91.0774681,26.3829367],[91.0800664,26.386586],[91.0833983,26.3881003],[91.0831601,26.3910353],[91.0876866,26.3900959],[91.0864542,26.3938567],[91.0905293,26.3973989],[91.0889372,26.4018376],[91.091803,26.4098518],[91.094786,26.4099831],[91.0955912,26.4118086],[91.1119051,26.4123742],[91.1185944,26.4224006],[91.1234049,26.426983],[91.1238068,26.4294193],[91.1175337,26.4268847],[91.1107458,26.4294568],[91.1161236,26.4347913],[91.1167303,26.4395335],[91.1130145,26.4414801],[91.1162308,26.4455434],[91.1107034,26.4472745],[91.1068185,26.4455597],[91.1035598,26.4475078],[91.1025934,26.4495167],[91.104042,26.4534302],[91.114576,26.4562168],[91.1140971,26.4594435],[91.127917,26.4672851],[91.129026,26.472527],[91.1302539,26.4700895],[91.1337424,26.4724843]]]}},{"type":"Feature","properties":{"district":"Barpeta","subdistrict":"Barpeta","dt_code":"303","sdt_code":"02022","dist_lgd":280,"subdt_lgd":2022,"st_nm":"ASSAM"},"geometry":{"type":"Polygon","coordinates":[[[90.9162003,26.463466],[90.916567,26.4597803],[90.9201259,26.4588766],[90.921393,26.4562067],[90.9280791,26.454853],[90.928337,26.4578401],[90.9306316,26.4591435],[90.9298397,26.4554233],[90.9328228,26.4547908],[90.9314021,26.453349],[90.9455637,26.4450404],[90.9655177,26.4276776],[90.9817521,26.4162192],[90.9820997,26.4265919],[90.9885693,26.4289629],[90.9901476,26.4337856],[90.9932507,26.4336971],[90.9938109,26.4390989],[90.9984626,26.4363023],[90.9969052,26.4337968],[90.9983933,26.429261],[91.0022908,26.4242566],[91.0033236,26.4272373],[91.0216784,26.4251024],[91.0369368,26.4281988],[91.0398293,26.4256347],[91.0568385,26.4287778],[91.0568478,26.4151056],[91.0622326,26.4151962],[91.0732869,26.420523],[91.0755314,26.4241144],[91.084817,26.4257357],[91.0879436,26.4245947],[91.0919173,26.418106],[91.0947133,26.4182303],[91.0980312,26.4161895],[91.0952672,26.4102579],[91.091803,26.4098518],[91.0896689,26.4050599],[91.0889372,26.4018376],[91.0906438,26.3978371],[91.0864542,26.3938567],[91.0876866,26.3900959],[91.0831601,26.3910353],[91.0833983,26.3881003],[91.0800664,26.386586],[91.0771466,26.3823072],[91.0775952,26.378293],[91.0716905,26.3738224],[91.0555826,26.3712221],[91.0537649,26.3647937],[91.0638359,26.3593912],[91.0660612,26.3626322],[91.0711545,26.3616529],[91.0716678,26.3592477],[91.0701295,26.3573313],[91.0639761,26.3534906],[91.0634552,26.3492705],[91.0721572,26.3452296],[91.0733028,26.3430883],[91.0846287,26.3450308],[91.0872534,26.339811],[91.0951757,26.3441917],[91.0947235,26.355572],[91.1010096,26.3569103],[91.1035918,26.3609656],[91.1080439,26.3635326],[91.1282309,26.3697738],[91.1298767,26.3676995],[91.1263342,26.3646563],[91.1228532,26.3640461],[91.1241806,26.3553472],[91.1262616,26.3538943],[91.1339435,26.3533464],[91.1320061,26.3430299],[91.1287299,26.3391093],[91.1265489,26.332898],[91.1288585,26.3284537],[91.1319148,26.3272744],[91.1319087,26.3237386],[91.1419219,26.3215817],[91.1437944,26.3196469],[91.1452875,26.3141155],[91.1443055,26.3059799],[91.1462867,26.2995095],[91.1375226,26.2941403],[91.125914,26.298099],[91.1183938,26.3037115],[91.1191373,26.2940976],[91.1247273,26.288775],[91.10679,26.2917058],[91.095274,26.282948],[91.0865857,26.2810341],[91.086633,26.274495],[91.0897443,26.2719634],[91.0935023,26.2714726],[91.0908087,26.2650979],[91.0967713,26.2630843],[91.1015422,26.2646462],[91.1029162,26.2594275],[91.0984285,26.2559832],[91.1010507,26.2462951],[91.0894207,26.2456479],[91.0907799,26.2391613],[91.0951444,26.2341487],[91.0955382,26.2285591],[91.085812,26.2275427],[91.0697383,26.2200039],[91.0611375,26.220813],[91.0580732,26.2193066],[91.0509428,26.2212283],[91.0430554,26.2285596],[91.0284979,26.218816],[91.0266782,26.2190679],[91.023842,26.2225315],[91.0192642,26.2232245],[91.0177236,26.2251189],[91.0290266,26.2319538],[91.0250077,26.2500438],[91.0256024,26.2592365],[91.0047937,26.2579031],[90.9987599,26.2591291],[90.9937278,26.2640397],[90.993043,26.2703057],[90.9980203,26.2773424],[90.999743,26.2814687],[90.9993363,26.2853349],[91.0022442,26.289747],[90.9959942,26.3010842],[90.9785136,26.3057012],[90.9740782,26.3111589],[90.9650762,26.3064979],[90.9558347,26.3059793],[90.9541148,26.3044125],[90.9497673,26.306882],[90.9452426,26.3128469],[90.9459306,26.3176914],[90.9447085,26.3217169],[90.9477104,26.3272312],[90.9536556,26.3320465],[90.9539298,26.334428],[90.950287,26.3396699],[90.9381122,26.3436838],[90.924422,26.357508],[90.9189928,26.3578879],[90.9178767,26.3591971],[90.9209239,26.3703969],[90.9225668,26.3728593],[90.9293847,26.3769193],[90.9288313,26.3798306],[90.9311089,26.3806645],[90.9310758,26.3844254],[90.9342828,26.3870466],[90.9316739,26.3879005],[90.9332115,26.3894842],[90.930164,26.3917902],[90.9316537,26.3976591],[90.9238442,26.4040312],[90.9252089,26.4055617],[90.9233562,26.4089665],[90.9256823,26.4100119],[90.9261263,26.412048],[90.9233491,26.4169722],[90.9241116,26.4180682],[90.9263423,26.4166235],[90.929483,26.4181219],[90.9287995,26.421257],[90.9267537,26.4203532],[90.9292767,26.4271298],[90.9258665,26.4252744],[90.9244764,26.4275227],[90.9189879,26.4284481],[90.9187033,26.4339154],[90.9141595,26.4417459],[90.9147758,26.4618318],[90.910592,26.4629332],[90.9098448,26.4656822],[90.9114362,26.4672663],[90.9177711,26.4677869],[90.9162003,26.463466]]]}},{"type":"Feature","properties":{"district":"Bajali","subdistrict":"Sarupeta (Pt)","dt_code":"799","sdt_code":"02025","dist_lgd":739,"subdt_lgd":2025,"st_nm":"ASSAM"},"geometry":{"type":"Polygon","coordinates":[[[91.1310934,26.5976169],[91.1424059,26.600815],[91.1400603,26.5988361],[91.1429598,26.5980793],[91.1397098,26.5962475],[91.1404288,26.5918056],[91.1429163,26.5908856],[91.1405275,26.5884146],[91.1427574,26.5866994],[91.1390028,26.5845698],[91.1442232,26.5848886],[91.1456391,26.5825124],[91.1442618,26.5812292],[91.1459845,26.5813096],[91.1441963,26.5799743],[91.1464974,26.5794447],[91.1479345,26.5773107],[91.1471521,26.5700389],[91.1434171,26.5686393],[91.1454837,26.5669887],[91.1454474,26.565041],[91.1477575,26.5641043],[91.1492289,26.5578037],[91.1518771,26.558143],[91.1516477,26.5550309],[91.1540222,26.5538051],[91.1550149,26.5492893],[91.1589536,26.5483987],[91.1591078,26.5455436],[91.1563019,26.5428997],[91.1604779,26.5299128],[91.1507692,26.5303619],[91.1478298,26.5267117],[91.1509927,26.5262422],[91.1493262,26.5237202],[91.1514819,26.5220124],[91.1482715,26.5214289],[91.1495194,26.5197145],[91.1483093,26.5187851],[91.1460328,26.5216291],[91.1427459,26.5130058],[91.1384776,26.5101409],[91.1411042,26.5066625],[91.138273,26.5045773],[91.1387795,26.499056],[91.1375472,26.4947962],[91.1391282,26.4912297],[91.1372244,26.4891258],[91.13961,26.4885494],[91.1376531,26.4868198],[91.1379321,26.4853778],[91.1357881,26.4845961],[91.1363092,26.48334],[91.1318453,26.4818297],[91.1348907,26.4790121],[91.1341089,26.4767924],[91.1309371,26.4786844],[91.1293366,26.4724667],[91.1281416,26.4720064],[91.127917,26.4672851],[91.1140971,26.4594435],[91.114576,26.4562168],[91.1082451,26.4552941],[91.1068455,26.4536771],[91.1047167,26.4541718],[91.102748,26.4508445],[91.1025445,26.4485246],[91.1068185,26.4455597],[91.1107034,26.4472745],[91.1162308,26.4455434],[91.1130145,26.4414801],[91.1167303,26.4395335],[91.1161236,26.4347913],[91.1107458,26.4294568],[91.1175337,26.4268847],[91.1238068,26.4294193],[91.1227769,26.4256351],[91.1185944,26.4224006],[91.1119051,26.4123742],[91.0989329,26.4117082],[91.0954675,26.4121491],[91.0981906,26.4145303],[91.0980312,26.4161895],[91.0947133,26.4182303],[91.0919173,26.418106],[91.0879436,26.4245947],[91.084817,26.4257357],[91.0755314,26.4241144],[91.0732869,26.420523],[91.0622326,26.4151962],[91.0589349,26.4150075],[91.0562317,26.4159441],[91.0568385,26.4287778],[91.0398293,26.4256347],[91.0369368,26.4281988],[91.0216784,26.4251024],[91.0033236,26.4272373],[91.0022908,26.4242566],[90.9983933,26.429261],[90.9969825,26.4351784],[90.9987188,26.4359352],[91.002395,26.4335976],[91.0041627,26.4361113],[91.0051504,26.4332011],[91.0063567,26.4347184],[91.0070426,26.433467],[91.0098853,26.4337332],[91.0095315,26.4390377],[91.0133658,26.438527],[91.0163797,26.4409322],[91.0155356,26.4423136],[91.0172961,26.4438081],[91.0162486,26.4456661],[91.0138457,26.4451149],[91.0140193,26.4487832],[91.016204,26.4488968],[91.0160379,26.4514035],[91.017391,26.4525518],[91.0163039,26.4546737],[91.0103507,26.4565461],[91.0114532,26.4590845],[91.0080676,26.4577436],[91.0044209,26.465963],[91.0027398,26.4652666],[91.0002666,26.4688145],[91.0006095,26.4739051],[91.0021783,26.4760584],[90.999447,26.4800381],[90.9986457,26.4856993],[91.000489,26.4907518],[90.9984973,26.4997396],[90.9942823,26.5047546],[90.9954808,26.5112742],[90.9980897,26.5146297],[90.9967547,26.5178518],[90.9911523,26.5180247],[90.9910692,26.5238951],[90.9933218,26.5250715],[90.9987467,26.5244687],[91.0007013,26.5299871],[91.0054316,26.5314867],[91.0069933,26.5304647],[91.027942,26.5306184],[91.0385418,26.5282483],[91.0520492,26.5294135],[91.0565123,26.5276507],[91.0540243,26.5233614],[91.059016,26.516153],[91.0719222,26.5162281],[91.0733429,26.5334741],[91.0815775,26.5334547],[91.0798608,26.5470014],[91.0950392,26.5471554],[91.0954151,26.553052],[91.0990866,26.5513905],[91.1097981,26.5539903],[91.1098638,26.56119],[91.1082906,26.5635864],[91.109083,26.5663055],[91.1055539,26.565599],[91.1046787,26.5675169],[91.1098614,26.5713503],[91.1100909,26.5768165],[91.1141005,26.579342],[91.1133395,26.5839572],[91.1169389,26.5884152],[91.117471,26.5916295],[91.1256309,26.59356],[91.125618,26.5972796],[91.1236883,26.6002168],[91.1272054,26.6053747],[91.1290926,26.6047154],[91.1287385,26.5984844],[91.1310934,26.5976169]]]}},{"type":"Feature","properties":{"district":"Baksa","subdistrict":"Sarupeta (Pt)","dt_code":"324","sdt_code":"02025","dist_lgd":616,"subdt_lgd":2025,"st_nm":"ASSAM"},"geometry":{"type":"Polygon","coordinates":[[[91.1036875,26.7087935],[91.1504542,26.6948785],[91.1437537,26.6743027],[91.1423503,26.6653188],[91.1571139,26.652666],[91.1579931,26.6502603],[91.1556217,26.6504294],[91.1554031,26.6473005],[91.1615881,26.6365736],[91.1616604,26.6320614],[91.1667531,26.627614],[91.1668971,26.6185896],[91.1758496,26.6143443],[91.1755208,26.6126185],[91.1834433,26.6114456],[91.192069,26.6143986],[91.1971598,26.6099501],[91.1937549,26.6045756],[91.1923528,26.5963495],[91.2079808,26.5965478],[91.2088306,26.607427],[91.2021091,26.6145259],[91.2070588,26.6191016],[91.2367037,26.6194048],[91.2358715,26.6154435],[91.2383687,26.6151818],[91.2489062,26.6165983],[91.260591,26.6216448],[91.2685237,26.622062],[91.2627962,26.6166487],[91.2615653,26.6040363],[91.2544681,26.5984375],[91.2526053,26.5931367],[91.2469491,26.5907742],[91.2439098,26.5932722],[91.2413628,26.5912571],[91.2382862,26.5916295],[91.2376218,26.5897166],[91.2376431,26.5915286],[91.2350243,26.5913461],[91.2327406,26.5857525],[91.2316169,26.587934],[91.2300734,26.586402],[91.2286463,26.5868546],[91.230213,26.5822442],[91.2240708,26.5828738],[91.2203212,26.5800994],[91.1954229,26.5818923],[91.1938349,26.5798514],[91.18695,26.5802094],[91.1851344,26.5816859],[91.1777013,26.5800848],[91.1761601,26.5846657],[91.1720403,26.588192],[91.165355,26.5866221],[91.1553946,26.5884372],[91.1429268,26.5876104],[91.1405275,26.5884146],[91.1429163,26.5908856],[91.1404288,26.5918056],[91.1397098,26.5962475],[91.1431406,26.5983966],[91.1400603,26.5988361],[91.1423209,26.6009158],[91.1339269,26.5977652],[91.1298825,26.5979147],[91.1284614,26.5992041],[91.1290926,26.6047154],[91.1272054,26.6053747],[91.1236883,26.6002168],[91.125618,26.5972796],[91.1256309,26.59356],[91.117471,26.5916295],[91.1169389,26.5884152],[91.1133395,26.5839572],[91.1141005,26.579342],[91.1100909,26.5768165],[91.1098614,26.5713503],[91.1046787,26.5675169],[91.1055539,26.565599],[91.109083,26.5663055],[91.1082906,26.5635864],[91.1098638,26.56119],[91.1097981,26.5539903],[91.0990866,26.5513905],[91.0954151,26.553052],[91.0950392,26.5471554],[91.0798608,26.5470014],[91.0815775,26.5334547],[91.0733429,26.5334741],[91.0719222,26.5162281],[91.059016,26.516153],[91.0540243,26.5233614],[91.0565123,26.5276507],[91.0549287,26.5288602],[91.0385418,26.5282483],[91.027942,26.5306184],[91.0291701,26.5352559],[91.033707,26.5406377],[91.0343933,26.5455592],[91.0412516,26.5569609],[91.046588,26.5548118],[91.0550523,26.5552909],[91.0603671,26.5573037],[91.0600522,26.5620262],[91.0628756,26.575296],[91.0623304,26.5792505],[91.0584454,26.5838017],[91.042534,26.5858493],[91.0398195,26.59155],[91.0292816,26.59056],[91.0281553,26.5951695],[91.025242,26.5981101],[91.0343422,26.6061567],[91.0290541,26.6187033],[91.0292979,26.6215127],[91.032254,26.6259272],[91.0288135,26.6351072],[91.0344325,26.637138],[91.0446482,26.6457998],[91.0476014,26.6516394],[91.0463623,26.6531523],[91.0407819,26.6530454],[91.0391958,26.6603404],[91.0329002,26.661863],[91.0324811,26.6639343],[91.0350432,26.6692237],[91.0387784,26.6712518],[91.0578906,26.6688979],[91.0603172,26.6696894],[91.0907956,26.6985652],[91.1036875,26.7087935]]]}},{"type":"Feature","properties":{"district":"Bajali","subdistrict":"Bajali (Pt)","dt_code":"799","sdt_code":"02024","dist_lgd":739,"subdt_lgd":2024,"st_nm":"ASSAM"},"geometry":{"type":"Polygon","coordinates":[[[91.2367679,26.5917596],[91.2367824,26.5884942],[91.2419076,26.5869934],[91.298453,26.5809766],[91.2951687,26.5803832],[91.2913559,26.5746414],[91.2913779,26.5720448],[91.2936681,26.5719152],[91.294921,26.568493],[91.2931886,26.5682391],[91.291937,26.5699001],[91.2911893,26.5690689],[91.2918166,26.5628465],[91.287546,26.5656617],[91.2842676,26.5655309],[91.2801029,26.5575462],[91.2757979,26.5568031],[91.2763869,26.5548178],[91.2744653,26.5545185],[91.2716438,26.5506174],[91.2688115,26.5529348],[91.2673367,26.5525004],[91.2680764,26.5503754],[91.270722,26.5490191],[91.2704024,26.5474574],[91.2663965,26.5492503],[91.2657237,26.5446106],[91.2621703,26.5455419],[91.2609315,26.5430789],[91.2581168,26.5429999],[91.2590437,26.5393137],[91.2574235,26.5389964],[91.2572001,26.5414197],[91.255629,26.5420818],[91.2512337,26.5374659],[91.2479916,26.538325],[91.2487192,26.5289976],[91.2439092,26.5247793],[91.2442815,26.5236959],[91.2495327,26.5236686],[91.2477004,26.5202102],[91.2478814,26.5106747],[91.2524513,26.5104936],[91.2549384,26.5064522],[91.2601908,26.5056893],[91.2648035,26.4987155],[91.2631488,26.4967126],[91.2656784,26.4956547],[91.2645465,26.4938091],[91.2659443,26.4909449],[91.2635477,26.4898833],[91.2639421,26.4876464],[91.2611091,26.4871731],[91.2628541,26.48584],[91.2579386,26.4820839],[91.2587269,26.4783558],[91.2558065,26.4781964],[91.25568,26.4741536],[91.2523272,26.4715845],[91.2508076,26.4660096],[91.2478442,26.465693],[91.2414237,26.4581541],[91.2381143,26.4578274],[91.2381109,26.4492755],[91.2313251,26.4409454],[91.2305621,26.4331831],[91.2179483,26.4312204],[91.2139614,26.4318155],[91.2080408,26.4269193],[91.2015487,26.427075],[91.2006118,26.4302664],[91.1958707,26.4343407],[91.1989282,26.4417274],[91.1980891,26.4464566],[91.1914774,26.4513515],[91.1923489,26.4586264],[91.1879231,26.4607287],[91.1882021,26.4651246],[91.1869454,26.4668624],[91.1844585,26.4654613],[91.17956,26.4673911],[91.1732775,26.4668152],[91.161822,26.4635489],[91.1602957,26.4648252],[91.1561667,26.4638156],[91.1531392,26.4649244],[91.1468143,26.4630791],[91.1442854,26.4598953],[91.139426,26.4617117],[91.1350561,26.4722533],[91.1300794,26.4702736],[91.1293366,26.4724667],[91.1309371,26.4786844],[91.1341089,26.4767924],[91.1348907,26.4790121],[91.1318453,26.4818297],[91.1363092,26.48334],[91.1357881,26.4845961],[91.1379321,26.4853778],[91.1376531,26.4868198],[91.13961,26.4885494],[91.1372244,26.4891258],[91.1391282,26.4912297],[91.1375472,26.4947962],[91.1387795,26.499056],[91.138273,26.5045773],[91.1411042,26.5066625],[91.1384776,26.5101409],[91.1427459,26.5130058],[91.1460328,26.5216291],[91.1483093,26.5187851],[91.1495194,26.5197145],[91.1482715,26.5214289],[91.1514819,26.5220124],[91.1493262,26.5237202],[91.1509927,26.5262422],[91.1478298,26.5267117],[91.1507692,26.5303619],[91.1604779,26.5299128],[91.1563019,26.5428997],[91.1591078,26.5455436],[91.1589536,26.5483987],[91.1550149,26.5492893],[91.1540222,26.5538051],[91.1516477,26.5550309],[91.1518771,26.558143],[91.1492289,26.5578037],[91.1477575,26.5641043],[91.1454474,26.565041],[91.1454837,26.5669887],[91.1434171,26.5686393],[91.1471521,26.5700389],[91.1479345,26.5773107],[91.1464974,26.5794447],[91.1441963,26.5799743],[91.1459845,26.5813096],[91.1442618,26.5812292],[91.1456391,26.5825124],[91.1442232,26.5848886],[91.1390028,26.5845698],[91.1437818,26.5877561],[91.1553946,26.5884372],[91.165355,26.5866221],[91.1720403,26.588192],[91.1761601,26.5846657],[91.1777013,26.5800848],[91.1851344,26.5816859],[91.18695,26.5802094],[91.1938349,26.5798514],[91.1954229,26.5818923],[91.2203212,26.5800994],[91.2240708,26.5828738],[91.230213,26.5822442],[91.2286463,26.5868546],[91.2300734,26.586402],[91.2316169,26.587934],[91.2327406,26.5857525],[91.2344805,26.5909543],[91.2367679,26.5917596]]]}},{"type":"Feature","properties":{"district":"Nalbari","subdistrict":"Tihu (Pt)","dt_code":"323","sdt_code":"02132","dist_lgd":298,"subdt_lgd":2132,"st_nm":"ASSAM"},"geometry":{"type":"Polygon","coordinates":[[[91.3068263,26.5544257],[91.3094991,26.5512694],[91.3027726,26.5392863],[91.301443,26.5271901],[91.2950838,26.5196166],[91.2947757,26.510846],[91.2992155,26.5065155],[91.2947099,26.497998],[91.2939388,26.4927626],[91.3034644,26.4938204],[91.3077821,26.4923429],[91.322545,26.492774],[91.3228371,26.4901161],[91.3303509,26.4906472],[91.3310633,26.4877173],[91.3470292,26.4882823],[91.3479358,26.4838463],[91.35007,26.4821051],[91.3601025,26.4829768],[91.3599964,26.4791201],[91.3563411,26.4787225],[91.35689,26.4768081],[91.3682409,26.4747171],[91.370981,26.4719729],[91.3656147,26.4693399],[91.3669284,26.4665329],[91.3638039,26.463421],[91.3642587,26.4593399],[91.3597927,26.4571815],[91.3545878,26.4567426],[91.3494358,26.4609898],[91.3460576,26.4574],[91.3434924,26.4591628],[91.3455852,26.4617742],[91.3333408,26.4616512],[91.3310408,26.4547925],[91.3335191,26.4535269],[91.3332521,26.449309],[91.3242069,26.4510357],[91.3240929,26.4559683],[91.3217921,26.4565828],[91.3192047,26.4549604],[91.3182752,26.4518166],[91.3143728,26.4514377],[91.3140402,26.4397171],[91.2977079,26.4389171],[91.2970077,26.4353955],[91.2848826,26.433552],[91.28453,26.4293544],[91.2868167,26.4283032],[91.2870736,26.4262608],[91.2961616,26.4266486],[91.297748,26.4225397],[91.3041288,26.4171254],[91.3038516,26.413483],[91.3006297,26.4128944],[91.3004659,26.407117],[91.2889222,26.4084134],[91.2788667,26.4120371],[91.2775617,26.4092475],[91.2732137,26.406409],[91.2642908,26.4094598],[91.2599519,26.4147868],[91.2592646,26.412991],[91.2532647,26.4117225],[91.248047,26.414244],[91.2489176,26.4180062],[91.2461755,26.4233176],[91.2401597,26.4206845],[91.2405757,26.4182491],[91.2373321,26.4164077],[91.2366963,26.4141016],[91.2345025,26.4242858],[91.2314519,26.4262874],[91.2323922,26.429545],[91.2303581,26.4360857],[91.2313251,26.4409454],[91.2381109,26.4492755],[91.2381143,26.4578274],[91.2414237,26.4581541],[91.2478442,26.465693],[91.2508076,26.4660096],[91.2523272,26.4715845],[91.25568,26.4741536],[91.2558065,26.4781964],[91.2587269,26.4783558],[91.2579386,26.4820839],[91.2628541,26.48584],[91.2611091,26.4871731],[91.2639421,26.4876464],[91.2635477,26.4898833],[91.2659443,26.4909449],[91.2645465,26.4938091],[91.2656784,26.4956547],[91.2631488,26.4967126],[91.2648035,26.4987155],[91.2601908,26.5056893],[91.2549384,26.5064522],[91.2524513,26.5104936],[91.2478814,26.5106747],[91.2477004,26.5202102],[91.2495327,26.5236686],[91.2442815,26.5236959],[91.2439092,26.5247793],[91.2487192,26.5289976],[91.2479916,26.538325],[91.2512337,26.5374659],[91.255629,26.5420818],[91.2572001,26.5414197],[91.2574235,26.5389964],[91.2590437,26.5393137],[91.2581168,26.5429999],[91.2609315,26.5430789],[91.2616964,26.544709],[91.264326,26.5333242],[91.2708571,26.5345953],[91.2732762,26.5354505],[91.2841738,26.5469818],[91.2958901,26.5538968],[91.3010952,26.5532362],[91.3068263,26.5544257]]]}},{"type":"Feature","properties":{"district":"Nalbari","subdistrict":"Banekuchi","dt_code":"323","sdt_code":"02137","dist_lgd":298,"subdt_lgd":2137,"st_nm":"ASSAM"},"geometry":{"type":"Polygon","coordinates":[[[91.4283181,26.5354114],[91.4289453,26.5332327],[91.425456,26.5333906],[91.4233916,26.5304083],[91.4274343,26.5308717],[91.4240809,26.5274881],[91.4272881,26.5261249],[91.42258,26.5230828],[91.4212091,26.5191436],[91.4230652,26.5183853],[91.4222088,26.5156064],[91.4251497,26.5139318],[91.4268969,26.508424],[91.4324648,26.5068685],[91.4298684,26.5066109],[91.4292898,26.5052325],[91.4325993,26.5007188],[91.4313766,26.5001076],[91.4344339,26.4973344],[91.4335173,26.4958057],[91.4355728,26.4905863],[91.4340796,26.4900922],[91.4307983,26.4822244],[91.4274997,26.4829534],[91.4287279,26.4809952],[91.424882,26.4797873],[91.4268382,26.4755962],[91.4246679,26.4755019],[91.4217412,26.4720571],[91.4198621,26.4730314],[91.4135669,26.4714331],[91.4064163,26.4715779],[91.3984979,26.4672815],[91.3973508,26.4579067],[91.4015402,26.4535717],[91.4023386,26.4504385],[91.3988102,26.4477378],[91.39894,26.4443808],[91.3973744,26.4423542],[91.3918478,26.44194],[91.3912839,26.4375876],[91.3743121,26.4368879],[91.3704126,26.4317076],[91.3693182,26.4329939],[91.366525,26.4323966],[91.3570162,26.427294],[91.3497454,26.42619],[91.3489089,26.4322137],[91.3422201,26.4306367],[91.3399961,26.4333088],[91.34041,26.445628],[91.3370903,26.447893],[91.3356519,26.4400377],[91.3307315,26.4367705],[91.3300502,26.428743],[91.3280105,26.4251193],[91.3224529,26.4257948],[91.3205514,26.4282097],[91.3075286,26.4317215],[91.3044411,26.4278775],[91.2848183,26.4287108],[91.2848826,26.433552],[91.2970077,26.4353955],[91.2977079,26.4389171],[91.3140402,26.4397171],[91.3143728,26.4514377],[91.3182752,26.4518166],[91.3192047,26.4549604],[91.3217921,26.4565828],[91.3240929,26.4559683],[91.3242069,26.4510357],[91.3332521,26.449309],[91.3335191,26.4535269],[91.3310408,26.4547925],[91.3333408,26.4616512],[91.3455852,26.4617742],[91.3434924,26.4591628],[91.3460576,26.4574],[91.3483426,26.4603687],[91.3506691,26.460764],[91.3545878,26.4567426],[91.3597927,26.4571815],[91.3642587,26.4593399],[91.3638039,26.463421],[91.3669284,26.4665329],[91.3656147,26.4693399],[91.3759508,26.4750735],[91.3779538,26.4771576],[91.3760824,26.4777415],[91.3755122,26.4795735],[91.3788932,26.4799111],[91.3812444,26.4820168],[91.382962,26.4869422],[91.3841539,26.486252],[91.3859462,26.4879119],[91.3846093,26.489391],[91.3863198,26.4951558],[91.3858575,26.5005929],[91.3823469,26.5002649],[91.3804554,26.5015898],[91.3798869,26.5089589],[91.3774722,26.5097575],[91.374659,26.5142937],[91.3751503,26.5175797],[91.3766205,26.5173365],[91.3760703,26.5196339],[91.3853352,26.5264672],[91.3902595,26.5279812],[91.4283181,26.5354114]]]}},{"type":"Feature","properties":{"district":"Nalbari","subdistrict":"Barama Pt","dt_code":"323","sdt_code":"","dist_lgd":298,"subdt_lgd":5935,"st_nm":"ASSAM"},"geometry":{"type":"Polygon","coordinates":[[[91.3853277,26.5263874],[91.3760703,26.5196339],[91.3766205,26.5173365],[91.3751503,26.5175797],[91.374659,26.5142937],[91.3774722,26.5097575],[91.3798869,26.5089589],[91.3809153,26.5009335],[91.3858575,26.5005929],[91.3863198,26.4951558],[91.3846093,26.489391],[91.3859462,26.4879119],[91.3841539,26.486252],[91.382962,26.4869422],[91.3812444,26.4820168],[91.3788932,26.4799111],[91.3755122,26.4795735],[91.3760824,26.4777415],[91.3779538,26.4771576],[91.3729688,26.4725755],[91.3714841,26.4717672],[91.3682409,26.4747171],[91.35689,26.4768081],[91.3563411,26.4787225],[91.3599964,26.4791201],[91.3601025,26.4829768],[91.35007,26.4821051],[91.3479358,26.4838463],[91.3470292,26.4882823],[91.3310633,26.4877173],[91.3302098,26.4907064],[91.3226201,26.490377],[91.322545,26.492774],[91.3263901,26.4940462],[91.3346677,26.5005152],[91.3417716,26.5000527],[91.3438499,26.5082031],[91.3477393,26.5078152],[91.3491824,26.5099002],[91.3550101,26.5104972],[91.3523539,26.5054714],[91.3540171,26.5004496],[91.3618169,26.501313],[91.3632238,26.5112897],[91.3545529,26.5111145],[91.3526467,26.5240023],[91.3853277,26.5263874]]]}},{"type":"Feature","properties":{"district":"Baksa","subdistrict":"Tihu (Pt)","dt_code":"324","sdt_code":"02131","dist_lgd":616,"subdt_lgd":2132,"st_nm":"ASSAM"},"geometry":{"type":"Polygon","coordinates":[[[91.3301664,26.5720101],[91.3272328,26.571911],[91.3240458,26.5681261],[91.3230294,26.5619337],[91.325329,26.5609709],[91.3216192,26.5571929],[91.3240916,26.5502652],[91.3284101,26.5466148],[91.3300136,26.5392945],[91.328109,26.5348475],[91.3285173,26.5202757],[91.3245413,26.5098589],[91.3268093,26.5040846],[91.3230672,26.503788],[91.322545,26.492774],[91.3077821,26.4923429],[91.3034644,26.4938204],[91.2939388,26.4927626],[91.2947099,26.497998],[91.2992155,26.5065155],[91.2947757,26.510846],[91.2950838,26.5196166],[91.301443,26.5271901],[91.3027726,26.5392863],[91.3094991,26.5512694],[91.3068263,26.5544257],[91.3010952,26.5532362],[91.2958901,26.5538968],[91.2841738,26.5469818],[91.2732762,26.5354505],[91.264326,26.5333242],[91.2616566,26.5448819],[91.2657237,26.5446106],[91.2663965,26.5492503],[91.2704024,26.5474574],[91.270722,26.5490191],[91.2680764,26.5503754],[91.2673367,26.5525004],[91.2688115,26.5529348],[91.2716438,26.5506174],[91.2744653,26.5545185],[91.2763869,26.5548178],[91.2757979,26.5568031],[91.2801029,26.5575462],[91.2842676,26.5655309],[91.287546,26.5656617],[91.2912545,26.5623431],[91.2943213,26.5638028],[91.3046579,26.5619133],[91.3072707,26.5641699],[91.3090125,26.5724563],[91.3163973,26.5795798],[91.3351782,26.5825355],[91.3334598,26.5765487],[91.3301664,26.5720101]]]}},{"type":"Feature","properties":{"district":"Baksa","subdistrict":"Barama Pt","dt_code":"324","sdt_code":"02142","dist_lgd":616,"subdt_lgd":2142,"st_nm":"ASSAM"},"geometry":{"type":"Polygon","coordinates":[[[91.4044724,26.6157586],[91.4076527,26.6156904],[91.4093043,26.6183533],[91.414519,26.613593],[91.4198826,26.6158827],[91.432825,26.6121149],[91.432707,26.6014741],[91.4312136,26.5995571],[91.4333657,26.597435],[91.4311302,26.5938878],[91.4321443,26.5892496],[91.4337952,26.5879637],[91.445733,26.5891344],[91.4437807,26.5817482],[91.4460527,26.5796977],[91.4465268,26.5738813],[91.4457072,26.5712062],[91.4437252,26.5714205],[91.4416886,26.5689038],[91.4397378,26.569462],[91.434162,26.5669617],[91.4344213,26.5634137],[91.4314414,26.5600174],[91.4311057,26.5563028],[91.4289438,26.554522],[91.4273527,26.5552268],[91.4259109,26.5533241],[91.4269749,26.5518962],[91.4313423,26.5516809],[91.4318886,26.5509139],[91.4291627,26.5492782],[91.4556417,26.5486892],[91.4588406,26.5466198],[91.4587077,26.5423481],[91.4301261,26.5350294],[91.3866897,26.5265303],[91.3526467,26.5240023],[91.3545529,26.5111145],[91.3632238,26.5112897],[91.3618169,26.501313],[91.3540171,26.5004496],[91.3523539,26.5054714],[91.3550101,26.5104972],[91.3491824,26.5099002],[91.3477393,26.5078152],[91.3438499,26.5082031],[91.3417716,26.5000527],[91.3346677,26.5005152],[91.3263901,26.4940462],[91.322545,26.492774],[91.3230672,26.503788],[91.3268093,26.5040846],[91.3245413,26.5098589],[91.3285173,26.5202757],[91.328109,26.5348475],[91.3300136,26.5392945],[91.3284101,26.5466148],[91.3237568,26.5508196],[91.3218584,26.5578966],[91.3236316,26.5601549],[91.3326143,26.5602463],[91.3379165,26.5643235],[91.3422875,26.5639366],[91.3477593,26.57015],[91.3490932,26.569296],[91.3510485,26.5730835],[91.3555831,26.572742],[91.3583165,26.5745491],[91.3588812,26.5800749],[91.3664009,26.5921505],[91.3663931,26.6042212],[91.3750115,26.6166388],[91.3959878,26.6186912],[91.4022737,26.6181292],[91.4044724,26.6157586]]]}},{"type":"Feature","properties":{"district":"Nalbari","subdistrict":"Baganpara (Pt)","dt_code":"323","sdt_code":"02139","dist_lgd":298,"subdt_lgd":2139,"st_nm":"ASSAM"},"geometry":{"type":"Polygon","coordinates":[[[91.47399,26.5712336],[91.4912458,26.5611417],[91.4926743,26.5532576],[91.4804372,26.5500893],[91.4656576,26.5433217],[91.4585535,26.5423016],[91.4588406,26.5466198],[91.4556417,26.5486892],[91.4288217,26.5493377],[91.4318886,26.5509139],[91.4300251,26.5524349],[91.4269749,26.5518962],[91.4259109,26.5533241],[91.4273527,26.5552268],[91.4289438,26.554522],[91.4311057,26.5563028],[91.4314414,26.5600174],[91.4342891,26.5634291],[91.4675934,26.5626143],[91.4706245,26.5647028],[91.4711503,26.5688026],[91.47399,26.5712336]]]}},{"type":"Feature","properties":{"district":"Nalbari","subdistrict":"Nalbari","dt_code":"323","sdt_code":"02136","dist_lgd":298,"subdt_lgd":2136,"st_nm":"ASSAM"},"geometry":{"type":"Polygon","coordinates":[[[91.4783771,26.5026129],[91.4830833,26.502617],[91.4864037,26.5004044],[91.4869946,26.4955016],[91.4851598,26.4896836],[91.4931187,26.4875653],[91.4961334,26.4844359],[91.493775,26.475857],[91.5006351,26.4671038],[91.5002829,26.4618036],[91.5040031,26.458575],[91.5029353,26.4539495],[91.4994752,26.4505433],[91.5034866,26.4415004],[91.4907324,26.4358973],[91.4903284,26.4319226],[91.486134,26.4265939],[91.4857739,26.4207348],[91.4890665,26.4177952],[91.4867218,26.4114035],[91.4874134,26.4055842],[91.4862848,26.4015469],[91.4832218,26.401635],[91.482307,26.4052283],[91.4672899,26.4034378],[91.4677551,26.4012177],[91.4694924,26.4003707],[91.4799463,26.3999867],[91.4790104,26.3944595],[91.4678923,26.3920491],[91.4640279,26.3872513],[91.4515434,26.3840474],[91.4494883,26.3778003],[91.4446103,26.3786388],[91.4439725,26.3698956],[91.446849,26.3637788],[91.446369,26.3609984],[91.4435038,26.358805],[91.441994,26.3547597],[91.4308493,26.3520055],[91.4320379,26.3449138],[91.4269428,26.3411152],[91.4127673,26.3432865],[91.4088108,26.3393959],[91.4055268,26.3384811],[91.4018218,26.3430949],[91.4002019,26.3430376],[91.3959784,26.3407582],[91.3990069,26.3353155],[91.3969069,26.3343784],[91.3890103,26.3358143],[91.3918413,26.3391767],[91.390812,26.3419947],[91.385632,26.339002],[91.3790299,26.3405743],[91.3775198,26.3449605],[91.3813814,26.3519409],[91.3814422,26.3595207],[91.3895343,26.3642087],[91.3974075,26.3665332],[91.3961924,26.3708411],[91.3978101,26.3719127],[91.3979664,26.3762963],[91.4057636,26.378908],[91.4058697,26.3875808],[91.4083672,26.3923246],[91.4011686,26.3956238],[91.4007878,26.3997039],[91.4048418,26.4016799],[91.4073804,26.4050303],[91.4107037,26.4050848],[91.4124594,26.4069268],[91.4182013,26.4206205],[91.4165864,26.424424],[91.416993,26.4325971],[91.4156405,26.433993],[91.4023852,26.4346512],[91.3942583,26.4376731],[91.3931695,26.4418826],[91.3973744,26.4423542],[91.39894,26.4443808],[91.3988102,26.4477378],[91.4023386,26.4504385],[91.4015402,26.4535717],[91.3973508,26.4579067],[91.3984979,26.4672815],[91.4064163,26.4715779],[91.4135669,26.4714331],[91.4198621,26.4730314],[91.4217412,26.4720571],[91.4246679,26.4755019],[91.4268382,26.4755962],[91.424882,26.4797873],[91.4287279,26.4809952],[91.4274997,26.4829534],[91.4307983,26.4822244],[91.4340796,26.4900922],[91.4355728,26.4905863],[91.4335173,26.4958057],[91.4344339,26.4973344],[91.4313766,26.5001076],[91.4325993,26.5007188],[91.4292898,26.5052325],[91.4298684,26.5066109],[91.4398454,26.5070212],[91.4393809,26.5021983],[91.4497947,26.5018242],[91.4511916,26.501994],[91.4509997,26.5032132],[91.446515,26.5085176],[91.4644193,26.5081861],[91.4768195,26.5063816],[91.4783771,26.5026129]]]}},{"type":"Feature","properties":{"district":"Nalbari","subdistrict":"Pachim Nalbari","dt_code":"323","sdt_code":"02133","dist_lgd":298,"subdt_lgd":2133,"st_nm":"ASSAM"},"geometry":{"type":"Polygon","coordinates":[[[91.3401471,26.4330643],[91.3422201,26.4306367],[91.3489089,26.4322137],[91.3491043,26.4267394],[91.3526864,26.4264801],[91.3570162,26.427294],[91.366525,26.4323966],[91.3693182,26.4329939],[91.3704126,26.4317076],[91.3743121,26.4368879],[91.3912839,26.4375876],[91.3918478,26.44194],[91.3931695,26.4418826],[91.3957202,26.4363934],[91.4023852,26.4346512],[91.414639,26.4344792],[91.416993,26.4325971],[91.4165864,26.424424],[91.4182013,26.4206205],[91.4137318,26.4086348],[91.4107037,26.4050848],[91.4073804,26.4050303],[91.4048418,26.4016799],[91.4011964,26.400781],[91.400478,26.3985038],[91.4019123,26.394925],[91.4080995,26.393399],[91.4084481,26.3907821],[91.4058697,26.3875808],[91.4057636,26.378908],[91.3979664,26.3762963],[91.3978101,26.3719127],[91.3961924,26.3708411],[91.3974075,26.3665332],[91.3895343,26.3642087],[91.3814422,26.3595207],[91.3813814,26.3519409],[91.3775198,26.3449605],[91.3790299,26.3405743],[91.385632,26.339002],[91.390812,26.3419947],[91.3918413,26.3391767],[91.3890103,26.3358143],[91.3969069,26.3343784],[91.3990069,26.3353155],[91.3959784,26.3407582],[91.4002019,26.3430376],[91.4018218,26.3430949],[91.4055268,26.3384811],[91.4088108,26.3393959],[91.4127673,26.3432865],[91.4269428,26.3411152],[91.4255377,26.3328228],[91.4243163,26.3319508],[91.414335,26.3370078],[91.4113298,26.3357854],[91.4094552,26.3285058],[91.4116673,26.3209273],[91.4102211,26.3216979],[91.4097811,26.316812],[91.4076276,26.3193024],[91.4036672,26.319592],[91.4029273,26.3214745],[91.3988382,26.317568],[91.3964542,26.320655],[91.3953284,26.3182467],[91.3865798,26.3215081],[91.377487,26.3207214],[91.3735281,26.3225864],[91.3587306,26.3204201],[91.3492897,26.3234076],[91.3488648,26.3221775],[91.3540186,26.3195957],[91.3558246,26.3077419],[91.3537143,26.3068237],[91.3484452,26.3104542],[91.3451696,26.3101881],[91.3392381,26.3126328],[91.3442576,26.3214416],[91.3445587,26.32949],[91.3504703,26.3277692],[91.3554386,26.3310944],[91.3638382,26.3313845],[91.3646455,26.3350091],[91.3634343,26.3438219],[91.3604294,26.3448288],[91.35853,26.348525],[91.3556692,26.3476298],[91.3501011,26.3514553],[91.3467852,26.351664],[91.336651,26.3566948],[91.3362186,26.3594845],[91.3308308,26.3612314],[91.3285158,26.3662125],[91.3261706,26.3665876],[91.3217825,26.3636749],[91.3167094,26.3663216],[91.3163977,26.3632235],[91.319037,26.3598798],[91.3202589,26.3551572],[91.3156075,26.3531],[91.3047129,26.3368351],[91.3026497,26.3356606],[91.3027252,26.3337637],[91.3054263,26.3318973],[91.3024966,26.3292408],[91.3054396,26.3277351],[91.3057447,26.3264521],[91.3039819,26.3255186],[91.296132,26.3316038],[91.2942936,26.3360871],[91.2896968,26.3351274],[91.2842556,26.3375054],[91.2814259,26.334947],[91.2755811,26.3405318],[91.2775927,26.3413336],[91.2763357,26.3470101],[91.2769277,26.3519657],[91.2799855,26.3553118],[91.2751504,26.3566218],[91.2710106,26.3645031],[91.2777281,26.3713494],[91.2801324,26.371897],[91.279864,26.3753673],[91.2822244,26.3746874],[91.2821884,26.3758788],[91.2784395,26.3774604],[91.2745686,26.3749575],[91.2756181,26.3721874],[91.2720271,26.3708038],[91.2650281,26.3707851],[91.2641714,26.3655133],[91.2662181,26.3626582],[91.2653933,26.3606899],[91.2576151,26.3639602],[91.2526409,26.3634912],[91.2516363,26.3660402],[91.2485743,26.3669717],[91.2458558,26.3719989],[91.2468773,26.3761003],[91.2444171,26.3808725],[91.2402486,26.37602],[91.2361365,26.3773591],[91.2358694,26.3810103],[91.2420695,26.3881313],[91.2355482,26.390966],[91.2336098,26.3971142],[91.2352737,26.4026096],[91.2419705,26.4042064],[91.2384054,26.4072646],[91.2366963,26.4141016],[91.2373321,26.4164077],[91.2405757,26.4182491],[91.2404205,26.4209181],[91.24634,26.4232769],[91.2489176,26.4180062],[91.2482597,26.4140268],[91.2537419,26.4116881],[91.2592646,26.412991],[91.2603164,26.4147461],[91.2642908,26.4094598],[91.2681653,26.4075372],[91.2744479,26.4066083],[91.2791224,26.4120331],[91.2846142,26.4094015],[91.2994969,26.4068411],[91.3008523,26.4076803],[91.3006297,26.4128944],[91.3038516,26.413483],[91.3041288,26.4171254],[91.297748,26.4225397],[91.2961616,26.4266486],[91.2879813,26.4258843],[91.2868167,26.4283032],[91.3044411,26.4278775],[91.3075286,26.4317215],[91.3205514,26.4282097],[91.3224529,26.4257948],[91.3280105,26.4251193],[91.3300502,26.428743],[91.3307315,26.4367705],[91.3356519,26.4400377],[91.3370903,26.447893],[91.34041,26.445628],[91.3401471,26.4330643]]]}},{"type":"Feature","properties":{"district":"Nalbari","subdistrict":"Barkhetri","dt_code":"323","sdt_code":"02134","dist_lgd":298,"subdt_lgd":2134,"st_nm":"ASSAM"},"geometry":{"type":"Polygon","coordinates":[[[91.3285158,26.3662125],[91.3318874,26.360335],[91.3362186,26.3594845],[91.336651,26.3566948],[91.3467852,26.351664],[91.3501011,26.3514553],[91.3556692,26.3476298],[91.35853,26.348525],[91.3604294,26.3448288],[91.3634343,26.3438219],[91.3646455,26.3350091],[91.3638382,26.3313845],[91.3554386,26.3310944],[91.3504703,26.3277692],[91.3445587,26.32949],[91.3442576,26.3214416],[91.3392381,26.3126328],[91.3451696,26.3101881],[91.3484452,26.3104542],[91.3537143,26.3068237],[91.3558246,26.3077419],[91.3540186,26.3195957],[91.3488648,26.3221775],[91.3492897,26.3234076],[91.3587306,26.3204201],[91.3735281,26.3225864],[91.377487,26.3207214],[91.3865798,26.3215081],[91.3953284,26.3182467],[91.3964542,26.320655],[91.3988382,26.317568],[91.4029273,26.3214745],[91.4036672,26.319592],[91.4076276,26.3193024],[91.4097811,26.316812],[91.4102211,26.3216979],[91.4119455,26.3206323],[91.4183292,26.3221567],[91.4186063,26.3167798],[91.4204065,26.3181588],[91.4206341,26.3206832],[91.4250639,26.3191226],[91.4189209,26.3143532],[91.4207838,26.3130493],[91.4243145,26.3158812],[91.426701,26.3144702],[91.4273402,26.3190245],[91.4288071,26.3200846],[91.4401143,26.3162341],[91.4416893,26.3168053],[91.4419789,26.3200118],[91.4453815,26.3180452],[91.4476237,26.3192543],[91.4456309,26.3224909],[91.4487537,26.3216437],[91.4499489,26.3230668],[91.4518304,26.320324],[91.455069,26.3204629],[91.4513429,26.3147226],[91.4570702,26.31449],[91.45746,26.3131945],[91.4516238,26.3094291],[91.4483531,26.2908282],[91.451349,26.2696245],[91.4447763,26.2692756],[91.4462119,26.2674292],[91.4445997,26.2668026],[91.4443835,26.2648395],[91.4365176,26.2602666],[91.4228762,26.2685122],[91.4136954,26.2667862],[91.4124335,26.2649813],[91.4135613,26.2533825],[91.41656,26.2509368],[91.4143185,26.2461946],[91.4254641,26.2445566],[91.4314988,26.239761],[91.4205371,26.2359001],[91.4222456,26.2323696],[91.4197954,26.205904],[91.4136986,26.2047165],[91.4110613,26.2011498],[91.4150547,26.194349],[91.4174805,26.1808226],[91.4204435,26.1746534],[91.4142549,26.1361212],[91.4101387,26.1381659],[91.3968412,26.1371276],[91.390625,26.1390234],[91.3668684,26.1603524],[91.353608,26.1672993],[91.3431088,26.1630238],[91.3342127,26.1678519],[91.328697,26.1627221],[91.3232216,26.1604162],[91.310168,26.1615997],[91.2946064,26.1572437],[91.2754152,26.1613929],[91.2556486,26.1630865],[91.2451031,26.1702872],[91.2222346,26.1793483],[91.2296759,26.1820634],[91.2374015,26.1801839],[91.2395084,26.185879],[91.2392933,26.1928972],[91.2485233,26.2006588],[91.2414678,26.2032013],[91.2379347,26.2092989],[91.232254,26.2139729],[91.2278481,26.2160515],[91.218767,26.2171147],[91.2154158,26.2205182],[91.2198841,26.2270762],[91.2158963,26.2336508],[91.2157089,26.23911],[91.2210377,26.2448302],[91.2290559,26.2437292],[91.2319329,26.2456008],[91.236782,26.2504146],[91.2409326,26.2601786],[91.2379738,26.2631314],[91.2319139,26.2639107],[91.2257431,26.2635255],[91.2183052,26.2602461],[91.218524,26.2637809],[91.2211778,26.264308],[91.2159351,26.267234],[91.2191813,26.2752939],[91.227008,26.2824541],[91.2405101,26.2793527],[91.2484685,26.2841676],[91.2611495,26.2892418],[91.2601085,26.2940518],[91.255047,26.293804],[91.2517605,26.2957508],[91.250222,26.3018104],[91.2517316,26.3042397],[91.2581328,26.302169],[91.2614656,26.3041303],[91.2619928,26.3077592],[91.2607632,26.3106872],[91.2559403,26.3114099],[91.2556724,26.3138602],[91.2580579,26.3170348],[91.2631249,26.3177834],[91.2699354,26.3289221],[91.266196,26.3379046],[91.2689666,26.3424693],[91.2755811,26.3405318],[91.2814259,26.334947],[91.2842556,26.3375054],[91.2896968,26.3351274],[91.2942936,26.3360871],[91.296132,26.3316038],[91.3029328,26.3259098],[91.3051592,26.3257801],[91.3054396,26.3277351],[91.3024966,26.3292408],[91.3054263,26.3318973],[91.3021433,26.3346885],[91.3156075,26.3531],[91.3202589,26.3551572],[91.3162711,26.3657229],[91.3217825,26.3636749],[91.3261706,26.3665876],[91.3285158,26.3662125]]]}},{"type":"Feature","properties":{"district":"Kamrup Rural","subdistrict":"Hajo","dt_code":"321","sdt_code":"02118","dist_lgd":291,"subdt_lgd":2119,"st_nm":"ASSAM"},"geometry":{"type":"Polygon","coordinates":[[[91.5248892,26.3364891],[91.5337652,26.3302106],[91.5379813,26.335763],[91.5443568,26.3343357],[91.5475782,26.3289716],[91.5538607,26.3249443],[91.5673953,26.3259395],[91.577025,26.3309215],[91.5846042,26.3310166],[91.5870755,26.3232039],[91.5972925,26.3214943],[91.599475,26.317801],[91.6116919,26.3080953],[91.6152964,26.298956],[91.6089833,26.294132],[91.6116136,26.2890256],[91.6089019,26.2842797],[91.6147973,26.2809806],[91.6135791,26.2766677],[91.6184489,26.2732373],[91.6141499,26.2682003],[91.6191347,26.2687195],[91.6226229,26.2634728],[91.6334326,26.2567051],[91.6383918,26.2575472],[91.642275,26.2541798],[91.6414107,26.2531386],[91.6439365,26.2480925],[91.6467821,26.2453738],[91.6567258,26.243706],[91.6589285,26.2401543],[91.6632724,26.2404977],[91.6619142,26.2363747],[91.6701823,26.2262063],[91.6667643,26.2185996],[91.664447,26.2197367],[91.6644249,26.2166551],[91.661501,26.2103646],[91.6495032,26.2020579],[91.6490066,26.1976687],[91.6445362,26.1952537],[91.6425456,26.1922092],[91.6436616,26.1898651],[91.6465031,26.1907718],[91.6535116,26.1870439],[91.6517889,26.1783499],[91.6548159,26.1789831],[91.6573194,26.1822834],[91.6534127,26.1761976],[91.6515882,26.1698449],[91.6474762,26.1654343],[91.6322132,26.1639201],[91.6222596,26.1657176],[91.6135913,26.1636627],[91.6020422,26.1577939],[91.5647326,26.149304],[91.5618596,26.1417223],[91.5517491,26.1400748],[91.5178001,26.1386133],[91.4905881,26.1459913],[91.4762115,26.153799],[91.4712404,26.1542557],[91.4626987,26.1518072],[91.4534085,26.1450139],[91.4480006,26.1428471],[91.4407056,26.1436605],[91.4344904,26.1492154],[91.4325704,26.1494166],[91.4186324,26.1366027],[91.414401,26.1352906],[91.4204435,26.1746534],[91.4174805,26.1808226],[91.4150547,26.194349],[91.4110613,26.2011498],[91.4136986,26.2047165],[91.4197954,26.205904],[91.4222456,26.2323696],[91.4205371,26.2359001],[91.4314988,26.239761],[91.4254641,26.2445566],[91.4143185,26.2461946],[91.41656,26.2509368],[91.4135613,26.2533825],[91.4126539,26.2655679],[91.4228762,26.2685122],[91.4365176,26.2602666],[91.4443835,26.2648395],[91.4445997,26.2668026],[91.4462119,26.2674292],[91.4447763,26.2692756],[91.451349,26.2696245],[91.4483531,26.2908282],[91.4516238,26.3094291],[91.45746,26.3131945],[91.4570702,26.31449],[91.4513429,26.3147226],[91.4549134,26.3203733],[91.4575206,26.32071],[91.464361,26.3170129],[91.4680811,26.3170364],[91.4815355,26.3207635],[91.4802147,26.3266924],[91.4838247,26.3302715],[91.4896994,26.3312759],[91.491623,26.3279679],[91.4971522,26.3318243],[91.502237,26.3310709],[91.5078718,26.3354173],[91.5103116,26.3348327],[91.5110105,26.3321209],[91.5154077,26.3322779],[91.5202,26.3330534],[91.5216243,26.336376],[91.5248892,26.3364891]]]}},{"type":"Feature","properties":{"district":"Kamrup Rural","subdistrict":"Koya","dt_code":"321","sdt_code":"02117","dist_lgd":291,"subdt_lgd":2117,"st_nm":"ASSAM"},"geometry":{"type":"Polygon","coordinates":[[[91.5631409,26.4118805],[91.5762178,26.4054688],[91.5780772,26.4134196],[91.5841914,26.4145109],[91.5865685,26.4103624],[91.5923059,26.4105125],[91.5876484,26.4012107],[91.593797,26.3979263],[91.59656,26.3897752],[91.5957004,26.3870801],[91.599875,26.3860367],[91.5982396,26.383723],[91.5984283,26.3794408],[91.6013859,26.3764249],[91.6019183,26.371965],[91.5923078,26.3685007],[91.5888726,26.3596472],[91.5849158,26.356994],[91.574082,26.3581998],[91.5768003,26.3397408],[91.5744004,26.3340695],[91.5749545,26.3301889],[91.5673953,26.3259395],[91.5538607,26.3249443],[91.5475782,26.3289716],[91.5449954,26.3339409],[91.539317,26.336142],[91.5358813,26.334398],[91.5337652,26.3302106],[91.5285253,26.3328189],[91.5247668,26.3365924],[91.5239101,26.3398031],[91.5207191,26.3403423],[91.5245464,26.3451921],[91.5211495,26.3460786],[91.5213018,26.3492378],[91.5194313,26.3515109],[91.5196832,26.3552072],[91.5240413,26.3553594],[91.5244995,26.3638351],[91.5261556,26.3662462],[91.5253241,26.3715845],[91.5364125,26.3764661],[91.5295379,26.3829015],[91.5299979,26.3899014],[91.5285193,26.390302],[91.5286475,26.3927301],[91.5359342,26.3980152],[91.5348461,26.3988945],[91.5410629,26.401719],[91.5424362,26.4081553],[91.5476652,26.4094999],[91.5483101,26.412861],[91.5546381,26.4205846],[91.5631409,26.4118805]]]}},{"type":"Feature","properties":{"district":"Nalbari","subdistrict":"Barbhag","dt_code":"323","sdt_code":"02135","dist_lgd":298,"subdt_lgd":2135,"st_nm":"ASSAM"},"geometry":{"type":"Polygon","coordinates":[[[91.510499,26.4233064],[91.5070966,26.4160719],[91.5168346,26.4150105],[91.5197644,26.410065],[91.5243991,26.4099082],[91.5340289,26.414905],[91.5484969,26.411382],[91.5476652,26.4094999],[91.5424762,26.4082095],[91.5410629,26.401719],[91.5348461,26.3988945],[91.5359342,26.3980152],[91.5286475,26.3927301],[91.5285193,26.390302],[91.5299979,26.3899014],[91.5295379,26.3829015],[91.5364125,26.3764661],[91.5253241,26.3715845],[91.5261556,26.3662462],[91.5244995,26.3638351],[91.5240413,26.3553594],[91.5195284,26.3547874],[91.5211495,26.3460786],[91.5245464,26.3451921],[91.5204581,26.3408565],[91.5239101,26.3398031],[91.5248896,26.3366853],[91.5216243,26.336376],[91.5202,26.3330534],[91.5154077,26.3322779],[91.5110105,26.3321209],[91.5103116,26.3348327],[91.5078718,26.3354173],[91.502237,26.3310709],[91.4971522,26.3318243],[91.491623,26.3279679],[91.4896994,26.3312759],[91.4838247,26.3302715],[91.4802147,26.3266924],[91.4815355,26.3207635],[91.4680811,26.3170364],[91.464361,26.3170129],[91.4564803,26.3209408],[91.4518304,26.320324],[91.4488075,26.3230819],[91.4487537,26.3216437],[91.4454487,26.3221609],[91.4474011,26.3201634],[91.4468687,26.3184856],[91.4417334,26.3198238],[91.4412617,26.3162872],[91.4288071,26.3200846],[91.4273402,26.3190245],[91.426701,26.3144702],[91.4243145,26.3158812],[91.4207838,26.3130493],[91.4188471,26.3135345],[91.4250639,26.3191226],[91.4206341,26.3206832],[91.4204065,26.3181588],[91.4186063,26.3167798],[91.4183292,26.3221567],[91.4119455,26.3206323],[91.4094552,26.3285058],[91.4102883,26.3335267],[91.4113298,26.3357854],[91.414335,26.3370078],[91.4243163,26.3319508],[91.4255377,26.3328228],[91.4260078,26.3397243],[91.4320379,26.3449138],[91.4308493,26.3520055],[91.4431585,26.3558417],[91.4435038,26.358805],[91.446369,26.3609984],[91.446849,26.3637788],[91.4443887,26.3669121],[91.4446103,26.3786388],[91.4494883,26.3778003],[91.4515434,26.3840474],[91.4640279,26.3872513],[91.4678923,26.3920491],[91.4790104,26.3944595],[91.4799463,26.3999867],[91.4694924,26.4003707],[91.4677551,26.4012177],[91.4672899,26.4034378],[91.482307,26.4052283],[91.4832218,26.401635],[91.4862848,26.4015469],[91.487159,26.4131681],[91.4912485,26.420959],[91.4974137,26.4208485],[91.5002477,26.424348],[91.5040195,26.4224791],[91.5090512,26.4249925],[91.510499,26.4233064]]]}},{"type":"Feature","properties":{"district":"Nalbari","subdistrict":"Ghograpar (Pt)","dt_code":"323","sdt_code":"02138","dist_lgd":298,"subdt_lgd":2138,"st_nm":"ASSAM"},"geometry":{"type":"Polygon","coordinates":[[[91.5856119,26.56822],[91.5885537,26.5559839],[91.5852341,26.556283],[91.5844282,26.5510704],[91.5877886,26.5416305],[91.5807701,26.5393493],[91.5804885,26.5292313],[91.5768965,26.5288645],[91.5732655,26.5263179],[91.5561089,26.5252089],[91.5566864,26.5083085],[91.5588016,26.5022608],[91.5584436,26.4976462],[91.5602003,26.4954944],[91.5593455,26.4908367],[91.5620128,26.483658],[91.5537759,26.4796419],[91.5495805,26.4695352],[91.5534591,26.4504523],[91.557187,26.4457743],[91.5605821,26.4438986],[91.5608797,26.4408255],[91.5622589,26.4398874],[91.5610508,26.4397966],[91.561127,26.4380682],[91.5627617,26.4371709],[91.5621768,26.4343816],[91.5644078,26.4339268],[91.56306,26.4327799],[91.5642782,26.4326993],[91.5640341,26.4298334],[91.5600797,26.4290689],[91.5581636,26.4229394],[91.5534744,26.4194485],[91.5483101,26.412861],[91.5484969,26.411382],[91.5340289,26.414905],[91.5243991,26.4099082],[91.5197644,26.410065],[91.5168346,26.4150105],[91.5070966,26.4160719],[91.510499,26.4233064],[91.5090512,26.4249925],[91.5040195,26.4224791],[91.5002477,26.424348],[91.4974137,26.4208485],[91.4912485,26.420959],[91.4890665,26.4177952],[91.4857739,26.4207348],[91.4855925,26.4244416],[91.4868411,26.4286802],[91.4903284,26.4319226],[91.4907324,26.4358973],[91.4993261,26.4389299],[91.5037676,26.4422185],[91.4994752,26.4505433],[91.5029353,26.4539495],[91.5040031,26.458575],[91.5002829,26.4618036],[91.5006351,26.4671038],[91.493775,26.475857],[91.4961334,26.4844359],[91.4931187,26.4875653],[91.4851598,26.4896836],[91.4869946,26.4955016],[91.4864037,26.5004044],[91.4830833,26.502617],[91.4783771,26.5026129],[91.4768195,26.5063816],[91.4562166,26.5088562],[91.446515,26.5085176],[91.4511916,26.501994],[91.4474184,26.501804],[91.4393809,26.5021983],[91.4398454,26.5070212],[91.4324213,26.506371],[91.4275876,26.5076924],[91.4251497,26.5139318],[91.4222088,26.5156064],[91.4230652,26.5183853],[91.4212091,26.5191436],[91.42258,26.5230828],[91.4272881,26.5261249],[91.4240809,26.5274881],[91.4274343,26.5308717],[91.4238617,26.5298679],[91.4238249,26.5311356],[91.425456,26.5333906],[91.4289453,26.5332327],[91.4283359,26.5354542],[91.4656576,26.5433217],[91.4804372,26.5500893],[91.4926743,26.5532576],[91.4945334,26.5479119],[91.4942979,26.5338589],[91.4983673,26.5332567],[91.5013913,26.5394688],[91.5145163,26.5400046],[91.5261654,26.5532768],[91.5282113,26.5644566],[91.5635566,26.5739834],[91.585286,26.577138],[91.5856119,26.56822]]]}},{"type":"Feature","properties":{"district":"Tamulpur","subdistrict":"Goreswar (Pt)","dt_code":"816","sdt_code":"02141","dist_lgd":756,"subdt_lgd":2141,"st_nm":"ASSAM"},"geometry":{"type":"Polygon","coordinates":[[[91.7316112,26.731214],[91.7331793,26.7312625],[91.7352303,26.7263692],[91.7331192,26.7147956],[91.7350778,26.7135532],[91.7388736,26.7050799],[91.7424568,26.7007629],[91.7378148,26.6959333],[91.7377199,26.6933063],[91.7440939,26.6898271],[91.7454983,26.6875155],[91.7426382,26.6757756],[91.7405438,26.6761202],[91.7425912,26.673957],[91.7403805,26.6734803],[91.7432022,26.6721604],[91.741482,26.6698467],[91.737098,26.6710324],[91.7355953,26.6701536],[91.733106,26.6608278],[91.7352743,26.6597789],[91.7327751,26.6564413],[91.7401204,26.6539492],[91.7416701,26.6515653],[91.7402023,26.6502081],[91.7417435,26.649548],[91.7391768,26.649198],[91.7396378,26.6481417],[91.7468933,26.6495987],[91.7487967,26.6466304],[91.748342,26.6452083],[91.7442631,26.6443286],[91.7406264,26.640582],[91.7388448,26.640488],[91.7389274,26.6381032],[91.744088,26.6368049],[91.7465862,26.6383551],[91.7468923,26.6401457],[91.7502548,26.6362438],[91.7476421,26.6321085],[91.7412084,26.6312762],[91.7397135,26.6328207],[91.7358473,26.6325115],[91.7330679,26.6302489],[91.7370021,26.6276286],[91.7448162,26.6287958],[91.7463609,26.6269217],[91.743602,26.6246134],[91.7431404,26.6198482],[91.7394629,26.6175902],[91.7403126,26.6135777],[91.7443078,26.6123425],[91.7417731,26.6079581],[91.7376754,26.606657],[91.7371617,26.6049968],[91.7381635,26.6026628],[91.7410438,26.6014737],[91.7492838,26.6068099],[91.7515634,26.6049933],[91.7509457,26.6007823],[91.7451147,26.5962914],[91.743751,26.5931144],[91.7453231,26.5898705],[91.7503741,26.5869455],[91.7535704,26.5878915],[91.7571597,26.5921638],[91.7567418,26.5933819],[91.7599576,26.5950996],[91.7625493,26.5936847],[91.7600329,26.585537],[91.7522044,26.5840634],[91.7497526,26.5828653],[91.7490977,26.5805632],[91.7519149,26.5776471],[91.7595494,26.5776617],[91.7647689,26.5729501],[91.7664849,26.5734028],[91.7640535,26.5657741],[91.7671837,26.5619904],[91.7726967,26.5590117],[91.7720141,26.5537898],[91.7735271,26.5510517],[91.7802224,26.5493462],[91.7783309,26.5434962],[91.7810828,26.5383949],[91.7853318,26.5356532],[91.7841493,26.5338247],[91.7804411,26.5345487],[91.7755045,26.5287506],[91.7769764,26.5265404],[91.7837865,26.5297719],[91.7842048,26.5274842],[91.7821908,26.5243697],[91.7777055,26.5248315],[91.7758712,26.5227002],[91.776951,26.5212704],[91.7853656,26.5188615],[91.7837571,26.5165274],[91.7786671,26.5146602],[91.7778661,26.5127147],[91.7795864,26.5130136],[91.7821763,26.5099611],[91.7838854,26.5017742],[91.7872441,26.4978324],[91.7809899,26.4975394],[91.7812122,26.4956442],[91.7846898,26.4932908],[91.7831625,26.4904196],[91.7800168,26.4917758],[91.7758554,26.4903377],[91.7758117,26.4888259],[91.7808555,26.4845242],[91.7798616,26.4818163],[91.762895,26.4800733],[91.75821,26.4823905],[91.7522012,26.4816156],[91.7515142,26.4853489],[91.752789,26.4866398],[91.7511927,26.4874147],[91.7532156,26.4921546],[91.7530237,26.4953309],[91.7478737,26.4966185],[91.7344248,26.4964347],[91.7337524,26.4974867],[91.7376645,26.5018307],[91.7248664,26.5030614],[91.726279,26.4959635],[91.7186854,26.4918335],[91.719322,26.4882661],[91.7163591,26.482315],[91.7200933,26.4769903],[91.7103471,26.4770124],[91.7097904,26.4789539],[91.7098531,26.4733402],[91.6890239,26.4637934],[91.6856341,26.4550289],[91.6766644,26.4484554],[91.6499709,26.4494959],[91.6486384,26.4573621],[91.6511544,26.4627019],[91.626036,26.4615723],[91.6291921,26.4641909],[91.6284598,26.4655858],[91.62361,26.4650581],[91.6212198,26.4694717],[91.618115,26.4682511],[91.6210261,26.4745306],[91.6245372,26.470863],[91.6265459,26.4708913],[91.6257896,26.4744725],[91.6281862,26.4808703],[91.6254863,26.4801232],[91.6231756,26.4757334],[91.6211879,26.4766513],[91.62038,26.4796736],[91.6228472,26.4844408],[91.6262858,26.483563],[91.6292894,26.4861831],[91.628845,26.4874307],[91.6239179,26.4871455],[91.623037,26.4893734],[91.627558,26.490607],[91.6306728,26.5000548],[91.6305028,26.5143952],[91.6235852,26.5143286],[91.6197042,26.5221673],[91.6230191,26.524556],[91.6331729,26.5230429],[91.6327191,26.524764],[91.6290762,26.5263437],[91.6276076,26.5299309],[91.6278778,26.5332855],[91.6310798,26.5331505],[91.6324511,26.5370592],[91.6393214,26.5356179],[91.6420924,26.5362036],[91.6420945,26.538304],[91.643624,26.5387066],[91.6478881,26.5363915],[91.6505684,26.5413915],[91.6525335,26.5382147],[91.6544497,26.538244],[91.6541056,26.542815],[91.656255,26.5457884],[91.6504108,26.5467406],[91.6496437,26.5479687],[91.6553836,26.5504504],[91.6530726,26.5546516],[91.6538366,26.5567123],[91.6566441,26.5585175],[91.659487,26.5544832],[91.6593269,26.5508794],[91.6615413,26.549991],[91.6623814,26.5522527],[91.661059,26.5565869],[91.6660893,26.5607053],[91.6639073,26.5638123],[91.6657346,26.5696309],[91.6649978,26.5955613],[91.6627388,26.5990871],[91.6633361,26.603691],[91.660241,26.609978],[91.6707368,26.609195],[91.6752851,26.6117996],[91.6753273,26.6141207],[91.6730022,26.6163086],[91.6684386,26.6166491],[91.6588386,26.6221685],[91.6596458,26.6246908],[91.6671592,26.6190435],[91.6697996,26.6197414],[91.6712287,26.6232884],[91.6671423,26.6312889],[91.6613133,26.6322401],[91.6582259,26.6367571],[91.6644264,26.6348487],[91.6743814,26.6375149],[91.675968,26.6428711],[91.6760979,26.6511436],[91.6714082,26.655109],[91.6770767,26.653653],[91.6832432,26.6575827],[91.6799369,26.664079],[91.6854067,26.6748989],[91.6835163,26.6861442],[91.6915538,26.6916382],[91.6934907,26.7064402],[91.7075146,26.7095234],[91.70476,26.7145326],[91.7039509,26.721307],[91.7059442,26.7279235],[91.7045738,26.7323641],[91.7054577,26.739229],[91.7010941,26.7430153],[91.6983906,26.7510672],[91.700922,26.7554227],[91.7002079,26.7595043],[91.7023691,26.7685476],[91.7001937,26.7742359],[91.705321,26.7916441],[91.7053843,26.8093789],[91.7130811,26.7856455],[91.7125085,26.774102],[91.7169078,26.7558601],[91.7221997,26.7497552],[91.7235108,26.7442266],[91.7314185,26.7349101],[91.7316112,26.731214]]]}},{"type":"Feature","properties":{"district":"Tamulpur","subdistrict":"Rangia Pt","dt_code":"816","sdt_code":"02115","dist_lgd":756,"subdt_lgd":5934,"st_nm":"ASSAM"},"geometry":{"type":"MultiPolygon","coordinates":[[[[91.6511544,26.4627019],[91.6486384,26.4573621],[91.6499709,26.4494959],[91.6338025,26.4496503],[91.6300224,26.4463155],[91.6243801,26.4476394],[91.62558,26.4494973],[91.6320829,26.4510995],[91.6290492,26.4551819],[91.6300216,26.4598847],[91.6290135,26.4609565],[91.6265971,26.456222],[91.6242794,26.4568068],[91.6240735,26.4592842],[91.626036,26.4615723],[91.6511544,26.4627019]]],[[[91.608147,26.5684253],[91.6189917,26.5665205],[91.6187845,26.5510513],[91.6160669,26.5467746],[91.6216152,26.543218],[91.6210255,26.5411802],[91.6177003,26.5402765],[91.6172939,26.5360995],[91.6193916,26.5360603],[91.6197449,26.5314351],[91.6157566,26.5275909],[91.6171618,26.525731],[91.6146399,26.5186871],[91.616187,26.5163683],[91.617861,26.5179311],[91.6216151,26.5182642],[91.6235852,26.5143286],[91.6158433,26.5142537],[91.5997425,26.5178394],[91.5954098,26.5296487],[91.5937853,26.5483463],[91.5888542,26.5555452],[91.6044433,26.5544687],[91.6060383,26.5560175],[91.6052949,26.5670352],[91.608147,26.5684253]]]]}},{"type":"Feature","properties":{"district":"Kamrup Rural","subdistrict":"Rangia Pt","dt_code":"321","sdt_code":"02115","dist_lgd":291,"subdt_lgd":5934,"st_nm":"ASSAM"},"geometry":{"type":"Polygon","coordinates":[[[91.6132202,26.514838],[91.6305028,26.5143952],[91.6306728,26.5000548],[91.627558,26.490607],[91.623037,26.4893734],[91.6239179,26.4871455],[91.628845,26.4874307],[91.6292894,26.4861831],[91.6262858,26.483563],[91.6228472,26.4844408],[91.62038,26.4796736],[91.6211879,26.4766513],[91.6231756,26.4757334],[91.6254863,26.4801232],[91.6281862,26.4808703],[91.6257896,26.4744725],[91.6266383,26.4711805],[91.6245372,26.470863],[91.6210261,26.4745306],[91.617965,26.4687658],[91.6188423,26.467575],[91.6212198,26.4694717],[91.6225535,26.4657291],[91.6242715,26.4647423],[91.6276595,26.4658231],[91.629217,26.4648778],[91.624552,26.4602917],[91.6242794,26.4568068],[91.6265971,26.456222],[91.6290135,26.4609565],[91.6300216,26.4598847],[91.6290492,26.4551819],[91.6320829,26.4510995],[91.62558,26.4494973],[91.624169,26.4481419],[91.6250386,26.4472427],[91.6300224,26.4463155],[91.6327231,26.4491047],[91.6357255,26.4498548],[91.6766644,26.4484554],[91.6856341,26.4550289],[91.6874865,26.4598185],[91.6922776,26.459606],[91.693445,26.4622736],[91.6974867,26.4629485],[91.6993322,26.4590777],[91.7125889,26.4576066],[91.7152206,26.4480651],[91.7151123,26.440448],[91.7195536,26.4328975],[91.7166099,26.4289246],[91.7097216,26.4262568],[91.71894,26.4200675],[91.7121495,26.4135909],[91.7140777,26.4110057],[91.7223995,26.4088138],[91.7232523,26.4042255],[91.7196844,26.3994894],[91.7203667,26.3944932],[91.7233312,26.3904647],[91.7236931,26.3836592],[91.7224414,26.3816858],[91.715625,26.3823134],[91.7127747,26.385605],[91.6961407,26.3843653],[91.6957052,26.3819076],[91.7013786,26.364894],[91.6955888,26.3571654],[91.6867197,26.3582293],[91.6841312,26.3564498],[91.6818204,26.3582438],[91.67023,26.3592993],[91.6686412,26.3621434],[91.6612092,26.3612659],[91.6580869,26.36489],[91.6569244,26.3692525],[91.6591393,26.3715067],[91.663442,26.3703864],[91.6651656,26.3712678],[91.6654422,26.3763579],[91.6690291,26.3804828],[91.6644731,26.3915444],[91.6650373,26.3948381],[91.6679673,26.3983158],[91.6637755,26.4006494],[91.6603985,26.4053182],[91.6564667,26.4061339],[91.6513661,26.4031318],[91.6524806,26.4013572],[91.649447,26.3995633],[91.6493391,26.3972335],[91.6424372,26.3942013],[91.6470899,26.3895081],[91.6470787,26.3854105],[91.6448633,26.3840019],[91.6409314,26.3846241],[91.6394488,26.3809759],[91.6343835,26.3801645],[91.6315884,26.36702],[91.6278089,26.366174],[91.6274189,26.3687402],[91.6253427,26.3696936],[91.6239631,26.368011],[91.6243019,26.3646028],[91.6206138,26.3658877],[91.6148864,26.3643951],[91.613011,26.3621385],[91.6107416,26.36468],[91.6049079,26.3618955],[91.6071247,26.357925],[91.6115331,26.3565398],[91.6109259,26.3545311],[91.6078366,26.354667],[91.6071125,26.3510326],[91.6082285,26.3501273],[91.6102827,26.3523472],[91.6117298,26.3499372],[91.6143452,26.3488969],[91.6143904,26.342559],[91.6112373,26.3359636],[91.6070223,26.3322917],[91.6026889,26.3324967],[91.6020016,26.3289769],[91.5973063,26.3263659],[91.5982738,26.3232239],[91.5972273,26.3214693],[91.5870755,26.3232039],[91.5846042,26.3310166],[91.5749545,26.3301889],[91.5744479,26.3318782],[91.5768003,26.3397408],[91.574082,26.3581998],[91.5849158,26.356994],[91.5888726,26.3596472],[91.5923078,26.3685007],[91.6019183,26.371965],[91.6013859,26.3764249],[91.5984283,26.3794408],[91.5982396,26.383723],[91.599875,26.3860367],[91.5957004,26.3870801],[91.59656,26.3897752],[91.593797,26.3979263],[91.5876484,26.4012107],[91.5923059,26.4105125],[91.5865685,26.4103624],[91.5841914,26.4145109],[91.5780772,26.4134196],[91.5762178,26.4054688],[91.5642864,26.4109584],[91.5546381,26.4205846],[91.5581636,26.4229394],[91.5600797,26.4290689],[91.5640341,26.4298334],[91.5642782,26.4326993],[91.56306,26.4327799],[91.5644078,26.4339268],[91.5621768,26.4343816],[91.5627617,26.4371709],[91.561127,26.4380682],[91.5610508,26.4397966],[91.5622589,26.4398874],[91.5608797,26.4408255],[91.5605821,26.4438986],[91.557187,26.4457743],[91.5534591,26.4504523],[91.5496096,26.4709523],[91.5544624,26.4804049],[91.5620128,26.483658],[91.5593455,26.4908367],[91.5602003,26.4954944],[91.5584436,26.4976462],[91.5588016,26.5022608],[91.5566864,26.5083085],[91.556189,26.5255113],[91.5732655,26.5263179],[91.5768965,26.5288645],[91.5804885,26.5292313],[91.5807701,26.5393493],[91.5877886,26.5416305],[91.5845139,26.5501453],[91.5853996,26.5564364],[91.5885537,26.5559839],[91.5937853,26.5483463],[91.5954098,26.5296487],[91.5997425,26.5178394],[91.6132202,26.514838]]]}},{"type":"Feature","properties":{"district":"Kamrup Rural","subdistrict":"Goreswar (Pt)","dt_code":"321","sdt_code":"02141","dist_lgd":291,"subdt_lgd":2141,"st_nm":"ASSAM"},"geometry":{"type":"Polygon","coordinates":[[[91.7378339,26.4962943],[91.7478737,26.4966185],[91.7530237,26.4953309],[91.7532156,26.4921546],[91.7511927,26.4874147],[91.752789,26.4866398],[91.7515142,26.4853489],[91.7522012,26.4816156],[91.75821,26.4823905],[91.762895,26.4800733],[91.7798616,26.4818163],[91.7793074,26.477158],[91.7773884,26.4752116],[91.7775031,26.4703152],[91.7731511,26.4697615],[91.7705368,26.4663929],[91.7662127,26.4683526],[91.7661026,26.4629957],[91.7645213,26.459858],[91.7721391,26.4472278],[91.7710387,26.444657],[91.7723562,26.4347859],[91.7708691,26.4328938],[91.7732423,26.4305488],[91.7746807,26.425324],[91.7785432,26.4276509],[91.7790769,26.4238566],[91.7773171,26.4196757],[91.7826814,26.4181134],[91.7830385,26.416656],[91.7819797,26.415133],[91.7671898,26.4154312],[91.7679274,26.4125466],[91.7624537,26.4118055],[91.7618731,26.4090282],[91.7594863,26.4071756],[91.7598905,26.4049661],[91.7554141,26.4038018],[91.7546508,26.4000439],[91.7482417,26.4008194],[91.747183,26.4023274],[91.7486516,26.4045789],[91.7450344,26.4032581],[91.7416049,26.4048345],[91.7409093,26.4075864],[91.7421876,26.4086621],[91.7382615,26.4092687],[91.7371353,26.410928],[91.7248497,26.411264],[91.7192474,26.4100482],[91.712568,26.4122579],[91.7123139,26.4143921],[91.7174148,26.4174416],[91.71894,26.4200675],[91.7108005,26.424591],[91.7098047,26.4267986],[91.7166099,26.4289246],[91.7195536,26.4328975],[91.7151123,26.440448],[91.7152206,26.4480651],[91.7130787,26.456859],[91.6993322,26.4590777],[91.6974867,26.4629485],[91.693445,26.4622736],[91.6922776,26.459606],[91.6874865,26.4598185],[91.6890239,26.4637934],[91.7098531,26.4733402],[91.7097904,26.4789539],[91.7103561,26.4792769],[91.7103471,26.4770124],[91.7200933,26.4769903],[91.7163591,26.482315],[91.719322,26.4882661],[91.7186854,26.4918335],[91.726279,26.4959635],[91.7248664,26.5030614],[91.7376645,26.5018307],[91.7337524,26.4974867],[91.7378339,26.4962943]]]}},{"type":"Feature","properties":{"district":"Udalguri","subdistrict":"Kalaigaon","dt_code":"326","sdt_code":"","dist_lgd":617,"subdt_lgd":6427,"st_nm":"ASSAM"},"geometry":{"type":"Polygon","coordinates":[[[91.8379583,26.6262834],[91.8400382,26.6171212],[91.8551902,26.6183194],[91.8560077,26.6134016],[91.8743361,26.613708],[91.8767943,26.6150884],[91.887086,26.6157023],[91.8888769,26.6148168],[91.8887448,26.6115136],[91.8845869,26.6108905],[91.8883633,26.6083223],[91.8829621,26.6066474],[91.8803414,26.6001934],[91.8836138,26.5952295],[91.8824969,26.5921574],[91.8781168,26.590931],[91.8819698,26.5891279],[91.8802232,26.5865975],[91.8802927,26.5836235],[91.8731578,26.5771622],[91.8748632,26.5748362],[91.8710268,26.57505],[91.8753552,26.5730181],[91.8727508,26.5723636],[91.8744655,26.5699615],[91.8705283,26.5721309],[91.8691396,26.5714913],[91.8705927,26.5689594],[91.8710162,26.5618979],[91.8684519,26.5612312],[91.8730812,26.5581828],[91.8729941,26.5532144],[91.8698533,26.5503362],[91.8698322,26.5473388],[91.8653988,26.5480524],[91.8675737,26.5453131],[91.8652804,26.5414925],[91.8617403,26.5408703],[91.8628002,26.5381656],[91.8607214,26.5399649],[91.8407413,26.5398918],[91.8397637,26.5389981],[91.8432499,26.5360296],[91.841786,26.5344939],[91.8419566,26.5297002],[91.8458762,26.5259091],[91.8458662,26.5240179],[91.8418217,26.5229056],[91.8326652,26.5255506],[91.8332069,26.5152836],[91.8267212,26.5150902],[91.8181756,26.5118239],[91.8183455,26.5058186],[91.804307,26.5066247],[91.7830528,26.5043263],[91.7821763,26.5099611],[91.7795864,26.5130136],[91.777876,26.5128094],[91.7786671,26.5146602],[91.7837571,26.5165274],[91.7853656,26.5188615],[91.776951,26.5212704],[91.775866,26.5228491],[91.7777055,26.5248315],[91.7810423,26.5239943],[91.7832939,26.5250383],[91.7843538,26.5293391],[91.7793074,26.5285774],[91.7769764,26.5265404],[91.7754894,26.5288499],[91.7804411,26.5345487],[91.7841493,26.5338247],[91.7853417,26.5358067],[91.7810828,26.5383949],[91.7783309,26.5434962],[91.7801219,26.5495538],[91.7750884,26.5502451],[91.772633,26.5520168],[91.7726967,26.5590117],[91.7668622,26.5623331],[91.7638724,26.5661711],[91.7644154,26.5688613],[91.7773779,26.5743747],[91.7811872,26.5741971],[91.7818884,26.571909],[91.7849224,26.5725263],[91.7822274,26.5900528],[91.7953136,26.5965658],[91.7963519,26.6002281],[91.7931914,26.6106595],[91.7889289,26.6164068],[91.7884887,26.6207052],[91.7908612,26.6235127],[91.7955794,26.6257473],[91.8135631,26.6260329],[91.8320737,26.6281936],[91.8379583,26.6262834]]]}},{"type":"Feature","properties":{"district":"Darrang","subdistrict":"Pathorighat (Pt)","dt_code":"325","sdt_code":"02146","dist_lgd":283,"subdt_lgd":2146,"st_nm":"ASSAM"},"geometry":{"type":"Polygon","coordinates":[[[91.8742715,26.5243711],[91.8822093,26.5306438],[91.8878988,26.5324989],[91.8913414,26.5321744],[91.8936773,26.5282612],[91.8998663,26.5257553],[91.9003428,26.5147419],[91.8936808,26.5109535],[91.8922656,26.5070644],[91.8935301,26.5001389],[91.8995727,26.5005155],[91.902609,26.5026721],[91.9101092,26.5011155],[91.9261339,26.5031297],[91.9376668,26.502548],[91.9412013,26.5008526],[91.9427809,26.4977706],[91.9456949,26.4984227],[91.9440109,26.4870253],[91.9467578,26.4869215],[91.9433672,26.4833087],[91.9461101,26.4793729],[91.9416378,26.4808142],[91.9426235,26.4770428],[91.9387311,26.4758213],[91.9359185,26.4713483],[91.9373594,26.4693234],[91.9336049,26.4680163],[91.9355559,26.4669858],[91.933295,26.464125],[91.9345149,26.4602048],[91.9294521,26.4579498],[91.9292713,26.4600078],[91.925881,26.4607919],[91.9256764,26.4589699],[91.922633,26.4591403],[91.9247307,26.4576799],[91.9240723,26.456955],[91.918923,26.4598919],[91.9188288,26.4570009],[91.9147151,26.4573274],[91.9155204,26.4402112],[91.9236176,26.4388309],[91.9242191,26.4374286],[91.9224536,26.434446],[91.9233585,26.4336115],[91.9173932,26.4313044],[91.9136733,26.4237486],[91.9084354,26.4211126],[91.9033803,26.4148123],[91.8969881,26.4154449],[91.8905609,26.4200533],[91.8811699,26.4208168],[91.8774968,26.4189161],[91.8716274,26.4095946],[91.8681194,26.4077297],[91.8648016,26.4084664],[91.862332,26.4130874],[91.8612721,26.4230028],[91.8593863,26.4235337],[91.8577524,26.4192047],[91.8536683,26.4192243],[91.854084,26.4133305],[91.8442058,26.415507],[91.8388619,26.4048359],[91.8317603,26.4030489],[91.8264742,26.3971029],[91.8053199,26.3971546],[91.8038944,26.4003146],[91.7946089,26.4033225],[91.796353,26.4060003],[91.7943357,26.4095733],[91.7891199,26.4078281],[91.78301,26.408799],[91.7799787,26.413734],[91.7825881,26.4158072],[91.7828319,26.4180007],[91.7772468,26.4198923],[91.7790769,26.4238566],[91.7787088,26.4274298],[91.7772248,26.4277537],[91.7746807,26.425324],[91.7732423,26.4305488],[91.7708691,26.4328938],[91.7723562,26.4347859],[91.7710387,26.444657],[91.7721391,26.4472278],[91.7645162,26.4599888],[91.7661026,26.4629957],[91.7662127,26.4683526],[91.7705368,26.4663929],[91.7731511,26.4697615],[91.7775031,26.4703152],[91.7773884,26.4752116],[91.7793074,26.477158],[91.7808555,26.4845242],[91.7757604,26.490103],[91.7786929,26.4917297],[91.7831625,26.4904196],[91.7846898,26.4932908],[91.7812122,26.4956442],[91.7809899,26.4975394],[91.7872441,26.4978324],[91.7830528,26.5043263],[91.804307,26.5066247],[91.8183455,26.5058186],[91.8181756,26.5118239],[91.8267212,26.5150902],[91.8332069,26.5152836],[91.8326652,26.5255506],[91.8418217,26.5229056],[91.8458662,26.5240179],[91.8458762,26.5259091],[91.8419566,26.5297002],[91.841786,26.5344939],[91.8432499,26.5360296],[91.8397637,26.5389981],[91.8407413,26.5398918],[91.8607214,26.5399649],[91.8662307,26.5338787],[91.8719439,26.5301913],[91.8732346,26.5275299],[91.8718809,26.5260591],[91.8742715,26.5243711]]]}},{"type":"Feature","properties":{"district":"Darrang","subdistrict":"Sipajhar","dt_code":"325","sdt_code":"02147","dist_lgd":283,"subdt_lgd":2147,"st_nm":"ASSAM"},"geometry":{"type":"Polygon","coordinates":[[[91.9383257,26.4371826],[91.9511245,26.4361287],[91.9472755,26.4269265],[91.9442282,26.4237177],[91.9373496,26.4108217],[91.9349084,26.4010112],[91.939074,26.3955656],[91.9383983,26.3907954],[91.9400259,26.3763551],[91.9484836,26.3657327],[91.9367341,26.3574179],[91.9347118,26.3607792],[91.9326679,26.3605374],[91.9313197,26.3633581],[91.9269702,26.3585194],[91.922652,26.3632207],[91.9199859,26.362162],[91.9209197,26.3558006],[91.917179,26.3361624],[91.9089502,26.3240096],[91.9120617,26.3187225],[91.9109328,26.3099234],[91.916555,26.2964473],[91.9264124,26.2736887],[91.941646,26.2480372],[91.9338393,26.2432163],[91.92947,26.2422701],[91.926413,26.2441395],[91.9246827,26.2474933],[91.919134,26.2463096],[91.9183425,26.2443196],[91.9123807,26.2401783],[91.9086346,26.2308914],[91.9021635,26.2264926],[91.8999169,26.2270075],[91.8861557,26.2216884],[91.8854391,26.2184723],[91.8798852,26.2167214],[91.8726152,26.2171048],[91.8701333,26.2194605],[91.8709187,26.2210762],[91.8696778,26.2210851],[91.8591309,26.2171351],[91.8398984,26.2152762],[91.8207494,26.207611],[91.8175325,26.2074562],[91.8159306,26.2091344],[91.8007435,26.2058097],[91.7918632,26.2058813],[91.7846269,26.202176],[91.7709176,26.1984791],[91.7465717,26.2100663],[91.7452235,26.2120823],[91.7450567,26.2178544],[91.7467084,26.2217913],[91.7642104,26.2326332],[91.765039,26.2348002],[91.7630881,26.2390454],[91.7638929,26.2400118],[91.7734789,26.2426639],[91.775818,26.2404948],[91.7774624,26.2428292],[91.7814249,26.2441994],[91.7844817,26.2513418],[91.7863528,26.2648369],[91.7902649,26.267791],[91.7905315,26.272602],[91.7877769,26.2744235],[91.7858458,26.2791023],[91.7865524,26.2844642],[91.7845173,26.2875995],[91.7860456,26.2922173],[91.7821771,26.2962312],[91.7832694,26.3012865],[91.7854105,26.3036257],[91.7821156,26.3038672],[91.7818389,26.3054376],[91.7873911,26.3065108],[91.7894099,26.3118781],[91.7931108,26.3114381],[91.7930614,26.3171469],[91.7915321,26.3197635],[91.7933435,26.3215744],[91.7957454,26.3209327],[91.7954604,26.3167693],[91.7974159,26.3132593],[91.8035471,26.3177983],[91.8051373,26.3135298],[91.8099347,26.3133833],[91.8141222,26.3111513],[91.8167882,26.3168885],[91.8088495,26.3192632],[91.8084819,26.3225394],[91.8114595,26.3262415],[91.8149944,26.3277279],[91.8188622,26.3250309],[91.8189755,26.3284517],[91.8216183,26.3316436],[91.8169745,26.3429015],[91.8195121,26.3464814],[91.8161492,26.3499685],[91.821592,26.35438],[91.819495,26.360273],[91.8229548,26.3638622],[91.8201738,26.3651337],[91.8222659,26.3691015],[91.8214628,26.3721971],[91.8179418,26.3794524],[91.8101733,26.3836053],[91.8057547,26.3824208],[91.8029379,26.3837415],[91.804262,26.3893383],[91.7965983,26.3924119],[91.7985652,26.3959241],[91.7979958,26.4003239],[91.7946089,26.4033225],[91.8038944,26.4003146],[91.8048709,26.3975277],[91.8066852,26.3968091],[91.8264742,26.3971029],[91.8317603,26.4030489],[91.8388619,26.4048359],[91.8442058,26.415507],[91.854084,26.4133305],[91.8536683,26.4192243],[91.8577524,26.4192047],[91.8593863,26.4235337],[91.8612721,26.4230028],[91.862332,26.4130874],[91.8648016,26.4084664],[91.8681194,26.4077297],[91.8716274,26.4095946],[91.8795231,26.4204576],[91.8905609,26.4200533],[91.8969881,26.4154449],[91.9033803,26.4148123],[91.9084354,26.4211126],[91.9136733,26.4237486],[91.9173932,26.4313044],[91.9233585,26.4336115],[91.9299673,26.4330815],[91.9383257,26.4371826]]]}},{"type":"Feature","properties":{"district":"Kamrup Rural","subdistrict":"Kamalpur","dt_code":"321","sdt_code":"02117","dist_lgd":291,"subdt_lgd":2118,"st_nm":"ASSAM"},"geometry":{"type":"Polygon","coordinates":[[[91.775783,26.4160649],[91.7819848,26.4151321],[91.7800744,26.4131249],[91.7843085,26.4081545],[91.7891199,26.4078281],[91.7945664,26.409429],[91.796353,26.4060003],[91.7946314,26.4027499],[91.7979204,26.4006939],[91.798625,26.3963709],[91.7965983,26.3924119],[91.8039762,26.3897308],[91.8028625,26.3840033],[91.8045871,26.3825601],[91.8101733,26.3836053],[91.8181823,26.379269],[91.821814,26.3712585],[91.8222659,26.3691015],[91.8201738,26.3651337],[91.8229548,26.3638622],[91.819495,26.360273],[91.821592,26.35438],[91.8161492,26.3499685],[91.8195121,26.3464814],[91.8169745,26.3429015],[91.8216183,26.3316436],[91.8189755,26.3284517],[91.8188622,26.3250309],[91.8149944,26.3277279],[91.8111091,26.3259526],[91.808407,26.3221784],[91.8088495,26.3192632],[91.8167882,26.3168885],[91.8141222,26.3111513],[91.8099347,26.3133833],[91.8051373,26.3135298],[91.8035471,26.3177983],[91.7974159,26.3132593],[91.7954604,26.3167693],[91.7957454,26.3209327],[91.7927578,26.3214387],[91.7915475,26.3192761],[91.7930614,26.3171469],[91.7931108,26.3114381],[91.7894099,26.3118781],[91.7873911,26.3065108],[91.7818389,26.3054376],[91.7821156,26.3038672],[91.7854105,26.3036257],[91.7828858,26.2989631],[91.778756,26.2994476],[91.7772986,26.3022787],[91.7740373,26.303074],[91.7650733,26.2983323],[91.7606165,26.2934956],[91.7550503,26.2928412],[91.7523265,26.2897288],[91.7423094,26.2886809],[91.741793,26.2796582],[91.7348987,26.2737622],[91.7282673,26.2635316],[91.7286393,26.2618328],[91.7332569,26.2593983],[91.7273397,26.2580773],[91.725171,26.2529415],[91.7216527,26.2509213],[91.7151689,26.2523396],[91.7099978,26.2566846],[91.7099423,26.2634787],[91.704198,26.2663207],[91.7031444,26.269813],[91.7040663,26.2729183],[91.6976962,26.2783769],[91.6910972,26.2781518],[91.6857757,26.2714921],[91.6795237,26.268261],[91.6708919,26.2775941],[91.6636703,26.2803984],[91.660809,26.2769129],[91.6521521,26.2718903],[91.6515374,26.2703849],[91.6540368,26.2690763],[91.6497814,26.2595781],[91.642275,26.2541798],[91.6380034,26.2577988],[91.6339866,26.2564658],[91.6243489,26.2622556],[91.6200219,26.26613],[91.6191347,26.2687195],[91.6141499,26.2682003],[91.6183667,26.2738372],[91.6135791,26.2766677],[91.6147973,26.2809806],[91.6091716,26.2836507],[91.6116136,26.2890256],[91.6087207,26.2930631],[91.6113675,26.2967995],[91.6149,26.2976249],[91.6149606,26.3006531],[91.6107046,26.3094946],[91.599475,26.317801],[91.5972925,26.3214943],[91.5982738,26.3232239],[91.5973063,26.3263659],[91.6020016,26.3289769],[91.6026889,26.3324967],[91.6070223,26.3322917],[91.6112373,26.3359636],[91.6143904,26.342559],[91.6143452,26.3488969],[91.6117298,26.3499372],[91.6102827,26.3523472],[91.6082285,26.3501273],[91.6071125,26.3510326],[91.6078366,26.354667],[91.6109259,26.3545311],[91.6115331,26.3565398],[91.6068095,26.3581834],[91.6052376,26.3623644],[91.6110027,26.3646841],[91.6133561,26.3622068],[91.6148864,26.3643951],[91.6206138,26.3658877],[91.6243019,26.3646028],[91.6239631,26.368011],[91.6253427,26.3696936],[91.6274189,26.3687402],[91.6278089,26.366174],[91.6315884,26.36702],[91.6343835,26.3801645],[91.6394488,26.3809759],[91.6409314,26.3846241],[91.6448633,26.3840019],[91.6470787,26.3854105],[91.6470899,26.3895081],[91.6424372,26.3942013],[91.6493391,26.3972335],[91.649447,26.3995633],[91.6524806,26.4013572],[91.6513661,26.4031318],[91.6576256,26.4062588],[91.6603985,26.4053182],[91.6637755,26.4006494],[91.6679673,26.3983158],[91.6650373,26.3948381],[91.6644731,26.3915444],[91.6690936,26.3814647],[91.6654422,26.3763579],[91.6651656,26.3712678],[91.663442,26.3703864],[91.6591393,26.3715067],[91.6572779,26.3702597],[91.6580869,26.36489],[91.6612092,26.3612659],[91.6686412,26.3621434],[91.67023,26.3592993],[91.6727928,26.3599534],[91.6759733,26.357977],[91.6818204,26.3582438],[91.6841312,26.3564498],[91.6867197,26.3582293],[91.6955888,26.3571654],[91.7013786,26.364894],[91.6957052,26.3819076],[91.6961407,26.3843653],[91.7127747,26.385605],[91.7160544,26.3821638],[91.7233391,26.3820882],[91.7233312,26.3904647],[91.7203667,26.3944932],[91.7196844,26.3994894],[91.722853,26.4032923],[91.7231942,26.4058509],[91.7223995,26.4088138],[91.7196909,26.4104063],[91.7371353,26.410928],[91.7382615,26.4092687],[91.7421876,26.4086621],[91.7409093,26.4075864],[91.7416049,26.4048345],[91.7450344,26.4032581],[91.7486516,26.4045789],[91.747183,26.4023274],[91.7482417,26.4008194],[91.7546508,26.4000439],[91.7554141,26.4038018],[91.7598905,26.4049661],[91.7594863,26.4071756],[91.7618731,26.4090282],[91.7624537,26.4118055],[91.7679274,26.4125466],[91.7667558,26.4151343],[91.775783,26.4160649]]]}},{"type":"Feature","properties":{"district":"Kamrup Rural","subdistrict":"North Guwahati (Pt)","dt_code":"321","sdt_code":"02126","dist_lgd":291,"subdt_lgd":2126,"st_nm":"ASSAM"},"geometry":{"type":"Polygon","coordinates":[[[91.7822324,26.2959153],[91.7862518,26.2910169],[91.7845173,26.2875995],[91.786623,26.2838054],[91.7857252,26.2796889],[91.7877769,26.2744235],[91.7904662,26.2729088],[91.7903697,26.2680798],[91.7863528,26.2648369],[91.7845667,26.2576962],[91.7852606,26.2536755],[91.7822496,26.245405],[91.7755979,26.2404269],[91.7734789,26.2426639],[91.764493,26.2404455],[91.7630881,26.2390454],[91.7649735,26.2352153],[91.7642104,26.2326332],[91.7467084,26.2217913],[91.745007,26.2132646],[91.7465717,26.2100663],[91.7489306,26.2090434],[91.7442013,26.2092254],[91.7410081,26.2112655],[91.7386079,26.2101158],[91.7313924,26.2109209],[91.7297574,26.2068725],[91.7213948,26.2043614],[91.7175768,26.1980365],[91.7185113,26.1961088],[91.7140901,26.1917592],[91.7117882,26.1914013],[91.6983681,26.1970853],[91.6957448,26.2035701],[91.686225,26.2054848],[91.6851896,26.1917594],[91.6724894,26.1841353],[91.6721292,26.188176],[91.668259,26.1933982],[91.6687047,26.1960261],[91.6719842,26.1986508],[91.6691591,26.2026543],[91.6747383,26.2084816],[91.6764018,26.2125535],[91.682253,26.2158566],[91.6733661,26.2215782],[91.6709005,26.2173136],[91.6667643,26.2185996],[91.6702632,26.2267969],[91.6619142,26.2363747],[91.6632724,26.2404977],[91.6582729,26.2403919],[91.6567258,26.243706],[91.6467821,26.2453738],[91.6439365,26.2480925],[91.641474,26.2535396],[91.6497814,26.2595781],[91.6516927,26.2660294],[91.6539384,26.2685824],[91.6537934,26.2698822],[91.6514234,26.2705843],[91.652973,26.2727599],[91.6650107,26.2805846],[91.6716565,26.2769879],[91.6779358,26.2691198],[91.6804304,26.2683362],[91.686899,26.2724819],[91.6910972,26.2781518],[91.6976962,26.2783769],[91.7040663,26.2729183],[91.7031444,26.269813],[91.704198,26.2663207],[91.7099423,26.2634787],[91.7099978,26.2566846],[91.7151689,26.2523396],[91.7216527,26.2509213],[91.725171,26.2529415],[91.7273397,26.2580773],[91.7332569,26.2593983],[91.7286393,26.2618328],[91.7282673,26.2635316],[91.7348987,26.2737622],[91.741793,26.2796582],[91.7423094,26.2886809],[91.7523265,26.2897288],[91.7550503,26.2928412],[91.7606165,26.2934956],[91.7650733,26.2983323],[91.7740373,26.303074],[91.7772986,26.3022787],[91.778756,26.2994476],[91.7828858,26.2989631],[91.7822324,26.2959153]]]}},{"type":"Feature","properties":{"district":"Kamrup Metropolitan","subdistrict":"Chandrapur","dt_code":"322","sdt_code":"02130","dist_lgd":618,"subdt_lgd":2131,"st_nm":"ASSAM"},"geometry":{"type":"Polygon","coordinates":[[[91.9530222,26.2543078],[91.9571281,26.2472277],[91.9568785,26.2329937],[91.9597311,26.2293575],[91.957949,26.2241815],[91.962438,26.22104],[91.9603153,26.2129452],[91.9689584,26.2106132],[91.9728118,26.2053715],[91.9857306,26.2021253],[91.989944,26.1980963],[91.9823673,26.1915642],[91.9770557,26.1835978],[91.970783,26.1804979],[91.9597932,26.1785494],[91.9449084,26.1901422],[91.9383008,26.1912622],[91.9452475,26.1774412],[91.9532734,26.1666235],[91.9494917,26.1638117],[91.9505059,26.1598195],[91.9473601,26.1602824],[91.9434577,26.1579229],[91.9425163,26.1557373],[91.9406832,26.1558747],[91.9413679,26.1582255],[91.9388247,26.162438],[91.9250079,26.1646433],[91.9049416,26.1587531],[91.8900895,26.158117],[91.8885153,26.1602616],[91.8830864,26.158],[91.8765759,26.158139],[91.873495,26.1566659],[91.8693599,26.1577302],[91.8715878,26.1614369],[91.8708172,26.1626871],[91.8643195,26.1611084],[91.8626564,26.157033],[91.8609252,26.1580519],[91.8540121,26.1569757],[91.8567653,26.1625895],[91.8555681,26.1658193],[91.8580799,26.1690783],[91.849349,26.1702067],[91.8461258,26.1735872],[91.8464286,26.1782887],[91.8379363,26.1805236],[91.8370911,26.1828054],[91.8403865,26.1902017],[91.8460894,26.1909622],[91.8526608,26.2005103],[91.8490616,26.2008295],[91.8397543,26.2060326],[91.8348728,26.2058523],[91.8326226,26.2036718],[91.8306183,26.2047846],[91.830511,26.2069971],[91.8244703,26.2052941],[91.8240243,26.209616],[91.8412642,26.2156196],[91.8581753,26.2169499],[91.8696778,26.2210851],[91.8709187,26.2210762],[91.8700532,26.2197583],[91.8711241,26.2183232],[91.8741513,26.2167438],[91.8843983,26.2179082],[91.8863348,26.2193929],[91.8861557,26.2216884],[91.8999169,26.2270075],[91.9021635,26.2264926],[91.9086346,26.2308914],[91.9123807,26.2401783],[91.9183425,26.2443196],[91.919134,26.2463096],[91.9246827,26.2474933],[91.926413,26.2441395],[91.9292848,26.2423063],[91.9333238,26.2430089],[91.9453014,26.2510202],[91.9530222,26.2543078]]]}},{"type":"Feature","properties":{"district":"Kamrup Metropolitan","subdistrict":"Dispur","dt_code":"322","sdt_code":"02128","dist_lgd":618,"subdt_lgd":2129,"st_nm":"ASSAM"},"geometry":{"type":"Polygon","coordinates":[[[91.8244703,26.2052941],[91.830511,26.2069971],[91.8306183,26.2047846],[91.8326226,26.2036718],[91.8348728,26.2058523],[91.8400519,26.2059816],[91.8490616,26.2008295],[91.8528115,26.2002372],[91.8460894,26.1909622],[91.8407225,26.1905629],[91.8370916,26.1833512],[91.8379363,26.1805236],[91.8464286,26.1782887],[91.8461258,26.1735872],[91.849349,26.1702067],[91.8581515,26.1687658],[91.8555681,26.1658193],[91.8567653,26.1625895],[91.8533005,26.1551539],[91.8521902,26.1330021],[91.8536488,26.1278283],[91.8497515,26.1084123],[91.8406748,26.1107038],[91.83643,26.1128555],[91.8309992,26.118369],[91.8253994,26.1194058],[91.820228,26.1164075],[91.8202298,26.1125526],[91.8170179,26.1111493],[91.8101395,26.1032904],[91.8090413,26.0977906],[91.8056228,26.0991198],[91.8029234,26.0952609],[91.8006361,26.1001345],[91.796534,26.0938309],[91.7937368,26.097465],[91.7971314,26.0979275],[91.7977202,26.1031903],[91.7996956,26.1044499],[91.7999138,26.1099989],[91.7976113,26.1123622],[91.7892291,26.1138967],[91.7907229,26.1079942],[91.7771902,26.1087282],[91.7698471,26.106236],[91.7666821,26.1035394],[91.7649533,26.104369],[91.7498495,26.1018597],[91.7381373,26.09119],[91.7408368,26.0972307],[91.7500908,26.1083373],[91.7497732,26.1099223],[91.7381505,26.1113108],[91.7322464,26.1049292],[91.7302445,26.1081089],[91.7191957,26.1084288],[91.7163306,26.1056155],[91.7155204,26.0987645],[91.7136823,26.0975747],[91.7104164,26.0993582],[91.7063573,26.109811],[91.709899,26.11269],[91.7117034,26.1182758],[91.7203835,26.122066],[91.7212207,26.1241465],[91.72001,26.1303083],[91.7246249,26.1358555],[91.7322245,26.1553178],[91.737999,26.1650459],[91.7398021,26.1661649],[91.7462806,26.1631852],[91.7485011,26.1577675],[91.7607007,26.1582874],[91.7661289,26.1607819],[91.7711968,26.1701439],[91.7749309,26.1810997],[91.8021397,26.1757212],[91.8042849,26.177495],[91.8064692,26.1855109],[91.8102871,26.1910676],[91.8157954,26.1926235],[91.8243338,26.1926746],[91.8265818,26.1942168],[91.8267926,26.1969191],[91.8211665,26.2016282],[91.8212178,26.2077398],[91.8240243,26.209616],[91.8244703,26.2052941]]]}},{"type":"Feature","properties":{"district":"Kamrup Metropolitan","subdistrict":"Guwahati","dt_code":"322","sdt_code":"02127","dist_lgd":618,"subdt_lgd":2128,"st_nm":"ASSAM"},"geometry":{"type":"Polygon","coordinates":[[[91.8174807,26.2074995],[91.8212178,26.2077398],[91.8211665,26.2016282],[91.8267926,26.1969191],[91.8268724,26.1946789],[91.8243338,26.1926746],[91.8157954,26.1926235],[91.8102871,26.1910676],[91.8064692,26.1855109],[91.8042849,26.177495],[91.8021397,26.1757212],[91.7749309,26.1810997],[91.7711968,26.1701439],[91.7661289,26.1607819],[91.7607007,26.1582874],[91.7485011,26.1577675],[91.7462806,26.1631852],[91.7398021,26.1661649],[91.737999,26.1650459],[91.7322245,26.1553178],[91.7246249,26.1358555],[91.72001,26.1303083],[91.7212207,26.1241465],[91.7203835,26.122066],[91.7117034,26.1182758],[91.709899,26.11269],[91.706467,26.1099552],[91.6993493,26.110815],[91.6918371,26.1061527],[91.6837558,26.1049164],[91.6798093,26.1083661],[91.6736159,26.1091363],[91.6721604,26.1110917],[91.6701903,26.1111574],[91.67054,26.1188788],[91.6531806,26.1241092],[91.6445789,26.1320261],[91.6376898,26.1289394],[91.6319226,26.1317818],[91.6305825,26.1312279],[91.62946,26.1300856],[91.6319174,26.1275314],[91.6302257,26.1256077],[91.6325062,26.1245791],[91.626432,26.1211919],[91.6268036,26.1310259],[91.6321561,26.1342927],[91.6395776,26.1327301],[91.6397981,26.1371186],[91.6357757,26.1398149],[91.6355084,26.1416132],[91.6446488,26.1531247],[91.6484491,26.1603822],[91.6488739,26.1648823],[91.6501969,26.1655465],[91.6556803,26.1673283],[91.6790217,26.1697719],[91.6897417,26.1728855],[91.7004468,26.1705465],[91.7100004,26.1710878],[91.7210798,26.1691353],[91.7336793,26.1772087],[91.7420755,26.1871391],[91.762041,26.1985526],[91.7677773,26.2005114],[91.769657,26.1985007],[91.7755992,26.1995296],[91.7918632,26.2058813],[91.8007435,26.2058097],[91.8159306,26.2091344],[91.8174807,26.2074995]]]}},{"type":"Feature","properties":{"district":"Kamrup Metropolitan","subdistrict":"Azara","dt_code":"322","sdt_code":"02126","dist_lgd":618,"subdt_lgd":2127,"st_nm":"ASSAM"},"geometry":{"type":"Polygon","coordinates":[[[91.6733661,26.2215782],[91.682253,26.2158566],[91.6764018,26.2125535],[91.6747383,26.2084816],[91.6691591,26.2026543],[91.6719842,26.1986508],[91.6687047,26.1960261],[91.668259,26.1933982],[91.6721292,26.188176],[91.6724894,26.1841353],[91.6851896,26.1917594],[91.686225,26.2054848],[91.6957448,26.2035701],[91.6983681,26.1970853],[91.7117882,26.1914013],[91.7140901,26.1917592],[91.7185113,26.1961088],[91.7175768,26.1980365],[91.7213948,26.2043614],[91.7297574,26.2068725],[91.7313924,26.2109209],[91.7386079,26.2101158],[91.7410081,26.2112655],[91.7442013,26.2092254],[91.7489306,26.2090434],[91.7677773,26.2005114],[91.758868,26.1972064],[91.7420755,26.1871391],[91.7336793,26.1772087],[91.7210798,26.1691353],[91.7100004,26.1710878],[91.7004468,26.1705465],[91.6897417,26.1728855],[91.6700762,26.1683026],[91.6556803,26.1673283],[91.6488739,26.1648823],[91.6484491,26.1603822],[91.6446488,26.1531247],[91.6354101,26.1412782],[91.6397981,26.1371186],[91.6395776,26.1327301],[91.6321561,26.1342927],[91.6268036,26.1310259],[91.626432,26.1211919],[91.6325062,26.1245791],[91.6302257,26.1256077],[91.6319174,26.1275314],[91.62946,26.1300856],[91.6305825,26.1312279],[91.6319226,26.1317818],[91.6367576,26.1288865],[91.6449136,26.13196],[91.6531806,26.1241092],[91.67054,26.1188788],[91.6701903,26.1111574],[91.6721604,26.1110917],[91.6736159,26.1091363],[91.6798093,26.1083661],[91.6837558,26.1049164],[91.6918371,26.1061527],[91.6993493,26.110815],[91.706467,26.1099552],[91.7097567,26.1003165],[91.7136823,26.0975747],[91.7158192,26.099208],[91.7163306,26.1056155],[91.7191957,26.1084288],[91.7302445,26.1081089],[91.7322464,26.1049292],[91.7381505,26.1113108],[91.7497732,26.1099223],[91.7500908,26.1083373],[91.7408368,26.0972307],[91.7381373,26.09119],[91.7498495,26.1018597],[91.7649533,26.104369],[91.7666821,26.1035394],[91.7698471,26.106236],[91.7771902,26.1087282],[91.7907229,26.1079942],[91.7892291,26.1138967],[91.7976113,26.1123622],[91.7999138,26.1099989],[91.7996956,26.1044499],[91.7977202,26.1031903],[91.7971314,26.0979275],[91.7937368,26.097465],[91.796534,26.0938309],[91.7913622,26.0852317],[91.785858,26.084014],[91.783323,26.0880899],[91.7772799,26.0893457],[91.7630014,26.0746147],[91.7627339,26.0723526],[91.7570749,26.0703591],[91.7555369,26.0679345],[91.7431495,26.0652988],[91.7429124,26.0630335],[91.7310612,26.0589267],[91.7307151,26.0575775],[91.7338617,26.0560588],[91.7368501,26.056562],[91.7347138,26.0536346],[91.7351913,26.0513189],[91.7329775,26.0508828],[91.7336954,26.0492034],[91.7315058,26.0478827],[91.725349,26.0461766],[91.722668,26.0349852],[91.7019387,26.0426036],[91.6873407,26.0461525],[91.6377688,26.0671287],[91.6328941,26.0705728],[91.6289348,26.0698511],[91.6240345,26.0713991],[91.625728,26.0742174],[91.6293052,26.0762649],[91.6156259,26.0722848],[91.6108578,26.0724475],[91.6106901,26.0759643],[91.6001504,26.0756113],[91.6000858,26.0673075],[91.598302,26.0610144],[91.5886988,26.0572745],[91.58626,26.0582251],[91.5850079,26.0672132],[91.5796093,26.0684669],[91.5784714,26.0590607],[91.574258,26.0602305],[91.5694197,26.0591067],[91.568022,26.0602562],[91.57147,26.0666188],[91.5711037,26.0700519],[91.5719238,26.0712754],[91.5777595,26.0720455],[91.5794534,26.0739063],[91.5803344,26.0810929],[91.5793606,26.0848972],[91.5841149,26.0884679],[91.5857731,26.0917157],[91.5713514,26.0960414],[91.572339,26.1025892],[91.5641345,26.105693],[91.5650644,26.1166943],[91.5613365,26.121682],[91.5621261,26.1273903],[91.5608172,26.1331927],[91.5615934,26.1408983],[91.5647326,26.149304],[91.6020422,26.1577939],[91.6135913,26.1636627],[91.6222596,26.1657176],[91.6322132,26.1639201],[91.6474762,26.1654343],[91.6499119,26.1667957],[91.6573194,26.1822834],[91.6548159,26.1789831],[91.6517889,26.1783499],[91.6535116,26.1870439],[91.6465031,26.1907718],[91.6436616,26.1898651],[91.6429291,26.1932354],[91.6490066,26.1976687],[91.6495032,26.2020579],[91.661501,26.2103646],[91.6644249,26.2166551],[91.664447,26.2197367],[91.6709005,26.2173136],[91.6733661,26.2215782]]]}},{"type":"Feature","properties":{"district":"Kamrup Rural","subdistrict":"Azara","dt_code":"321","sdt_code":"02124","dist_lgd":291,"subdt_lgd":2127,"st_nm":"ASSAM"},"geometry":{"type":"Polygon","coordinates":[[[91.6108578,26.0724475],[91.6170439,26.0723761],[91.6233059,26.0754533],[91.6293052,26.0762649],[91.625728,26.0742174],[91.6240345,26.0713991],[91.6289348,26.0698511],[91.6328941,26.0705728],[91.6377688,26.0671287],[91.6873407,26.0461525],[91.7231045,26.0354762],[91.7250371,26.0202037],[91.721564,26.0121906],[91.721715,26.0014988],[91.7196209,25.9929018],[91.7215349,25.9883271],[91.7200689,25.9817695],[91.7211075,25.9685473],[91.7197781,25.9658287],[91.7225232,25.9657227],[91.7202393,25.9608493],[91.720108,25.953596],[91.7164819,25.9498951],[91.7151188,25.9462882],[91.7133337,25.9457296],[91.7134809,25.9440487],[91.7023994,25.9412701],[91.7011309,25.935632],[91.6989342,25.9350102],[91.6894298,25.9246164],[91.6880848,25.9202121],[91.678835,25.9162532],[91.6706007,25.9041515],[91.6665091,25.9051683],[91.6634211,25.9077597],[91.6603167,25.9064021],[91.6566592,25.9077704],[91.6542535,25.9058077],[91.651494,25.9062821],[91.6364999,25.9213268],[91.6322077,25.9217919],[91.6305559,25.924834],[91.6252504,25.9260842],[91.6243171,25.9295684],[91.6213872,25.9322222],[91.615672,25.933612],[91.6136562,25.9360183],[91.6094721,25.937392],[91.6091602,25.9394862],[91.6118806,25.9450268],[91.6228891,25.9447896],[91.6261601,25.942187],[91.6298151,25.9432505],[91.6294011,25.9471489],[91.6343599,25.9605084],[91.6407149,25.9637584],[91.6352598,25.9705792],[91.6282522,25.976149],[91.6285269,25.9824391],[91.6260633,25.9866823],[91.6262447,25.9888685],[91.6302325,25.9901254],[91.6281587,26.0007443],[91.6302853,26.0029847],[91.6313543,26.0074978],[91.6332373,26.0084861],[91.632753,26.0111353],[91.6349008,26.0121371],[91.6315994,26.0147189],[91.6326685,26.0165512],[91.6311751,26.0177518],[91.6324039,26.0190245],[91.6310954,26.0219671],[91.62635,26.0221342],[91.6195315,26.0259568],[91.6002306,26.0216086],[91.5975341,26.0180744],[91.5938923,26.0197796],[91.5940717,26.0216797],[91.5887195,26.029563],[91.5798413,26.0332478],[91.5707278,26.0256761],[91.5691876,26.0184364],[91.572166,26.0153595],[91.5636338,26.0074943],[91.56507,26.0020113],[91.5606,26.0009244],[91.5574533,25.9927368],[91.5516989,25.9850261],[91.5512466,25.9765957],[91.5467317,25.975115],[91.544696,25.9759107],[91.5427162,25.9731747],[91.5383628,25.9714145],[91.535398,25.9667263],[91.5356206,25.9623039],[91.5303572,25.963066],[91.5286484,25.9606389],[91.5252956,25.9616289],[91.522165,25.9594723],[91.5180755,25.9597324],[91.5165756,25.9557057],[91.519816,25.9398771],[91.515148,25.9412345],[91.5138135,25.9328886],[91.5079592,25.9322792],[91.5067452,25.9284239],[91.5029139,25.9265433],[91.5012449,25.9188604],[91.5044661,25.9167238],[91.5032614,25.9137441],[91.5046711,25.9113938],[91.5095511,25.9172108],[91.5129851,25.9167803],[91.5175742,25.9193833],[91.5227645,25.9253084],[91.5325534,25.9298913],[91.536577,25.9357746],[91.5369547,25.9312119],[91.5330201,25.9265744],[91.530076,25.9258053],[91.5237873,25.9198843],[91.5209682,25.9190608],[91.5205709,25.9168084],[91.5048794,25.9077699],[91.5033909,25.9042348],[91.5042056,25.9028769],[91.4987388,25.8959942],[91.5039032,25.8911694],[91.4994274,25.8911926],[91.4919125,25.8958538],[91.4839994,25.8930371],[91.4783656,25.8874708],[91.4778358,25.880484],[91.4748089,25.8740211],[91.4760436,25.8725206],[91.4749897,25.870236],[91.4816417,25.8677616],[91.491202,25.8659447],[91.4970144,25.866416],[91.5005477,25.8648588],[91.5131377,25.865713],[91.5213108,25.8751111],[91.5222106,25.8788126],[91.5212936,25.8834606],[91.5265859,25.8910737],[91.5329899,25.8881532],[91.5351884,25.8838806],[91.5304254,25.8816344],[91.531338,25.8759122],[91.5304336,25.871254],[91.5279527,25.8731569],[91.524631,25.8721572],[91.5228242,25.8730225],[91.5180628,25.8698644],[91.514127,25.8641386],[91.5034166,25.8642474],[91.497369,25.861092],[91.4957659,25.8638189],[91.4882775,25.8630532],[91.4836593,25.8641669],[91.4779015,25.8572659],[91.4764716,25.8573121],[91.475928,25.865419],[91.4739373,25.8676955],[91.4757194,25.9065613],[91.4744887,25.919003],[91.4767998,25.9246298],[91.4725065,25.93531],[91.4728925,25.9465249],[91.4794402,25.9573276],[91.4875573,25.9629035],[91.4888597,25.9686276],[91.4979998,25.9759435],[91.4921011,25.9792896],[91.4879197,25.9851349],[91.4862435,26.0056695],[91.4818475,26.0108915],[91.4850075,26.0302091],[91.4891086,26.0416885],[91.491322,26.0577588],[91.4991746,26.0581128],[91.5053434,26.0552608],[91.5067459,26.0528828],[91.5069668,26.0435008],[91.5159018,26.040931],[91.5163873,26.0294946],[91.5176246,26.0277784],[91.521025,26.0271206],[91.5276789,26.0296332],[91.5303962,26.0333308],[91.5340632,26.0354481],[91.5554024,26.0348802],[91.5587011,26.0414991],[91.5670587,26.0499619],[91.5681149,26.0601798],[91.5706512,26.0589316],[91.574258,26.0602305],[91.5784714,26.0590607],[91.5796093,26.0684669],[91.5850079,26.0672132],[91.5857123,26.0589068],[91.5886988,26.0572745],[91.598302,26.0610144],[91.6000858,26.0673075],[91.6001504,26.0756113],[91.6106901,26.0759643],[91.6108578,26.0724475]]]}},{"type":"Feature","properties":{"district":"Kamrup Metropolitan","subdistrict":"Sonapur","dt_code":"322","sdt_code":"02130","dist_lgd":618,"subdt_lgd":2130,"st_nm":"ASSAM"},"geometry":{"type":"Polygon","coordinates":[[[91.9886441,26.2110983],[92.0014372,26.204223],[92.0142818,26.207041],[92.0171609,26.2046469],[92.0179743,26.201556],[92.0198409,26.2009933],[92.024442,26.2025357],[92.0275229,26.2092624],[92.0308242,26.2101042],[92.0363453,26.2067817],[92.0377768,26.1995888],[92.0406242,26.1984894],[92.0448944,26.2012811],[92.0443653,26.2133397],[92.0460688,26.2155586],[92.0608714,26.1959281],[92.0641184,26.1952165],[92.0699904,26.1971236],[92.0763443,26.1956774],[92.0787117,26.1929207],[92.0790443,26.1871892],[92.0817513,26.1851683],[92.0851474,26.1859456],[92.0897731,26.1898147],[92.0934049,26.1890981],[92.093336,26.1853973],[92.0799539,26.177342],[92.0898176,26.1764424],[92.1066092,26.172109],[92.1296861,26.1805909],[92.1322719,26.1721515],[92.1496954,26.1615262],[92.1514109,26.1621398],[92.1525575,26.169171],[92.1546784,26.1708766],[92.157164,26.1700096],[92.1621885,26.1632254],[92.1643038,26.1625344],[92.1669698,26.1639915],[92.1660716,26.1541622],[92.1620584,26.1450015],[92.1634568,26.1218038],[92.1687378,26.1117969],[92.1711036,26.1013077],[92.1681629,26.0920546],[92.1711335,26.0849343],[92.175316,26.081338],[92.1761332,26.0779506],[92.1691498,26.0775525],[92.1571338,26.070091],[92.1547094,26.0671535],[92.1526806,26.0671404],[92.1451437,26.0597221],[92.1433943,26.056044],[92.1375432,26.0550383],[92.1342103,26.052448],[92.1326159,26.0442387],[92.1282144,26.0456786],[92.1214047,26.0438824],[92.1199009,26.0459629],[92.1088038,26.0506783],[92.0972876,26.0492234],[92.0779148,26.0422863],[92.0667923,26.0350792],[92.0638054,26.0340445],[92.0579551,26.0348227],[92.0514269,26.0327886],[92.0481399,26.0327734],[92.0406889,26.0365062],[92.0363328,26.0362102],[92.0343974,26.0389169],[92.03062,26.0395825],[92.024042,26.0378089],[92.0184454,26.0391904],[92.016499,26.0370453],[92.0132704,26.0384419],[92.0104445,26.036648],[92.0088108,26.0368182],[92.0084144,26.0385734],[92.0062162,26.0385536],[92.004111,26.0355687],[91.9992151,26.0357902],[91.9947564,26.038489],[91.9890562,26.0385297],[91.9854621,26.0310272],[91.9861745,26.0289777],[91.983569,26.0258024],[91.9789748,26.0274757],[91.9750115,26.0251091],[91.9731657,26.0221136],[91.9619503,26.0202569],[91.9619143,26.0189165],[91.9513721,26.0146575],[91.9477962,26.0152912],[91.9471755,26.0131749],[91.933973,26.0102745],[91.931277,26.0124103],[91.9298758,26.0068686],[91.9282321,26.0055198],[91.9282706,26.002356],[91.9252828,25.9996131],[91.9202729,25.9977553],[91.9143952,25.9987997],[91.9122796,26.0049201],[91.9143031,26.0068827],[91.9102427,26.0076511],[91.910653,26.0098985],[91.913325,26.0095052],[91.9097548,26.0126744],[91.9147899,26.0139909],[91.912987,26.0147135],[91.9146923,26.0204989],[91.9085135,26.0209699],[91.9051826,26.0238726],[91.902305,26.0223748],[91.8978295,26.0233955],[91.8887438,26.0278693],[91.8857966,26.0280411],[91.883044,26.0261006],[91.8789331,26.0311511],[91.8791553,26.0343667],[91.8770846,26.035747],[91.8751682,26.0351136],[91.8761979,26.0364063],[91.8730952,26.0388055],[91.8747527,26.0430159],[91.8720209,26.0446188],[91.8709471,26.0427112],[91.867298,26.0420176],[91.8719241,26.0509583],[91.8702802,26.0545056],[91.8726483,26.0679052],[91.8747371,26.0711185],[91.8776107,26.0821442],[91.8784506,26.0897803],[91.8769749,26.0924682],[91.8796754,26.0966718],[91.8736374,26.10063],[91.8685841,26.1001153],[91.8663846,26.1013564],[91.86576,26.1004175],[91.8634504,26.102868],[91.8607162,26.1028903],[91.8497515,26.1084123],[91.8536488,26.1278283],[91.8521902,26.1330021],[91.8535947,26.1561825],[91.8609252,26.1580519],[91.8626564,26.157033],[91.8643195,26.1611084],[91.8704866,26.162649],[91.8715878,26.1614369],[91.8693599,26.1577302],[91.873495,26.1566659],[91.8765759,26.158139],[91.8830864,26.158],[91.8885153,26.1602616],[91.8900895,26.158117],[91.9049416,26.1587531],[91.9250079,26.1646433],[91.9388247,26.162438],[91.9413679,26.1582255],[91.9406832,26.1558747],[91.9425163,26.1557373],[91.9434577,26.1579229],[91.9473601,26.1602824],[91.9505059,26.1598195],[91.9494917,26.1638117],[91.9532734,26.1666235],[91.9452475,26.1774412],[91.9380679,26.1910546],[91.9412757,26.1915447],[91.9449084,26.1901422],[91.9602227,26.1784919],[91.976127,26.1826878],[91.9823673,26.1915642],[91.989944,26.1980963],[91.9857306,26.2021253],[91.9728118,26.2053715],[91.9689584,26.2106132],[91.9605777,26.212557],[91.962438,26.22104],[91.957949,26.2241815],[91.9597311,26.2293575],[91.9670024,26.2272112],[91.9886441,26.2110983]]]}},{"type":"Feature","properties":{"district":"West Karbi Anglong","subdistrict":"Sarupathar","dt_code":"759","sdt_code":"02087","dist_lgd":710,"subdt_lgd":0,"st_nm":"ASSAM"},"geometry":{"type":"Polygon","coordinates":[[[92.5227,26.151572],[92.525994,26.153154],[92.5288914,26.150877],[92.5271286,26.148091],[92.5266251,26.1406125],[92.5226371,26.1326756],[92.5176282,26.1160184],[92.5192911,26.1125987],[92.5196556,26.1024308],[92.5224549,26.1023202],[92.526572,26.0985456],[92.5291536,26.1014991],[92.5306883,26.1014009],[92.5305,26.0994195],[92.5331719,26.0960997],[92.5363805,26.0964628],[92.5384317,26.1002912],[92.5430426,26.1041392],[92.5448936,26.108816],[92.5476717,26.1107446],[92.5630254,26.1157351],[92.5705337,26.1166816],[92.5735191,26.1146248],[92.5770116,26.1077616],[92.5746082,26.0948487],[92.5824729,26.0884699],[92.5956848,26.0807606],[92.5960174,26.0709265],[92.5888693,26.0626159],[92.584191,26.0529384],[92.5832255,26.0432482],[92.5794976,26.0332775],[92.5815074,26.0293472],[92.5907346,26.0275988],[92.5932037,26.0230953],[92.5944324,26.02361],[92.5937886,26.0214752],[92.5709945,26.0144317],[92.5662263,26.0107243],[92.5671401,26.001906],[92.5589679,25.9933908],[92.5458575,25.9715645],[92.5513211,25.9660476],[92.5603977,25.9650362],[92.5660857,25.9616582],[92.5750104,25.9662864],[92.5880255,25.9637713],[92.5959025,25.9780162],[92.6007472,25.9758642],[92.6061516,25.9784779],[92.6111976,25.9775709],[92.6153339,25.9840056],[92.6206557,25.9841717],[92.6335242,25.9901695],[92.6340245,25.9938745],[92.6369284,25.9958347],[92.6362878,25.9983302],[92.638732,25.9975785],[92.6437812,25.9997771],[92.6547589,25.9996945],[92.6574242,26.0079769],[92.6546651,26.0132619],[92.6562757,26.0169538],[92.6544674,26.0196713],[92.6655683,26.0238294],[92.6649943,26.0250933],[92.6669385,26.0284506],[92.6707002,26.0288151],[92.6727187,26.0249348],[92.6781934,26.0271445],[92.6788865,26.0242423],[92.6836685,26.0277067],[92.6873344,26.0261392],[92.6866342,26.0244787],[92.688697,26.0240807],[92.6900793,26.0212865],[92.6922429,26.0227523],[92.6939951,26.0207342],[92.6949254,26.0228098],[92.6988749,26.0199421],[92.7037762,26.0218668],[92.7061523,26.019469],[92.708061,26.0202759],[92.7096226,26.0175942],[92.7110263,26.0177604],[92.7107727,26.0193311],[92.7133092,26.0180615],[92.7124576,26.0217086],[92.7148412,26.0228942],[92.7113517,26.0259787],[92.7164897,26.0297713],[92.7150881,26.0328005],[92.7168141,26.0361933],[92.713317,26.0361187],[92.7122541,26.0377666],[92.7100604,26.0370187],[92.7112953,26.0383448],[92.710487,26.039776],[92.712006,26.0402039],[92.708867,26.0452378],[92.7139889,26.0535301],[92.7162732,26.054657],[92.7173551,26.0582984],[92.7478939,26.0616253],[92.7469315,26.0593458],[92.7533606,26.0567716],[92.7549592,26.05235],[92.753898,26.0494516],[92.7458721,26.0409501],[92.7458946,26.0385161],[92.7556189,26.0378633],[92.765295,26.0284298],[92.757974,26.0213246],[92.7586902,26.0146276],[92.7609639,26.0136276],[92.7661004,26.0169083],[92.7725831,26.0176444],[92.7796139,26.0142825],[92.7826243,26.0099339],[92.782322,26.0070768],[92.7797212,26.0054458],[92.7626437,26.00699],[92.7570893,26.0027069],[92.7570461,26.0009558],[92.7599244,25.9990933],[92.7674102,25.9984174],[92.7753227,26.0003667],[92.7776274,25.9993921],[92.7791285,25.9959424],[92.7776202,25.9937809],[92.7649543,25.9954532],[92.7590936,25.9910796],[92.7591917,25.9883249],[92.7609409,25.9872622],[92.766132,25.9920344],[92.7704814,25.9897821],[92.7702755,25.9882997],[92.7621227,25.984142],[92.7624508,25.9818848],[92.7676431,25.9791149],[92.7695938,25.9751489],[92.7618273,25.9670504],[92.7619669,25.9620159],[92.775473,25.948191],[92.7784403,25.9490823],[92.7832552,25.9557136],[92.794742,25.964733],[92.7980375,25.9642267],[92.8060376,25.9582309],[92.807381,25.9551477],[92.8063657,25.9533228],[92.7992511,25.9578808],[92.7941379,25.9570003],[92.7931323,25.9531754],[92.7957115,25.9446925],[92.7898259,25.9386227],[92.7910252,25.935562],[92.7976824,25.9297729],[92.7984167,25.9226724],[92.8004912,25.9186377],[92.8043514,25.9178405],[92.8122977,25.92395],[92.8169915,25.924339],[92.8217298,25.9231598],[92.8299781,25.9149547],[92.833589,25.9135825],[92.838801,25.9178024],[92.8454975,25.9206358],[92.8504401,25.9252432],[92.854889,25.9246624],[92.8562197,25.9197885],[92.847615,25.9100237],[92.8474746,25.9042319],[92.848832,25.8997119],[92.8551707,25.8910072],[92.8579774,25.8842441],[92.8655499,25.8782257],[92.8651491,25.8708477],[92.8694554,25.8680104],[92.8786625,25.8670917],[92.885932,25.8689518],[92.8876945,25.8660179],[92.8898142,25.8653011],[92.9820041,25.8755521],[92.9984098,25.8501712],[93.0131629,25.8397131],[93.028183,25.8129756],[93.0509476,25.7906112],[93.0753921,25.7829109],[93.0737579,25.7791895],[93.0702865,25.778739],[93.0675026,25.7764929],[93.0642083,25.7772859],[93.060095,25.7730939],[93.0576379,25.7723932],[93.0582542,25.7753677],[93.0558155,25.7773253],[93.0564625,25.778937],[93.0591492,25.7792903],[93.0584503,25.7810095],[93.0551851,25.7810395],[93.0520659,25.7787135],[93.0528997,25.7846444],[93.0350892,25.7954343],[93.0250741,25.7942496],[93.0186312,25.8012855],[93.0165931,25.800097],[93.0116028,25.7895905],[93.0059725,25.7864942],[93.0032406,25.7865054],[92.9994266,25.7938364],[92.9982352,25.8076862],[93.0066907,25.82484],[93.0060105,25.8267304],[92.995428,25.8251572],[92.9897958,25.8224003],[92.9860066,25.8136991],[92.9808791,25.8087037],[92.9825573,25.805065],[92.986063,25.8038765],[92.9875253,25.800906],[92.9856751,25.7823826],[92.9832633,25.7802895],[92.9796205,25.7811726],[92.9819847,25.7891354],[92.9803741,25.7905248],[92.9703721,25.7825218],[92.9673586,25.7818996],[92.9697025,25.7912397],[92.9589585,25.7985345],[92.9564017,25.8034689],[92.9599703,25.809753],[92.9670437,25.8149914],[92.9662216,25.8177226],[92.9618192,25.8168956],[92.9559021,25.8084982],[92.9477955,25.8082814],[92.9440348,25.8032232],[92.9286308,25.8067824],[92.9326659,25.8008324],[92.928454,25.7941041],[92.9278937,25.7806465],[92.9243188,25.7732601],[92.8836149,25.7565885],[92.8680924,25.7533786],[92.8431068,25.751146],[92.8294217,25.7423769],[92.8206117,25.7411456],[92.8221596,25.7255572],[92.8211575,25.7169677],[92.8176084,25.7111034],[92.8147399,25.7091297],[92.8134188,25.7019393],[92.8059373,25.7005363],[92.8016048,25.6981779],[92.8004883,25.6918766],[92.7987115,25.6897859],[92.7850296,25.6820143],[92.7787502,25.6802633],[92.7764063,25.6779868],[92.774529,25.6720954],[92.7891053,25.6612779],[92.7892866,25.6587325],[92.7831566,25.6464926],[92.7795074,25.6456821],[92.7756675,25.6409899],[92.7715809,25.6396734],[92.7662454,25.6323574],[92.7586312,25.6291827],[92.7585353,25.6256396],[92.7624774,25.6215357],[92.7681718,25.6198839],[92.7686888,25.6180722],[92.7640478,25.6143855],[92.7581719,25.6160957],[92.7543622,25.6150768],[92.7496934,25.6089708],[92.7505278,25.602754],[92.7494781,25.5991307],[92.7449731,25.5979322],[92.739028,25.5932504],[92.7200441,25.588587],[92.7153104,25.5902607],[92.7129719,25.598814],[92.6966551,25.5993742],[92.6843264,25.5903134],[92.6799176,25.58501],[92.6787058,25.5807978],[92.6828671,25.5792655],[92.6826816,25.5766829],[92.6650369,25.5726344],[92.6586701,25.5734508],[92.6586516,25.5781268],[92.6533794,25.5906121],[92.64898,25.5920933],[92.6417079,25.5885107],[92.6354463,25.5827024],[92.6301705,25.5716674],[92.6220492,25.5651546],[92.6098583,25.5624142],[92.6024593,25.5622192],[92.6014103,25.5572272],[92.5972913,25.5531012],[92.5948189,25.5515932],[92.5891267,25.5525082],[92.5844803,25.5503585],[92.5823582,25.5576291],[92.5754218,25.5585116],[92.5724915,25.5573506],[92.5567259,25.5709613],[92.5562201,25.5766525],[92.5587711,25.5801246],[92.5549415,25.584573],[92.5543172,25.5882964],[92.5546714,25.5953284],[92.5565871,25.5964757],[92.5533164,25.5973904],[92.5543853,25.5995709],[92.5521736,25.6025442],[92.555484,25.601783],[92.5556385,25.6102818],[92.556733,25.6114107],[92.5541037,25.6130343],[92.5541674,25.6148036],[92.5392205,25.6115821],[92.5381599,25.6119967],[92.5388607,25.6135769],[92.5358493,25.6131463],[92.5333838,25.6149456],[92.5164284,25.615056],[92.5150714,25.6183407],[92.5094835,25.6155923],[92.5056297,25.6163114],[92.5060876,25.6214028],[92.4971993,25.6243872],[92.4703335,25.6751516],[92.4679679,25.6755233],[92.4633339,25.6794211],[92.4632654,25.6810054],[92.4553186,25.6849186],[92.450313,25.6852914],[92.4406483,25.6916013],[92.4378912,25.7058016],[92.4403636,25.7082422],[92.4439899,25.7073605],[92.4476975,25.709006],[92.4442911,25.7196953],[92.4329397,25.7269578],[92.4311783,25.7321759],[92.4260407,25.7318258],[92.4220536,25.7298954],[92.4116494,25.7300338],[92.4091193,25.7337535],[92.4145777,25.7399579],[92.4143241,25.7414609],[92.4071781,25.7418689],[92.4080258,25.743489],[92.4066207,25.7445997],[92.3976646,25.7404536],[92.387838,25.7441513],[92.381778,25.742044],[92.3820474,25.7463226],[92.3854342,25.750508],[92.384318,25.7544628],[92.3786935,25.7483944],[92.3737597,25.7504073],[92.3689406,25.7472885],[92.3642669,25.7373545],[92.3609333,25.7366546],[92.3532437,25.7397543],[92.3458311,25.7291828],[92.3335104,25.7241159],[92.3241577,25.7247223],[92.316949,25.7224223],[92.3113408,25.7278947],[92.3021269,25.7208631],[92.2971499,25.7199759],[92.293012,25.7164533],[92.2771542,25.7154686],[92.2712787,25.7112627],[92.2643706,25.7090912],[92.2548514,25.7125951],[92.2511366,25.7108183],[92.2473428,25.7131394],[92.2387553,25.7105957],[92.234453,25.7075796],[92.2328549,25.7088626],[92.2316806,25.7159404],[92.2250343,25.7160896],[92.2211309,25.7132713],[92.2168547,25.7048116],[92.2098562,25.6991651],[92.2080852,25.695569],[92.2008103,25.6922692],[92.1966174,25.686422],[92.187745,25.6840836],[92.1799669,25.678066],[92.17748,25.6743117],[92.1734306,25.6741417],[92.1701957,25.667129],[92.1648567,25.666634],[92.1561477,25.6721831],[92.1596004,25.6762399],[92.1605341,25.6841155],[92.1559786,25.691672],[92.1568364,25.6958241],[92.1546452,25.6978827],[92.1547768,25.7062143],[92.152406,25.7086069],[92.1508265,25.7077812],[92.1477281,25.7094607],[92.144894,25.7133291],[92.1442469,25.7168135],[92.1481746,25.7252709],[92.1544478,25.7250126],[92.1619104,25.7366327],[92.1627091,25.7408569],[92.1628247,25.7438715],[92.1555557,25.7511225],[92.1554327,25.7573961],[92.1502457,25.7636075],[92.1509193,25.76655],[92.1478153,25.7729505],[92.1481993,25.7744624],[92.1521177,25.7760323],[92.1526565,25.778],[92.1498803,25.7794764],[92.1505786,25.7813629],[92.1463618,25.7841167],[92.1499584,25.7948939],[92.1484437,25.7995925],[92.1486993,25.8059427],[92.1525848,25.8117777],[92.1511,25.8166388],[92.1557479,25.8188855],[92.1569504,25.8215751],[92.1602311,25.8197871],[92.1612786,25.8205947],[92.1607957,25.8233434],[92.1623478,25.8272426],[92.1608079,25.8306098],[92.16417,25.83301],[92.1620163,25.8355426],[92.1662255,25.8352931],[92.1698077,25.8388576],[92.173008,25.8471836],[92.1726051,25.8499006],[92.1775039,25.8515012],[92.1775867,25.8581041],[92.1800958,25.8582295],[92.1792793,25.86152],[92.1774938,25.8622337],[92.1762044,25.8681963],[92.177244,25.8727498],[92.1836268,25.8768815],[92.1875483,25.8772047],[92.1990105,25.8889879],[92.2069267,25.8930953],[92.2084626,25.8918442],[92.2149817,25.8952974],[92.2157039,25.8999456],[92.2208537,25.9002582],[92.2228149,25.9063904],[92.2255619,25.9091687],[92.2172698,25.9114985],[92.2044277,25.9091412],[92.202275,25.9063261],[92.2010488,25.9084525],[92.1940442,25.911674],[92.1963323,25.9157483],[92.1945274,25.9184571],[92.1894697,25.9145691],[92.1860771,25.9166331],[92.1817326,25.9112597],[92.1765571,25.9104222],[92.1775695,25.9088512],[92.1755478,25.907367],[92.1624245,25.9111577],[92.1544848,25.9112092],[92.154715,25.9139442],[92.1568213,25.9146342],[92.1609276,25.9281504],[92.1592172,25.9332191],[92.1601512,25.9353221],[92.1525153,25.9395933],[92.1524365,25.9443186],[92.1570953,25.949192],[92.1572958,25.952631],[92.164052,25.9578149],[92.1615216,25.9602482],[92.1621278,25.9665575],[92.164211,25.9702759],[92.16932,25.9733794],[92.1755368,25.9746141],[92.1794932,25.9784442],[92.181389,25.9853262],[92.1884594,25.9845469],[92.1985487,25.9882204],[92.1963081,25.9908482],[92.1975439,25.9945619],[92.2010051,25.9951559],[92.2038508,26.0012246],[92.2091523,25.9979179],[92.211904,26.0045507],[92.2191103,26.0038917],[92.2203154,26.0056872],[92.2247957,26.0059866],[92.2277497,26.008557],[92.2338734,26.0091166],[92.2350401,26.0122343],[92.2445212,26.0181931],[92.242855,26.0203879],[92.2437303,26.0215245],[92.248584,26.0233826],[92.2532937,26.0289965],[92.2568108,26.028697],[92.2634655,26.0331297],[92.2650813,26.0361006],[92.2610794,26.0416352],[92.269012,26.0428191],[92.270032,26.0474549],[92.2681399,26.051434],[92.2635654,26.0543145],[92.264561,26.0583681],[92.2694907,26.0605651],[92.2710314,26.0643348],[92.2739593,26.0646482],[92.2763947,26.0673138],[92.2826128,26.069716],[92.2867642,26.0774009],[92.2902711,26.0781217],[92.2944745,26.0819587],[92.2966464,26.0823807],[92.2988947,26.0773879],[92.3007968,26.0777025],[92.3044214,26.0851448],[92.3122735,26.0821707],[92.3144561,26.0848028],[92.3223923,26.085244],[92.3234064,26.086332],[92.330717,26.0772588],[92.3388421,26.0796803],[92.347072,26.0835412],[92.3480112,26.0852563],[92.3544834,26.0848018],[92.3562568,26.0887601],[92.35962,26.0916129],[92.359856,26.0850554],[92.3627052,26.082032],[92.361811,26.0794323],[92.3628858,26.077582],[92.3795324,26.0912984],[92.3841909,26.1003652],[92.3953293,26.1135654],[92.4072669,26.1137577],[92.4112556,26.1117845],[92.4131263,26.1155888],[92.425136,26.1071323],[92.4273569,26.0987958],[92.435344,26.0979625],[92.4414307,26.0955952],[92.4440163,26.0982027],[92.4494157,26.1000776],[92.4538791,26.1156231],[92.4593594,26.1176556],[92.4681533,26.1179934],[92.4788509,26.1289578],[92.4823695,26.139155],[92.4864509,26.1450792],[92.4866443,26.1494975],[92.5012554,26.1489229],[92.5079351,26.1412099],[92.5199439,26.1513967],[92.5193066,26.1547602],[92.5222817,26.1551597],[92.5227,26.151572]]]}},{"type":"Feature","properties":{"district":"Hojai","subdistrict":"Hojai","dt_code":"757","sdt_code":"02038","dist_lgd":709,"subdt_lgd":2038,"st_nm":"ASSAM"},"geometry":{"type":"Polygon","coordinates":[[[92.8782162,26.09529],[92.8706645,26.0925636],[92.880403,26.0796382],[92.8854791,26.0793062],[92.8862257,26.0696053],[92.8958488,26.0701108],[92.8982856,26.0644843],[92.9044946,26.0616923],[92.9094626,26.0573373],[92.9079599,26.0540861],[92.9086863,26.0518456],[92.9119432,26.046181],[92.9231528,26.0155815],[92.9237976,26.0004174],[92.9145184,25.9991094],[92.9178154,25.9890492],[92.9117548,25.9837974],[92.913189,25.9736434],[92.910871,25.9662755],[92.8987581,25.9486213],[92.9056634,25.9446347],[92.9014658,25.9411511],[92.8997538,25.9371353],[92.9003216,25.9318178],[92.8777217,25.9318881],[92.8696167,25.9331802],[92.855793,25.9317082],[92.8550534,25.9293861],[92.8572491,25.9239309],[92.8651214,25.9144561],[92.8709536,25.9100647],[92.8678011,25.9090981],[92.859854,25.9083277],[92.8476863,25.9101428],[92.8562197,25.9197885],[92.855544,25.9239056],[92.8524259,25.9257625],[92.8425487,25.9189044],[92.838801,25.9178024],[92.8343973,25.9137105],[92.8299781,25.9149547],[92.8217298,25.9231598],[92.8169915,25.924339],[92.8122977,25.92395],[92.8043514,25.9178405],[92.8019769,25.9176771],[92.7987032,25.9216522],[92.7976824,25.9297729],[92.7910252,25.935562],[92.7898259,25.9386227],[92.7957115,25.9446925],[92.7931323,25.9531754],[92.7941379,25.9570003],[92.7992511,25.9578808],[92.8063657,25.9533228],[92.807381,25.9551477],[92.8060376,25.9582309],[92.7980375,25.9642267],[92.794742,25.964733],[92.7832552,25.9557136],[92.7784403,25.9490823],[92.775473,25.948191],[92.7619669,25.9620159],[92.7618273,25.9670504],[92.7695938,25.9751489],[92.7676431,25.9791149],[92.7624508,25.9818848],[92.7621227,25.984142],[92.7702755,25.9882997],[92.7704814,25.9897821],[92.766132,25.9920344],[92.7609409,25.9872622],[92.7591917,25.9883249],[92.7590936,25.9910796],[92.7649543,25.9954532],[92.7776202,25.9937809],[92.7791285,25.9959424],[92.7776274,25.9993921],[92.7753227,26.0003667],[92.7674102,25.9984174],[92.7599244,25.9990933],[92.7570461,26.0009558],[92.7570893,26.0027069],[92.7626437,26.00699],[92.7797212,26.0054458],[92.782322,26.0070768],[92.7826243,26.0099339],[92.7796139,26.0142825],[92.7725831,26.0176444],[92.7661004,26.0169083],[92.7609639,26.0136276],[92.7586902,26.0146276],[92.757974,26.0213246],[92.7650164,26.02722],[92.7650244,26.0292194],[92.7556189,26.0378633],[92.7517561,26.038907],[92.7466587,26.0379555],[92.7455904,26.0393247],[92.7483102,26.0443753],[92.7542373,26.0499033],[92.7550034,26.0530812],[92.7537038,26.0563547],[92.75756,26.0589995],[92.75786,26.0635626],[92.7506801,26.0755031],[92.7436441,26.0748521],[92.7362201,26.0699918],[92.7331196,26.0704913],[92.7320016,26.0726461],[92.7326709,26.0761549],[92.7389079,26.0834744],[92.739306,26.0856333],[92.7362509,26.0878822],[92.730446,26.0880227],[92.7300916,26.0897584],[92.740735,26.0940004],[92.7408815,26.0923971],[92.7443588,26.0922496],[92.7487085,26.0962497],[92.7589484,26.0955933],[92.7604304,26.0971183],[92.7588222,26.102251],[92.7606637,26.1028203],[92.7625651,26.0988912],[92.768719,26.0956137],[92.7697816,26.0925937],[92.7724308,26.0936455],[92.7772113,26.0904985],[92.7896415,26.0862747],[92.7944921,26.0828463],[92.7989272,26.0830651],[92.8056873,26.0780559],[92.8102371,26.0805602],[92.8138411,26.0790615],[92.8145296,26.076583],[92.816615,26.0792219],[92.817852,26.0767513],[92.8262354,26.0808476],[92.8280578,26.0874605],[92.8269484,26.0942898],[92.8353809,26.0951385],[92.8392365,26.0984442],[92.8445508,26.097506],[92.8557261,26.1007322],[92.8599036,26.095268],[92.8641203,26.0953898],[92.8627287,26.1002268],[92.8656332,26.1082391],[92.8682667,26.1103213],[92.8740767,26.1085054],[92.8766046,26.1050675],[92.8782162,26.09529]]]}},{"type":"Feature","properties":{"district":"Nagaon","subdistrict":"Kampur","dt_code":"305","sdt_code":"02037","dist_lgd":297,"subdt_lgd":2037,"st_nm":"ASSAM"},"geometry":{"type":"Polygon","coordinates":[[[92.7077976,26.225629],[92.7123128,26.2218642],[92.715162,26.2236482],[92.72269,26.2206642],[92.730083,26.2229917],[92.7367831,26.2168437],[92.74497,26.2153154],[92.7559583,26.2108529],[92.7683341,26.2016149],[92.7759954,26.2014637],[92.7758259,26.196245],[92.7808841,26.1917382],[92.7785327,26.1868009],[92.7644783,26.186331],[92.7543206,26.1785371],[92.7546512,26.1757666],[92.7602566,26.1714309],[92.7617939,26.1570029],[92.7608575,26.1548063],[92.7576288,26.1532205],[92.7518654,26.1421406],[92.744188,26.1420526],[92.735515,26.1458026],[92.7273842,26.1464968],[92.7226267,26.1507806],[92.7141335,26.1444485],[92.7059542,26.1421313],[92.702925,26.1318311],[92.7024036,26.1276236],[92.7038966,26.1250818],[92.7173178,26.1226745],[92.7321591,26.1152303],[92.7327557,26.1112027],[92.7315101,26.1076645],[92.723111,26.1007554],[92.7274244,26.0998601],[92.734146,26.1035151],[92.7377419,26.1039443],[92.7405113,26.1022776],[92.7416714,26.0983846],[92.740735,26.0940004],[92.7300916,26.0897584],[92.730446,26.0880227],[92.7362509,26.0878822],[92.739306,26.0856333],[92.7389079,26.0834744],[92.7326709,26.0761549],[92.7321345,26.0719388],[92.7353372,26.0697773],[92.7436441,26.0748521],[92.7510092,26.0753942],[92.75786,26.0635626],[92.75756,26.0589995],[92.7537038,26.0563547],[92.7476257,26.0586903],[92.7467322,26.0599194],[92.7478939,26.0616253],[92.7467942,26.0618385],[92.7173551,26.0582984],[92.7162732,26.054657],[92.7139889,26.0535301],[92.708867,26.0452378],[92.712006,26.0402039],[92.710487,26.039776],[92.7112953,26.0383448],[92.7100604,26.0370187],[92.7122541,26.0377666],[92.713317,26.0361187],[92.7168141,26.0361933],[92.7150881,26.0328005],[92.7164897,26.0297713],[92.7113517,26.0259787],[92.7148412,26.0228942],[92.7124576,26.0217086],[92.7133092,26.0180615],[92.7107727,26.0193311],[92.7110263,26.0177604],[92.7096226,26.0175942],[92.708061,26.0202759],[92.7061523,26.019469],[92.7037762,26.0218668],[92.6988749,26.0199421],[92.6949254,26.0228098],[92.6939951,26.0207342],[92.6922429,26.0227523],[92.6900793,26.0212865],[92.688697,26.0240807],[92.6866342,26.0244787],[92.6873344,26.0261392],[92.6836685,26.0277067],[92.6788865,26.0242423],[92.6781934,26.0271445],[92.6727187,26.0249348],[92.6707002,26.0288151],[92.6669385,26.0284506],[92.6649943,26.0250933],[92.6655683,26.0238294],[92.6544674,26.0196713],[92.6562757,26.0169538],[92.6546651,26.0132619],[92.6574242,26.0079769],[92.6547589,25.9996945],[92.6437812,25.9997771],[92.638732,25.9975785],[92.6362878,25.9983302],[92.6369284,25.9958347],[92.6340245,25.9938745],[92.6335242,25.9901695],[92.6206557,25.9841717],[92.6153339,25.9840056],[92.6111976,25.9775709],[92.6061516,25.9784779],[92.6007472,25.9758642],[92.5959025,25.9780162],[92.5880255,25.9637713],[92.5750104,25.9662864],[92.5660857,25.9616582],[92.5603977,25.9650362],[92.5513211,25.9660476],[92.5458575,25.9715645],[92.5589679,25.9933908],[92.5671401,26.001906],[92.5662263,26.0107243],[92.5709945,26.0144317],[92.5937886,26.0214752],[92.5944324,26.02361],[92.5932037,26.0230953],[92.5904048,26.0277613],[92.5815074,26.0293472],[92.5794976,26.0332775],[92.5832255,26.0432482],[92.584191,26.0529384],[92.5888693,26.0626159],[92.5960174,26.0709265],[92.5956848,26.0807606],[92.5824729,26.0884699],[92.5746082,26.0948487],[92.5744116,26.0982876],[92.577187,26.1065837],[92.5724537,26.1158429],[92.5638974,26.1158775],[92.569744,26.1412498],[92.574474,26.153668],[92.5778636,26.1563503],[92.5841213,26.1541979],[92.5871154,26.1577581],[92.5973006,26.153718],[92.599978,26.1584656],[92.5985257,26.1613651],[92.6006688,26.1642822],[92.5824323,26.1727866],[92.5763322,26.1779244],[92.5854104,26.1892438],[92.5914791,26.1925389],[92.5958272,26.1983318],[92.6012057,26.2008096],[92.6055275,26.2001943],[92.6068956,26.2153002],[92.6089819,26.2160775],[92.6111839,26.2150319],[92.6126227,26.2202365],[92.6188603,26.2173073],[92.6261626,26.2159475],[92.6302604,26.2125913],[92.6338558,26.214658],[92.6360257,26.2140342],[92.6354378,26.217283],[92.6365809,26.217638],[92.6383529,26.2143952],[92.6468889,26.211135],[92.6506466,26.210564],[92.655602,26.2120846],[92.6591338,26.2081562],[92.6684588,26.2091486],[92.6722796,26.205862],[92.6795789,26.2084325],[92.6913845,26.2162351],[92.6994499,26.2182479],[92.7077976,26.225629]]]}},{"type":"Feature","properties":{"district":"Morigaon","subdistrict":"Mikirbheta","dt_code":"304","sdt_code":"02030","dist_lgd":296,"subdt_lgd":2030,"st_nm":"ASSAM"},"geometry":{"type":"Polygon","coordinates":[[[92.5452062,26.3825543],[92.5514546,26.3821652],[92.5534564,26.3781453],[92.553243,26.3751711],[92.5668173,26.3721901],[92.5636076,26.3601797],[92.5680631,26.3374362],[92.5656012,26.3331704],[92.5615746,26.3329293],[92.5600941,26.3211994],[92.5567137,26.3131961],[92.5526107,26.3083651],[92.5293693,26.2878075],[92.5101016,26.2758062],[92.4993776,26.2721666],[92.4950013,26.2725016],[92.4935126,26.2745411],[92.4851973,26.2747311],[92.443801,26.2722114],[92.4438957,26.2701191],[92.4325676,26.2696634],[92.4320613,26.2681923],[92.4256886,26.2666466],[92.4240429,26.2697927],[92.4217857,26.270732],[92.4191975,26.2701506],[92.4185014,26.2679878],[92.4090611,26.2684145],[92.4066401,26.2764714],[92.4020974,26.2792551],[92.3905034,26.2962826],[92.3886099,26.2979744],[92.3767367,26.3014653],[92.3779827,26.3117151],[92.3720024,26.3165935],[92.3678594,26.3256351],[92.3677107,26.3337621],[92.3727052,26.3362913],[92.3698873,26.3403207],[92.3745989,26.3428093],[92.3761976,26.3420219],[92.3757306,26.3383159],[92.3806091,26.3428671],[92.3838524,26.3406909],[92.3877285,26.3467683],[92.3823723,26.3459039],[92.3787818,26.3523855],[92.3820934,26.3516193],[92.3836368,26.3534784],[92.3905044,26.3544429],[92.3931478,26.3497034],[92.3968025,26.355295],[92.3935784,26.3583821],[92.3989535,26.3679888],[92.4012678,26.368088],[92.4021645,26.3640534],[92.4042351,26.362379],[92.4095074,26.3620226],[92.4165868,26.3651394],[92.4163336,26.3611334],[92.418715,26.3608495],[92.4247477,26.3621934],[92.4222971,26.3681762],[92.4245681,26.3713925],[92.4280242,26.3731617],[92.4304383,26.3724975],[92.4266656,26.3678597],[92.4277859,26.3646879],[92.4293684,26.3687139],[92.4388706,26.3669814],[92.4420132,26.3702822],[92.4455377,26.3676036],[92.4558717,26.373032],[92.4624043,26.3721664],[92.4681977,26.374433],[92.4771672,26.3699593],[92.4845403,26.368194],[92.4858536,26.3634184],[92.4876605,26.367086],[92.4942367,26.3704025],[92.4938299,26.3745051],[92.5018235,26.3777481],[92.5030617,26.3825625],[92.505238,26.3815465],[92.5039862,26.3740384],[92.506157,26.3721351],[92.5078776,26.3730457],[92.5090405,26.3773386],[92.5264565,26.3771987],[92.5280179,26.3735263],[92.5452062,26.3825543]]]}},{"type":"Feature","properties":{"district":"Nagaon","subdistrict":"Raha","dt_code":"305","sdt_code":"02036","dist_lgd":297,"subdt_lgd":2036,"st_nm":"ASSAM"},"geometry":{"type":"Polygon","coordinates":[[[92.6544329,26.276493],[92.6540892,26.2722325],[92.6417555,26.2649492],[92.6402446,26.2603541],[92.6437804,26.2541297],[92.6440719,26.2505459],[92.6416297,26.2463507],[92.6440989,26.2389542],[92.6426322,26.2372641],[92.6379756,26.2376592],[92.6367767,26.2365744],[92.6389837,26.2292335],[92.6383594,26.2189369],[92.6441397,26.2124032],[92.6383529,26.2143952],[92.6369523,26.2175482],[92.6354378,26.217283],[92.6360257,26.2140342],[92.6338558,26.214658],[92.6302604,26.2125913],[92.6261626,26.2159475],[92.6188603,26.2173073],[92.6129694,26.2202085],[92.6111839,26.2150319],[92.6073266,26.21577],[92.6055275,26.2001943],[92.6012057,26.2008096],[92.5958272,26.1983318],[92.5914791,26.1925389],[92.5854104,26.1892438],[92.5760849,26.1773428],[92.5824323,26.1727866],[92.6006688,26.1642822],[92.5985257,26.1613651],[92.599978,26.1584656],[92.5982359,26.1548955],[92.5955489,26.1540275],[92.5871154,26.1577581],[92.5841213,26.1541979],[92.5778636,26.1563503],[92.5746396,26.1538301],[92.569744,26.1412498],[92.5638974,26.1158775],[92.5456179,26.1095249],[92.5430426,26.1041392],[92.5384317,26.1002912],[92.5366902,26.0965623],[92.5331719,26.0960997],[92.5305,26.0994195],[92.5306883,26.1014009],[92.5291536,26.1014991],[92.526572,26.0985456],[92.5233852,26.1017432],[92.5190348,26.1033872],[92.5192911,26.1125987],[92.5176282,26.1160184],[92.5226371,26.1326756],[92.5266251,26.1406125],[92.5271286,26.148091],[92.5288914,26.150877],[92.525994,26.153154],[92.5227,26.151572],[92.5218364,26.1553984],[92.5193066,26.1547602],[92.5199439,26.1513967],[92.5087533,26.1412704],[92.5063197,26.1421274],[92.5012554,26.1489229],[92.4866443,26.1494975],[92.4864509,26.1450792],[92.4823695,26.139155],[92.4788509,26.1289578],[92.4681533,26.1179934],[92.4593594,26.1176556],[92.4538791,26.1156231],[92.4494157,26.1000776],[92.4440163,26.0982027],[92.4414307,26.0955952],[92.435344,26.0979625],[92.4273569,26.0987958],[92.425136,26.1071323],[92.4178691,26.1112684],[92.4144261,26.1156154],[92.4129214,26.1155526],[92.4112556,26.1117845],[92.4072669,26.1137577],[92.3953293,26.1135654],[92.4005546,26.1213904],[92.4041243,26.1223782],[92.4084988,26.1259772],[92.3997815,26.1316353],[92.3989376,26.1380667],[92.4007874,26.1389404],[92.402338,26.1430573],[92.404722,26.1431895],[92.4175658,26.1519085],[92.4223228,26.176079],[92.4277539,26.1842368],[92.4277046,26.1887874],[92.4300005,26.1904848],[92.4271396,26.1940608],[92.4302655,26.207857],[92.4290736,26.2194049],[92.4264795,26.2231135],[92.4254615,26.2316238],[92.4229752,26.2361973],[92.4174481,26.240579],[92.4077022,26.2445657],[92.4138405,26.2500492],[92.413191,26.2539504],[92.4191975,26.2701506],[92.4240429,26.2697927],[92.4256886,26.2666466],[92.4320613,26.2681923],[92.4325676,26.2696634],[92.4397905,26.2691235],[92.4438957,26.2701191],[92.443801,26.2722114],[92.4523037,26.2730566],[92.4851973,26.2747311],[92.4935126,26.2745411],[92.4950013,26.2725016],[92.5014801,26.2724456],[92.5197234,26.2807782],[92.5294352,26.2878952],[92.5308469,26.2843437],[92.5358386,26.280167],[92.5488826,26.2845861],[92.5567333,26.2894611],[92.5661084,26.2842322],[92.5720832,26.2894125],[92.5787656,26.2981036],[92.5866493,26.2998512],[92.5879664,26.2992173],[92.5882378,26.296587],[92.5975634,26.2960859],[92.5964388,26.2920727],[92.6008446,26.290746],[92.6000184,26.2839315],[92.6023592,26.2822118],[92.6062664,26.2750089],[92.6135812,26.2769267],[92.6209203,26.2765387],[92.6277924,26.2787567],[92.6291777,26.2816906],[92.627218,26.2851077],[92.6282193,26.2881415],[92.6299731,26.2900586],[92.6354157,26.2915065],[92.6379962,26.2977644],[92.6445231,26.3017446],[92.6490211,26.3027458],[92.6509902,26.3018796],[92.653318,26.2964504],[92.6474571,26.2945977],[92.645922,26.2873872],[92.6544329,26.276493]]]}},{"type":"Feature","properties":{"district":"Nagaon","subdistrict":"Nagaon","dt_code":"305","sdt_code":"02035","dist_lgd":297,"subdt_lgd":2035,"st_nm":"ASSAM"},"geometry":{"type":"Polygon","coordinates":[[[92.6178192,26.3861078],[92.6242683,26.3890564],[92.6346002,26.3912421],[92.6393204,26.3888167],[92.6448494,26.3911779],[92.6452864,26.3931857],[92.6420779,26.4008093],[92.6457505,26.406343],[92.6622481,26.4025789],[92.6627912,26.4013938],[92.6686911,26.402627],[92.6673544,26.3982691],[92.6687473,26.3962543],[92.6784843,26.3995152],[92.6797556,26.4037111],[92.6813874,26.4044297],[92.6900266,26.4043232],[92.6909819,26.4034794],[92.6896731,26.397499],[92.6904681,26.3941142],[92.6924803,26.3929715],[92.7006918,26.3942613],[92.7067114,26.3821931],[92.7166044,26.3767046],[92.7250992,26.3812902],[92.7400945,26.3818966],[92.7452813,26.3784932],[92.7586291,26.3618219],[92.7598393,26.3611696],[92.7640911,26.36444],[92.772178,26.3565413],[92.775731,26.3500776],[92.7708914,26.3475367],[92.7712366,26.3415913],[92.7640416,26.3419249],[92.7623803,26.3404432],[92.7634412,26.3387813],[92.7603274,26.3378868],[92.7658569,26.3332198],[92.7721824,26.3350432],[92.7792534,26.3334847],[92.7913948,26.3129064],[92.7861602,26.3097173],[92.7797288,26.2984098],[92.7784384,26.2987284],[92.7755213,26.2960301],[92.7797283,26.2899806],[92.7827212,26.2821999],[92.7830742,26.2777434],[92.7814009,26.2766035],[92.7817967,26.275379],[92.7944005,26.2547611],[92.7948724,26.2510184],[92.8030567,26.2441729],[92.8020077,26.2356591],[92.7997258,26.2336327],[92.7956782,26.2342207],[92.7939022,26.2273843],[92.7940041,26.2260561],[92.7997157,26.2260553],[92.8002342,26.2227769],[92.7944715,26.2213345],[92.7932662,26.2164251],[92.7954641,26.2074409],[92.7941403,26.2047864],[92.8020583,26.2016688],[92.7859007,26.196543],[92.7834635,26.1986573],[92.7763177,26.1994225],[92.7759954,26.2014637],[92.7683341,26.2016149],[92.7559583,26.2108529],[92.74497,26.2153154],[92.7367831,26.2168437],[92.730083,26.2229917],[92.72269,26.2206642],[92.715162,26.2236482],[92.7123128,26.2218642],[92.7083602,26.2256958],[92.6994499,26.2182479],[92.6913845,26.2162351],[92.6747729,26.2063808],[92.6722796,26.205862],[92.6695511,26.2086707],[92.6665646,26.2094152],[92.6591338,26.2081562],[92.655602,26.2120846],[92.649813,26.2105088],[92.6446163,26.2121904],[92.6383594,26.2189369],[92.6389837,26.2292335],[92.6367767,26.2365744],[92.6379756,26.2376592],[92.6426322,26.2372641],[92.6440989,26.2389542],[92.6416297,26.2463507],[92.6441014,26.2514159],[92.6433251,26.256183],[92.6405769,26.2585809],[92.6413092,26.2642195],[92.6459064,26.2681483],[92.6531013,26.2711792],[92.6545932,26.2735394],[92.6541146,26.277961],[92.645922,26.2873872],[92.6474571,26.2945977],[92.653318,26.2964504],[92.6497523,26.3027159],[92.6399439,26.2992988],[92.6374983,26.2970249],[92.6378404,26.2953714],[92.6354157,26.2915065],[92.629513,26.2896985],[92.627218,26.2851077],[92.6289493,26.2807384],[92.6277924,26.2787567],[92.6237921,26.2770419],[92.6135812,26.2769267],[92.6062664,26.2750089],[92.6023592,26.2822118],[92.6000184,26.2839315],[92.6008446,26.290746],[92.5964388,26.2920727],[92.5975634,26.2960859],[92.5882378,26.296587],[92.5879664,26.2992173],[92.5866493,26.2998512],[92.5787656,26.2981036],[92.5720832,26.2894125],[92.5661084,26.2842322],[92.5567333,26.2894611],[92.5466339,26.2836065],[92.5371836,26.2803104],[92.5338771,26.281167],[92.5298047,26.2856301],[92.5294352,26.2878952],[92.5567137,26.3131961],[92.5600941,26.3211994],[92.5615746,26.3329293],[92.5656012,26.3331704],[92.5680631,26.3374362],[92.5636076,26.3601797],[92.5668173,26.3721901],[92.5603196,26.3736382],[92.563574,26.382251],[92.572959,26.3839636],[92.5734678,26.390988],[92.5764366,26.3947071],[92.5776646,26.3999284],[92.5943043,26.4080351],[92.6014092,26.4081851],[92.6108716,26.391204],[92.6178192,26.3861078]]]}},{"type":"Feature","properties":{"district":"Nagaon","subdistrict":"Samaguri","dt_code":"305","sdt_code":"02032","dist_lgd":297,"subdt_lgd":2032,"st_nm":"ASSAM"},"geometry":{"type":"Polygon","coordinates":[[[92.9006534,26.4859755],[92.895469,26.482947],[92.8983194,26.4792638],[92.9163365,26.4710224],[92.9200402,26.4714906],[92.9246742,26.4745356],[92.9246164,26.4765263],[92.9362371,26.4803339],[92.9414333,26.4842422],[92.9471286,26.4844092],[92.9405213,26.4742594],[92.925732,26.4577938],[92.9248315,26.454033],[92.92729,26.4528415],[92.9306488,26.454185],[92.9341629,26.4580586],[92.9431311,26.4569438],[92.9442266,26.4611339],[92.9464881,26.4617986],[92.9499208,26.4573105],[92.9496409,26.4557391],[92.9533948,26.4550208],[92.9567923,26.4518719],[92.9576649,26.4482159],[92.9648891,26.4457653],[92.9615382,26.4433352],[92.9557513,26.4433925],[92.9486587,26.4394353],[92.9469813,26.4364435],[92.934737,26.4355662],[92.9278356,26.4328755],[92.9131391,26.4304611],[92.9118753,26.4235765],[92.9123646,26.4148539],[92.9179407,26.4143787],[92.9217185,26.4190076],[92.9318702,26.42132],[92.9375203,26.4166743],[92.9437794,26.416947],[92.9610082,26.4246339],[92.9625789,26.4165591],[92.9467886,26.4079809],[92.9417588,26.4006702],[92.9381332,26.4038636],[92.9260876,26.3964668],[92.9202848,26.3966581],[92.9209245,26.3916892],[92.91868,26.3930302],[92.9126417,26.3927745],[92.9109335,26.3946928],[92.9106841,26.399242],[92.9085635,26.3957629],[92.9058075,26.3961832],[92.9068406,26.3998746],[92.9050667,26.4000689],[92.9048516,26.4019057],[92.9018547,26.4014279],[92.9003252,26.3957959],[92.8932284,26.386455],[92.8917102,26.386762],[92.8917456,26.3899075],[92.8889592,26.3878769],[92.8791363,26.3879298],[92.8770902,26.3856962],[92.8734358,26.3748038],[92.8698471,26.3705132],[92.8700844,26.366289],[92.8727365,26.3613741],[92.8760026,26.3589203],[92.8846753,26.3589684],[92.8891586,26.3613283],[92.8943487,26.3539643],[92.9007433,26.3495037],[92.9073124,26.3503253],[92.9203314,26.3556804],[92.9277246,26.3542746],[92.931996,26.3507981],[92.9344314,26.3527739],[92.9359587,26.3517172],[92.9395462,26.3531348],[92.940963,26.3518551],[92.9398529,26.3477081],[92.9407284,26.3440567],[92.9450692,26.3405708],[92.94544,26.3319147],[92.9430985,26.3272087],[92.9301536,26.318409],[92.9284904,26.3191362],[92.9280247,26.3169837],[92.921378,26.3131813],[92.9174872,26.3133674],[92.9179542,26.3170725],[92.9135625,26.3175384],[92.8985843,26.308995],[92.8943203,26.3048421],[92.8922506,26.2884466],[92.8886608,26.2868131],[92.8835843,26.2873865],[92.8797101,26.2837265],[92.8662929,26.2938791],[92.8619756,26.2928824],[92.8606134,26.2951748],[92.8575442,26.2956979],[92.8542952,26.2937071],[92.8530426,26.297922],[92.8487611,26.2999791],[92.8556402,26.3025303],[92.8526304,26.3048584],[92.8507979,26.30447],[92.8509836,26.3027144],[92.8472624,26.3059359],[92.8439879,26.3051093],[92.8412064,26.297635],[92.8411327,26.2932123],[92.8447032,26.2907852],[92.8433572,26.2882711],[92.8400686,26.2887937],[92.8415672,26.2838343],[92.8368716,26.2828898],[92.8331532,26.279919],[92.8300519,26.2738435],[92.8188007,26.2700257],[92.8184665,26.2678683],[92.8215507,26.2663035],[92.8183926,26.2655079],[92.8194247,26.2637032],[92.8138743,26.2625544],[92.8173891,26.2607508],[92.8161797,26.2571398],[92.817227,26.2549153],[92.8154703,26.2546934],[92.8127831,26.2451701],[92.8133767,26.2397186],[92.8163129,26.2384954],[92.8150438,26.2328617],[92.8247463,26.2298578],[92.8270403,26.225111],[92.8151324,26.2140491],[92.793771,26.2195297],[92.7956802,26.2220867],[92.8002342,26.2227769],[92.7997157,26.2260553],[92.7940041,26.2260561],[92.7939022,26.2273843],[92.7956782,26.2342207],[92.7997258,26.2336327],[92.8020077,26.2356591],[92.8030567,26.2441729],[92.7948724,26.2510184],[92.7944005,26.2547611],[92.7817967,26.275379],[92.7814009,26.2766035],[92.7830742,26.2777434],[92.7827212,26.2821999],[92.7797283,26.2899806],[92.7755213,26.2960301],[92.7784384,26.2987284],[92.7797288,26.2984098],[92.7861602,26.3097173],[92.7913948,26.3129064],[92.7792534,26.3334847],[92.7721824,26.3350432],[92.7658569,26.3332198],[92.7603274,26.3378868],[92.7634412,26.3387813],[92.7623803,26.3404432],[92.7640416,26.3419249],[92.7712366,26.3415913],[92.7708914,26.3475367],[92.775731,26.3500776],[92.7741506,26.3545492],[92.7640911,26.36444],[92.7598393,26.3611696],[92.7586291,26.3618219],[92.7427198,26.3807457],[92.7400945,26.3818966],[92.7250992,26.3812902],[92.7166044,26.3767046],[92.7067114,26.3821931],[92.7006918,26.3942613],[92.6978859,26.3943885],[92.7147624,26.4004265],[92.7186075,26.3989122],[92.7168258,26.395939],[92.719957,26.3963036],[92.7207412,26.3981185],[92.7180832,26.4028587],[92.7124899,26.4057664],[92.7155581,26.4093513],[92.7244226,26.4037944],[92.7306653,26.4046121],[92.733498,26.4064922],[92.7350165,26.4098353],[92.7322006,26.4142979],[92.7396597,26.4154215],[92.7388042,26.4199462],[92.7403989,26.4214817],[92.7528596,26.4239074],[92.7548036,26.4222958],[92.7555553,26.4161952],[92.7573886,26.4166845],[92.7632936,26.4230446],[92.7618708,26.4306503],[92.7678148,26.4327792],[92.7736438,26.4326292],[92.7823078,26.4371564],[92.7901272,26.4382821],[92.7917085,26.4544917],[92.7778331,26.4536117],[92.7792545,26.4451323],[92.7775031,26.4457082],[92.7723132,26.4429997],[92.7694706,26.4456781],[92.7685887,26.4497208],[92.7773767,26.4529409],[92.7764179,26.4605383],[92.7778527,26.4621834],[92.7938054,26.4627516],[92.8007449,26.4656691],[92.7983994,26.4754167],[92.8107523,26.4727056],[92.8273162,26.4656505],[92.8322773,26.4650471],[92.8407486,26.471892],[92.8525647,26.4755875],[92.8616551,26.4845976],[92.8687599,26.4753735],[92.872345,26.4767852],[92.8736052,26.4788119],[92.8797021,26.473064],[92.8807503,26.4778671],[92.8800853,26.4876206],[92.885285,26.4846154],[92.8929794,26.4911577],[92.8974256,26.4928586],[92.9009446,26.4881983],[92.9006534,26.4859755]]]}},{"type":"Feature","properties":{"district":"Nagaon","subdistrict":"Rupahi","dt_code":"305","sdt_code":"02033","dist_lgd":297,"subdt_lgd":2033,"st_nm":"ASSAM"},"geometry":{"type":"Polygon","coordinates":[[[92.8409519,26.5841009],[92.85122,26.5850267],[92.8504883,26.5668749],[92.8483971,26.5613309],[92.8402317,26.5512242],[92.8304164,26.5462828],[92.8282453,26.5363707],[92.8393334,26.5290252],[92.84975,26.517245],[92.8531882,26.5170308],[92.8578218,26.5189883],[92.8684149,26.5168334],[92.8782685,26.5173041],[92.8765081,26.5107497],[92.8775551,26.5019235],[92.8766773,26.4948048],[92.8713743,26.4831352],[92.8736054,26.4788117],[92.872345,26.4767852],[92.8696518,26.4752611],[92.8676786,26.4761599],[92.8616551,26.4845976],[92.8525647,26.4755875],[92.8427229,26.472911],[92.835291,26.466562],[92.8305208,26.464901],[92.8107523,26.4727056],[92.7983994,26.4754167],[92.8007449,26.4656691],[92.7938054,26.4627516],[92.7778527,26.4621834],[92.7764179,26.4605383],[92.7773767,26.4529409],[92.7685887,26.4497208],[92.7694706,26.4456781],[92.7723132,26.4429997],[92.7775031,26.4457082],[92.7792545,26.4451323],[92.7778331,26.4536117],[92.7917085,26.4544917],[92.7901272,26.4382821],[92.7823078,26.4371564],[92.7736438,26.4326292],[92.7678148,26.4327792],[92.7618708,26.4306503],[92.7632936,26.4230446],[92.7573886,26.4166845],[92.7555553,26.4161952],[92.7548036,26.4222958],[92.7528596,26.4239074],[92.7403989,26.4214817],[92.7388042,26.4199462],[92.7396597,26.4154215],[92.7322006,26.4142979],[92.7350165,26.4098353],[92.733498,26.4064922],[92.7306653,26.4046121],[92.7244226,26.4037944],[92.7155581,26.4093513],[92.7124899,26.4057664],[92.7163273,26.4046014],[92.7187793,26.4018722],[92.7207337,26.3974025],[92.718564,26.3957006],[92.7164091,26.3962829],[92.7186075,26.3989122],[92.7147624,26.4004265],[92.6913041,26.3930246],[92.6896731,26.397499],[92.6909819,26.4034794],[92.6813874,26.4044297],[92.6797556,26.4037111],[92.6784843,26.3995152],[92.6687473,26.3962543],[92.6673544,26.3982691],[92.6686911,26.402627],[92.6627912,26.4013938],[92.6622481,26.4025789],[92.6468968,26.4064629],[92.6436172,26.4043877],[92.6420779,26.4008093],[92.6452864,26.3931857],[92.643316,26.3904936],[92.6393204,26.3888167],[92.6346002,26.3912421],[92.6242683,26.3890564],[92.6178755,26.3860834],[92.6108716,26.391204],[92.6028003,26.4069661],[92.5996231,26.4085343],[92.6013989,26.4103146],[92.6005315,26.4145058],[92.6090308,26.4159597],[92.6097894,26.4291006],[92.6117265,26.4304978],[92.6160274,26.43058],[92.6210669,26.4341257],[92.6177905,26.4428392],[92.6110705,26.4519325],[92.610159,26.4560391],[92.6132397,26.4714869],[92.6165073,26.4762806],[92.6175905,26.4852984],[92.6039222,26.4840553],[92.6033594,26.5022127],[92.6046279,26.5091255],[92.6117733,26.5125371],[92.6308499,26.5176762],[92.6515053,26.5170312],[92.6632795,26.5219462],[92.6763197,26.511321],[92.6871598,26.5092994],[92.6918148,26.5114576],[92.7073754,26.5304904],[92.7208109,26.5359104],[92.7253086,26.5331929],[92.7248266,26.5221613],[92.7297603,26.516518],[92.7340986,26.5147472],[92.7416419,26.5143581],[92.7467565,26.5109165],[92.7530479,26.5119934],[92.7563418,26.5136163],[92.7574379,26.5159414],[92.7564,26.524894],[92.7647996,26.5332454],[92.7645945,26.5378167],[92.7669187,26.5468487],[92.7712556,26.5557199],[92.7854318,26.5554772],[92.7945686,26.5570264],[92.8134865,26.5663238],[92.8310608,26.5796346],[92.8409519,26.5841009]]]}},{"type":"Feature","properties":{"district":"Sonitpur","subdistrict":"Tezpur","dt_code":"306","sdt_code":"02043","dist_lgd":301,"subdt_lgd":2043,"st_nm":"ASSAM"},"geometry":{"type":"Polygon","coordinates":[[[92.7687993,26.7249799],[92.7756847,26.7156641],[92.7795233,26.7175957],[92.7913808,26.7191111],[92.7932068,26.7145527],[92.7902177,26.7106123],[92.7963813,26.7057803],[92.8001254,26.7088553],[92.8020953,26.7158081],[92.8087031,26.7148533],[92.8204351,26.7184056],[92.8252695,26.7173872],[92.8271628,26.715075],[92.8273152,26.7100582],[92.8384443,26.7097395],[92.8402795,26.7084823],[92.8426117,26.7007266],[92.8413278,26.6960982],[92.8428418,26.690003],[92.8460203,26.6860361],[92.846265,26.6817276],[92.8534705,26.6818389],[92.8603933,26.6848042],[92.8664947,26.6877366],[92.8743174,26.6950731],[92.8845971,26.6958743],[92.8813792,26.6982101],[92.8836246,26.7021342],[92.8949445,26.6960378],[92.9038828,26.6845775],[92.9079522,26.6741181],[92.9142649,26.6656475],[92.9176824,26.6577804],[92.9202699,26.6440211],[92.930671,26.6202186],[92.9342027,26.61515],[92.9310659,26.6126358],[92.9250121,26.6025021],[92.9169474,26.594959],[92.9093975,26.5941123],[92.8928276,26.595726],[92.877151,26.5849139],[92.8691755,26.5816868],[92.8554273,26.5850518],[92.8420309,26.5844216],[92.8287476,26.5781807],[92.812438,26.565687],[92.7946639,26.5570625],[92.7854318,26.5554772],[92.7714462,26.5558509],[92.7669187,26.5468487],[92.7645945,26.5378167],[92.7647996,26.5332454],[92.7564,26.524894],[92.7574379,26.5159414],[92.7563418,26.5136163],[92.7530479,26.5119934],[92.7467565,26.5109165],[92.7416419,26.5143581],[92.7340986,26.5147472],[92.7297603,26.516518],[92.7248266,26.5221613],[92.7253086,26.5331929],[92.7208109,26.5359104],[92.7073754,26.5304904],[92.6918148,26.5114576],[92.6871598,26.5092994],[92.6763197,26.511321],[92.6632795,26.5219462],[92.6515053,26.5170312],[92.6308499,26.5176762],[92.6117733,26.5125371],[92.6038221,26.5088592],[92.5924182,26.5068575],[92.5939525,26.5336892],[92.5990657,26.5372853],[92.5918604,26.5407196],[92.5887797,26.5438892],[92.5874747,26.5573101],[92.5784722,26.5691252],[92.5780934,26.5721448],[92.5837924,26.5763056],[92.5851296,26.5791191],[92.5793717,26.5872594],[92.5776144,26.59236],[92.5834058,26.6088279],[92.5876976,26.6124905],[92.6003989,26.6171736],[92.6119527,26.6354325],[92.6210572,26.6373473],[92.6300737,26.6323394],[92.6319057,26.6325311],[92.6354619,26.6364332],[92.6300195,26.6431908],[92.6287071,26.6474407],[92.6264885,26.6456498],[92.6255068,26.6464084],[92.6263531,26.6510954],[92.6242321,26.6533045],[92.6265349,26.6545137],[92.6260872,26.6591014],[92.6353306,26.6601211],[92.6349251,26.6875764],[92.6250248,26.6884734],[92.6344958,26.6955207],[92.6373985,26.6958297],[92.6400866,26.6924877],[92.6412448,26.6927338],[92.6410588,26.69726],[92.6421283,26.6976372],[92.6682394,26.6980674],[92.6689246,26.6964973],[92.672836,26.6954291],[92.6830359,26.6956844],[92.6831771,26.7036791],[92.6844729,26.7045316],[92.6922373,26.7045672],[92.7179177,26.6985756],[92.7171292,26.7015068],[92.7194521,26.703049],[92.7166124,26.7041455],[92.7164539,26.706755],[92.7277216,26.7140896],[92.7357271,26.7137627],[92.7459816,26.722479],[92.7535351,26.7235462],[92.7640473,26.720985],[92.7687993,26.7249799]]]}},{"type":"Feature","properties":{"district":"Nagaon","subdistrict":"Dhing","dt_code":"305","sdt_code":"02034","dist_lgd":297,"subdt_lgd":2034,"st_nm":"ASSAM"},"geometry":{"type":"Polygon","coordinates":[[[92.4420533,26.519755],[92.4528497,26.514038],[92.4540322,26.506665],[92.4580614,26.499528],[92.4622762,26.4971406],[92.4744386,26.4957203],[92.4843595,26.4972891],[92.4928378,26.5020259],[92.5225881,26.5081012],[92.5485433,26.5055361],[92.562287,26.5066538],[92.5748071,26.4995475],[92.584388,26.5020319],[92.5906802,26.5012573],[92.590553,26.503169],[92.5880177,26.5049956],[92.5888009,26.5059699],[92.6046279,26.5091255],[92.6033594,26.5022127],[92.6039222,26.4840553],[92.6175905,26.4852984],[92.6165073,26.4762806],[92.6132397,26.4714869],[92.610159,26.4560391],[92.6110705,26.4519325],[92.6177905,26.4428392],[92.6210669,26.4341257],[92.6160274,26.43058],[92.6105193,26.4301655],[92.6090308,26.4159597],[92.6005315,26.4145058],[92.6010131,26.4093871],[92.5898483,26.4064794],[92.5776646,26.3999284],[92.5764366,26.3947071],[92.5734678,26.390988],[92.572959,26.3839636],[92.563574,26.382251],[92.5603196,26.3736382],[92.553243,26.3751711],[92.5534564,26.3781453],[92.5514546,26.3821652],[92.549025,26.3814238],[92.5459626,26.3827804],[92.5280179,26.3735263],[92.5264565,26.3771987],[92.5097068,26.3773842],[92.5078776,26.3730457],[92.506157,26.3721351],[92.5041122,26.3734353],[92.5053743,26.3807735],[92.5036244,26.3826579],[92.5021519,26.3816883],[92.5018235,26.3777481],[92.4938299,26.3745051],[92.4942367,26.3704025],[92.4876605,26.367086],[92.4858536,26.3634184],[92.4845403,26.368194],[92.4756396,26.370547],[92.469831,26.3743327],[92.4624043,26.3721664],[92.4558717,26.373032],[92.4455377,26.3676036],[92.4406244,26.3702819],[92.4400179,26.3792856],[92.441411,26.3891232],[92.4334945,26.3902592],[92.433323,26.3986488],[92.43115,26.3988845],[92.4339618,26.4130085],[92.4320514,26.4131134],[92.4293138,26.4108253],[92.4242935,26.4136055],[92.4274479,26.417153],[92.4250799,26.4178651],[92.4271309,26.4190492],[92.4261664,26.4212474],[92.4277077,26.4228228],[92.4267811,26.4253481],[92.4280124,26.4277422],[92.4418924,26.4363689],[92.4389684,26.4430809],[92.4410685,26.4518757],[92.4364978,26.455172],[92.4263718,26.471544],[92.4284248,26.4765075],[92.4197855,26.4789787],[92.4219551,26.4878189],[92.4193031,26.4907666],[92.4195297,26.4932215],[92.4168332,26.4988047],[92.419523,26.509027],[92.4189856,26.5170792],[92.4277584,26.5194932],[92.4420533,26.519755]]]}},{"type":"Feature","properties":{"district":"Darrang","subdistrict":"Dalgaon (Pt)","dt_code":"325","sdt_code":"02149","dist_lgd":283,"subdt_lgd":2149,"st_nm":"ASSAM"},"geometry":{"type":"Polygon","coordinates":[[[92.1810214,26.6596445],[92.1811503,26.6415883],[92.2062664,26.6417307],[92.2063288,26.6327025],[92.2013373,26.6281603],[92.1963147,26.628132],[92.1963463,26.6236179],[92.2013687,26.6236462],[92.2064223,26.6191602],[92.2114446,26.6191882],[92.2115065,26.6101599],[92.2215503,26.6102152],[92.2216419,26.5966728],[92.2266936,26.5921861],[92.2317147,26.5922133],[92.2318352,26.5741566],[92.2369153,26.5651553],[92.2369452,26.5606411],[92.2319556,26.5561],[92.2319857,26.5515858],[92.237005,26.5516127],[92.2419947,26.5561537],[92.2570534,26.556233],[92.2569951,26.5652614],[92.2519459,26.5697493],[92.2519165,26.5742635],[92.2468667,26.5787512],[92.2468371,26.5832654],[92.2417867,26.5877529],[92.2467781,26.5922938],[92.2417272,26.5967813],[92.2466894,26.6058362],[92.2516817,26.6103769],[92.2767914,26.6105067],[92.2767346,26.6195351],[92.2716551,26.6285378],[92.2714832,26.6556228],[92.2765072,26.6556484],[92.2815594,26.6511598],[92.2865831,26.6511851],[92.2866112,26.6466709],[92.3018465,26.6196605],[92.3018739,26.6151463],[92.3119183,26.6151953],[92.3119724,26.6061668],[92.317021,26.6016768],[92.3169942,26.606191],[92.322016,26.606215],[92.3220426,26.6017008],[92.3270642,26.6017246],[92.327117,26.5926961],[92.3371855,26.588229],[92.3321907,26.5836913],[92.332243,26.5746628],[92.3598557,26.5747896],[92.3581,26.5619143],[92.3692932,26.5569734],[92.3767788,26.5492425],[92.3817973,26.5387279],[92.3818449,26.5298551],[92.3731989,26.5231627],[92.3570758,26.5230909],[92.3465466,26.5208249],[92.3410131,26.5124811],[92.344135,26.5047064],[92.3401571,26.5004317],[92.3117925,26.4855434],[92.3007771,26.4748304],[92.2948061,26.4663171],[92.2812677,26.4541142],[92.2750874,26.4509933],[92.2558049,26.4516974],[92.2447008,26.4460147],[92.238533,26.4393857],[92.2342356,26.4274841],[92.2209437,26.4167394],[92.2162858,26.4146304],[92.2080259,26.4142926],[92.2000915,26.4211476],[92.181974,26.4243601],[92.1757181,26.4231034],[92.1597962,26.4145367],[92.1534268,26.421433],[92.1514844,26.4328812],[92.1475571,26.4422727],[92.1435089,26.4466098],[92.1177317,26.4434737],[92.1060563,26.436534],[92.0944088,26.4343894],[92.085405,26.4269319],[92.0824804,26.428683],[92.0744554,26.4298191],[92.0615241,26.4216442],[92.0583891,26.4222791],[92.055449,26.4261859],[92.0548662,26.4299125],[92.0563808,26.4324511],[92.0685024,26.4340016],[92.0730459,26.4371918],[92.0755648,26.4393578],[92.0751184,26.4421221],[92.0833754,26.4543297],[92.0820055,26.4569356],[92.0822614,26.4636514],[92.0653685,26.4538473],[92.0598082,26.4521243],[92.0547143,26.4528649],[92.0538995,26.4687228],[92.0597127,26.4693162],[92.0627881,26.4725974],[92.0588532,26.4779386],[92.0592009,26.4828363],[92.0618829,26.482854],[92.0619195,26.47834],[92.0669718,26.4738588],[92.0719876,26.4738915],[92.0769673,26.478438],[92.0769313,26.4829521],[92.0718789,26.4874336],[92.0668626,26.4874009],[92.0667532,26.5009429],[92.0617363,26.50091],[92.0566825,26.505391],[92.0566456,26.509905],[92.0716976,26.5100037],[92.0766427,26.5190643],[92.0815527,26.5326387],[92.0764621,26.5416343],[92.0965369,26.541763],[92.1015205,26.5463087],[92.1014853,26.5508228],[92.1165428,26.5509169],[92.1165082,26.5554309],[92.111454,26.5599138],[92.116439,26.564459],[92.1164043,26.5689731],[92.1062944,26.5779385],[92.0962538,26.5778751],[92.086249,26.573297],[92.0811929,26.5777787],[92.0660954,26.5821947],[92.0661686,26.5731668],[92.060687,26.5755199],[92.053901,26.5742193],[92.0420321,26.5746661],[92.0263877,26.5680859],[92.0225441,26.5631008],[92.0234924,26.5540559],[92.0213193,26.5542462],[92.0208733,26.5864051],[92.0258938,26.5864395],[92.0358972,26.5910218],[92.040918,26.5910557],[92.0358215,26.6000496],[92.0307623,26.6045294],[92.0458265,26.6046312],[92.045789,26.6091452],[92.0407298,26.6136253],[92.0457141,26.618173],[92.0557581,26.61824],[92.0607432,26.6227872],[92.0708242,26.6183392],[92.0758463,26.6183719],[92.0807961,26.6274324],[92.0757373,26.6319138],[92.075701,26.6364277],[92.0806877,26.6409742],[92.10078,26.6411027],[92.110896,26.6321379],[92.1159187,26.6321692],[92.1259298,26.6367453],[92.1258955,26.6412593],[92.1559679,26.6504695],[92.1709735,26.6595863],[92.1810214,26.6596445]]]}},{"type":"Feature","properties":{"district":"Morigaon","subdistrict":"Laharighat","dt_code":"304","sdt_code":"02028","dist_lgd":296,"subdt_lgd":2028,"st_nm":"ASSAM"},"geometry":{"type":"Polygon","coordinates":[[[92.4190148,26.5169149],[92.419523,26.509027],[92.4168332,26.4988047],[92.4195297,26.4932215],[92.4193031,26.4907666],[92.4219551,26.4878189],[92.4197855,26.4789787],[92.4284248,26.4765075],[92.4263718,26.471544],[92.4364978,26.455172],[92.4410685,26.4518757],[92.4389684,26.4430809],[92.4418924,26.4363689],[92.4280124,26.4277422],[92.4267811,26.4253481],[92.4277077,26.4228228],[92.4261664,26.4212474],[92.4271309,26.4190492],[92.4250799,26.4178651],[92.4274479,26.417153],[92.4242935,26.4136055],[92.4293138,26.4108253],[92.4320514,26.4131134],[92.4339618,26.4130085],[92.43115,26.3988845],[92.433323,26.3986488],[92.4334945,26.3902592],[92.441411,26.3891232],[92.4400179,26.3792856],[92.4406244,26.3702819],[92.4420132,26.3702822],[92.4409673,26.3684184],[92.4388706,26.3669814],[92.4293684,26.3687139],[92.4277859,26.3646879],[92.4266656,26.3678597],[92.4304383,26.3724975],[92.4280242,26.3731617],[92.4245681,26.3713925],[92.4222971,26.3681762],[92.4247477,26.3621934],[92.418715,26.3608495],[92.4163336,26.3611334],[92.4165868,26.3651394],[92.4095074,26.3620226],[92.4042351,26.362379],[92.4021645,26.3640534],[92.4012678,26.368088],[92.3989535,26.3679888],[92.3935784,26.3583821],[92.3968025,26.355295],[92.3941269,26.3507895],[92.3923857,26.349764],[92.389679,26.3545713],[92.3836368,26.3534784],[92.3820934,26.3516193],[92.3790578,26.3527095],[92.3823723,26.3459039],[92.3872516,26.3472465],[92.3874953,26.3458117],[92.3838524,26.3406909],[92.3806091,26.3428671],[92.3757306,26.3383159],[92.3757268,26.3425626],[92.3707398,26.3415428],[92.3697958,26.3393844],[92.3727052,26.3362913],[92.3677107,26.3337621],[92.3679844,26.3282031],[92.3655648,26.327134],[92.3602323,26.3277024],[92.3556791,26.3307347],[92.3507566,26.3277732],[92.3460472,26.3284473],[92.3421637,26.3272976],[92.3358704,26.3345956],[92.3368711,26.3404423],[92.3281523,26.3447651],[92.3256803,26.3442805],[92.3244718,26.3423846],[92.3252652,26.3322676],[92.3187336,26.3338036],[92.3171831,26.3311575],[92.314686,26.3309661],[92.3139977,26.3277662],[92.3108784,26.3317039],[92.3092184,26.3284835],[92.30662,26.3294657],[92.3001989,26.3364375],[92.2986626,26.3334181],[92.2970605,26.339768],[92.2978026,26.3462346],[92.3033842,26.3573789],[92.2963031,26.3701651],[92.3037839,26.3732231],[92.3013669,26.3847458],[92.3029657,26.3877024],[92.3066624,26.3893632],[92.3066662,26.3912431],[92.3057044,26.3983575],[92.3017693,26.401288],[92.3024541,26.402467],[92.3066252,26.4025491],[92.3079454,26.4043973],[92.3050732,26.4106348],[92.3072178,26.4166507],[92.3021886,26.4218251],[92.3025087,26.4257043],[92.2963297,26.4272702],[92.2992608,26.4386793],[92.295229,26.4464975],[92.2969646,26.4543751],[92.2832722,26.4553907],[92.2948061,26.4663171],[92.2995549,26.4734417],[92.310123,26.4842139],[92.3401571,26.5004317],[92.3473334,26.5076135],[92.35225,26.5053398],[92.3608676,26.5053341],[92.3829889,26.5163542],[92.391551,26.5127082],[92.4190148,26.5169149]]]}},{"type":"Feature","properties":{"district":"Morigaon","subdistrict":"Marigaon","dt_code":"304","sdt_code":"02029","dist_lgd":296,"subdt_lgd":2029,"st_nm":"ASSAM"},"geometry":{"type":"Polygon","coordinates":[[[92.3369846,26.3327589],[92.3434139,26.3268586],[92.3451243,26.3283747],[92.3507566,26.3277732],[92.3556791,26.3307347],[92.3622751,26.3271033],[92.3679844,26.3282031],[92.3709997,26.3181199],[92.3779827,26.3117151],[92.3767367,26.3014653],[92.3886099,26.2979744],[92.3905034,26.2962826],[92.4020974,26.2792551],[92.4066401,26.2764714],[92.4090611,26.2684145],[92.4185014,26.2679878],[92.413191,26.2539504],[92.4138405,26.2500492],[92.4077022,26.2445657],[92.4174481,26.240579],[92.4229752,26.2361973],[92.4254615,26.2316238],[92.4264795,26.2231135],[92.4290736,26.2194049],[92.4302655,26.207857],[92.4271396,26.1940608],[92.4300005,26.1904848],[92.4277046,26.1887874],[92.4277539,26.1842368],[92.4223228,26.176079],[92.4175658,26.1519085],[92.404722,26.1431895],[92.402338,26.1430573],[92.4007874,26.1389404],[92.3989376,26.1380667],[92.3997815,26.1316353],[92.4084988,26.1259772],[92.3994846,26.1201991],[92.3841909,26.1003652],[92.3795324,26.0912984],[92.3749143,26.0867716],[92.3628858,26.077582],[92.361811,26.0794323],[92.3627052,26.082032],[92.359856,26.0850554],[92.35962,26.0916129],[92.3562568,26.0887601],[92.3544834,26.0848018],[92.3480112,26.0852563],[92.347072,26.0835412],[92.3388421,26.0796803],[92.330717,26.0772588],[92.3234064,26.086332],[92.3223923,26.085244],[92.3144561,26.0848028],[92.3122735,26.0821707],[92.3044214,26.0851448],[92.3007968,26.0777025],[92.2988947,26.0773879],[92.2965137,26.082473],[92.2944745,26.0819587],[92.2902711,26.0781217],[92.2867642,26.0774009],[92.2826128,26.069716],[92.2777353,26.0678187],[92.2793539,26.0714469],[92.2787597,26.0756473],[92.2807791,26.0796871],[92.2780469,26.0843912],[92.2785733,26.0909817],[92.282748,26.0977372],[92.2790935,26.101728],[92.2779091,26.1063433],[92.2757147,26.1066503],[92.2757098,26.1096652],[92.2718319,26.1086647],[92.2695915,26.1095715],[92.2681341,26.1082654],[92.2649038,26.1104078],[92.2651161,26.112836],[92.2722656,26.1177656],[92.2753758,26.1184917],[92.2787313,26.1171553],[92.2815907,26.1195715],[92.2821517,26.1242165],[92.2795296,26.1308399],[92.2821835,26.1375817],[92.2853709,26.1410146],[92.2936356,26.1429946],[92.296013,26.1449505],[92.2973434,26.149184],[92.2942569,26.1517722],[92.297693,26.1550848],[92.2953889,26.1577118],[92.2897047,26.1572227],[92.2794472,26.1671383],[92.278152,26.1664821],[92.2768343,26.1598107],[92.2734884,26.1593666],[92.2713,26.159893],[92.2689039,26.1657952],[92.2646383,26.1701561],[92.2591983,26.1717978],[92.2471585,26.1692587],[92.2486333,26.1729346],[92.258087,26.1838985],[92.2566912,26.1856768],[92.2495465,26.1853287],[92.2501548,26.1956829],[92.2529974,26.1984423],[92.248382,26.1981986],[92.2549169,26.2009205],[92.2566008,26.2044597],[92.2594142,26.2057551],[92.2585301,26.2070382],[92.2596352,26.2086197],[92.2627358,26.2088307],[92.2693082,26.2154702],[92.2657395,26.2173691],[92.27136,26.2204655],[92.2722347,26.2248805],[92.2683738,26.2278135],[92.2639505,26.2272517],[92.2624792,26.2288337],[92.2629103,26.2309737],[92.2668312,26.2321313],[92.2668232,26.2303118],[92.2689939,26.2307477],[92.2736693,26.2275482],[92.27453,26.2283399],[92.273102,26.2326811],[92.2749161,26.2352178],[92.2685053,26.239009],[92.2569647,26.2366814],[92.2549833,26.2382023],[92.2549823,26.2491612],[92.2572241,26.2653865],[92.2568029,26.2942678],[92.2527791,26.30106],[92.2534892,26.3049269],[92.2402317,26.3062192],[92.2397775,26.3084793],[92.2448648,26.3243147],[92.2501565,26.3272901],[92.252822,26.3342221],[92.2569623,26.3375446],[92.2583983,26.3370722],[92.2583106,26.3320441],[92.2730251,26.3352629],[92.2732354,26.3327288],[92.2669361,26.3306555],[92.2666729,26.3244079],[92.2691867,26.3256488],[92.2705948,26.3231232],[92.2724288,26.3273461],[92.2826033,26.3282406],[92.2806699,26.3324004],[92.2859988,26.3315183],[92.28978,26.3375914],[92.2911079,26.3371784],[92.2914628,26.3302657],[92.2961572,26.3257853],[92.297485,26.3253723],[92.299358,26.3276394],[92.2986626,26.3334181],[92.3001989,26.3364375],[92.30662,26.3294657],[92.3092184,26.3284835],[92.3108784,26.3317039],[92.3139977,26.3277662],[92.314686,26.3309661],[92.3171831,26.3311575],[92.3187336,26.3338036],[92.3252652,26.3322676],[92.3244718,26.3423846],[92.3268014,26.3447262],[92.3365343,26.3408574],[92.3356323,26.336023],[92.3369846,26.3327589]]]}},{"type":"Feature","properties":{"district":"Morigaon","subdistrict":"Bhuragaon","dt_code":"304","sdt_code":"02027","dist_lgd":296,"subdt_lgd":2027,"st_nm":"ASSAM"},"geometry":{"type":"MultiPolygon","coordinates":[[[[92.0726638,26.2992203],[92.0684404,26.2971498],[92.0582329,26.2986622],[92.0616193,26.3104556],[92.0685036,26.311941],[92.0719792,26.3046276],[92.0726638,26.2992203]]],[[[92.2832722,26.4553907],[92.2969646,26.4543751],[92.295229,26.4464975],[92.2992608,26.4386793],[92.2963297,26.4272702],[92.3025087,26.4257043],[92.3021886,26.4218251],[92.3072178,26.4166507],[92.3050732,26.4106348],[92.3079454,26.4043973],[92.3066252,26.4025491],[92.3024541,26.402467],[92.3017693,26.401288],[92.3057044,26.3983575],[92.3066662,26.3912431],[92.3066624,26.3893632],[92.3029657,26.3877024],[92.3013669,26.3847458],[92.3037839,26.3732231],[92.2963031,26.3701651],[92.3033842,26.3573789],[92.2978026,26.3462346],[92.2970605,26.339768],[92.2997364,26.3309493],[92.297485,26.3253723],[92.2914628,26.3302657],[92.2904121,26.3376443],[92.2859988,26.3315183],[92.2806699,26.3324004],[92.2826033,26.3282406],[92.2724288,26.3273461],[92.2705948,26.3231232],[92.2691867,26.3256488],[92.2666729,26.3244079],[92.2669361,26.3306555],[92.2732354,26.3327288],[92.2730251,26.3352629],[92.2583106,26.3320441],[92.2577074,26.3375888],[92.252822,26.3342221],[92.2513128,26.3286378],[92.2474262,26.324987],[92.2439832,26.3247435],[92.2438694,26.3324078],[92.2425634,26.3324589],[92.2385368,26.3291271],[92.2385484,26.3249332],[92.2311483,26.3220715],[92.2285091,26.3177572],[92.2252681,26.3184223],[92.222512,26.3282459],[92.2204732,26.3277892],[92.2148661,26.3216522],[92.21373,26.3252348],[92.2094524,26.3273148],[92.2066071,26.3255853],[92.2004975,26.3124486],[92.1936306,26.3079155],[92.1907849,26.2984792],[92.1825609,26.3065715],[92.1767127,26.3020448],[92.1691967,26.3019179],[92.1682838,26.3036845],[92.1717934,26.3081886],[92.175976,26.3084273],[92.1766829,26.3122253],[92.1686031,26.3111606],[92.1618671,26.3074732],[92.1608046,26.3082754],[92.1614985,26.31361],[92.1553167,26.3186644],[92.1486616,26.3152271],[92.1427857,26.3175342],[92.1416091,26.3195267],[92.1479413,26.3195988],[92.1491495,26.3226898],[92.148449,26.3264524],[92.1451613,26.3274278],[92.1466717,26.3297075],[92.1424137,26.3328476],[92.1399461,26.3300942],[92.1374278,26.3299819],[92.1327305,26.3325051],[92.130894,26.3303875],[92.126555,26.3291153],[92.1260026,26.3275921],[92.1286361,26.3245446],[92.1288184,26.3216878],[92.1181211,26.3194711],[92.1239441,26.3152168],[92.1230317,26.3120341],[92.1145959,26.3139911],[92.1049554,26.3210801],[92.0903709,26.328161],[92.0825168,26.3242831],[92.080556,26.3212499],[92.0731246,26.3142081],[92.0722665,26.3144739],[92.0752568,26.317104],[92.0792727,26.3306081],[92.0842631,26.3388458],[92.0864313,26.3404124],[92.0942153,26.3388392],[92.0999247,26.3409027],[92.1038655,26.3469327],[92.1040596,26.3544016],[92.1216469,26.3690837],[92.1430145,26.4012328],[92.1586035,26.4138345],[92.1757181,26.4231034],[92.181974,26.4243601],[92.2000915,26.4211476],[92.2080259,26.4142926],[92.2162858,26.4146304],[92.2209437,26.4167394],[92.2342356,26.4274841],[92.238533,26.4393857],[92.2447008,26.4460147],[92.2558049,26.4516974],[92.2750936,26.4509939],[92.2832722,26.4553907]]]]}},{"type":"Feature","properties":{"district":"Morigaon","subdistrict":"Mayong","dt_code":"304","sdt_code":"02026","dist_lgd":296,"subdt_lgd":2026,"st_nm":"ASSAM"},"geometry":{"type":"Polygon","coordinates":[[[92.1461992,26.3303266],[92.1451613,26.3274278],[92.148449,26.3264524],[92.1488778,26.3204506],[92.1416091,26.3195267],[92.1427857,26.3175342],[92.1486616,26.3152271],[92.1553167,26.3186644],[92.1614985,26.31361],[92.1608046,26.3082754],[92.1618671,26.3074732],[92.1686031,26.3111606],[92.1766829,26.3122253],[92.175976,26.3084273],[92.1717934,26.3081886],[92.1682838,26.3036845],[92.1691967,26.3019179],[92.1767127,26.3020448],[92.1825609,26.3065715],[92.1907849,26.2984792],[92.1936306,26.3079155],[92.2004975,26.3124486],[92.2073645,26.326348],[92.2124527,26.3265148],[92.2148661,26.3216522],[92.2204732,26.3277892],[92.222512,26.3282459],[92.2252681,26.3184223],[92.2285091,26.3177572],[92.2311483,26.3220715],[92.2385484,26.3249332],[92.2385368,26.3291271],[92.2438694,26.3324078],[92.2436441,26.3259519],[92.2448648,26.3243147],[92.2397136,26.3066265],[92.2534892,26.3049269],[92.2527791,26.30106],[92.2568029,26.2942678],[92.2572241,26.2653865],[92.2544979,26.239555],[92.2569647,26.2366814],[92.2685053,26.239009],[92.2749161,26.2352178],[92.273102,26.2326811],[92.27453,26.2283399],[92.2736693,26.2275482],[92.2689939,26.2307477],[92.2668232,26.2303118],[92.2668312,26.2321313],[92.2629103,26.2309737],[92.2624792,26.2288337],[92.2639505,26.2272517],[92.2683738,26.2278135],[92.2722347,26.2248805],[92.27136,26.2204655],[92.2657395,26.2173691],[92.2693082,26.2154702],[92.2627358,26.2088307],[92.2596352,26.2086197],[92.2585301,26.2070382],[92.2594142,26.2057551],[92.2566008,26.2044597],[92.2549169,26.2009205],[92.248382,26.1981986],[92.2529974,26.1984423],[92.2501548,26.1956829],[92.2495465,26.1853287],[92.2566912,26.1856768],[92.258087,26.1838985],[92.2486333,26.1729346],[92.2471585,26.1692587],[92.2591983,26.1717978],[92.2646383,26.1701561],[92.2689039,26.1657952],[92.2713,26.159893],[92.2734884,26.1593666],[92.2768343,26.1598107],[92.278152,26.1664821],[92.2794472,26.1671383],[92.2897047,26.1572227],[92.2953889,26.1577118],[92.297693,26.1550848],[92.2942569,26.1517722],[92.2973434,26.149184],[92.296013,26.1449505],[92.2936356,26.1429946],[92.2853709,26.1410146],[92.2821835,26.1375817],[92.2795296,26.1308399],[92.2821517,26.1242165],[92.2815907,26.1195715],[92.2787313,26.1171553],[92.2753758,26.1184917],[92.2722656,26.1177656],[92.2651161,26.112836],[92.2649038,26.1104078],[92.2681341,26.1082654],[92.2695915,26.1095715],[92.2718319,26.1086647],[92.2757098,26.1096652],[92.2757147,26.1066503],[92.2779091,26.1063433],[92.2790935,26.101728],[92.282748,26.0977372],[92.2785733,26.0909817],[92.2780469,26.0843912],[92.2807791,26.0796871],[92.2787597,26.0756473],[92.2789885,26.0699684],[92.2747018,26.0656624],[92.2716553,26.0652288],[92.2688843,26.0681739],[92.2674614,26.0667648],[92.260951,26.066137],[92.2583151,26.0634631],[92.2509597,26.0634976],[92.2505188,26.0645262],[92.2478673,26.0629217],[92.2446225,26.0637128],[92.2416274,26.0617655],[92.2410389,26.0628897],[92.2385596,26.0619801],[92.2373318,26.063484],[92.2294378,26.0646182],[92.2285852,26.0667986],[92.222235,26.0680893],[92.2205429,26.0703019],[92.2154793,26.0684142],[92.208175,26.0704676],[92.2062655,26.0696293],[92.2065093,26.0681443],[92.2004238,26.0696189],[92.192647,26.0673346],[92.1910137,26.0688383],[92.1873597,26.0665698],[92.186126,26.0676535],[92.187516,26.069228],[92.1818092,26.0690588],[92.180491,26.071176],[92.1775416,26.0687716],[92.1759482,26.0704781],[92.1761146,26.0740029],[92.1785841,26.0754507],[92.1792196,26.0775671],[92.1761332,26.0779506],[92.175316,26.081338],[92.1720638,26.0836256],[92.1688543,26.089893],[92.1681041,26.0940458],[92.1711036,26.1013077],[92.1687378,26.1117969],[92.1634568,26.1218038],[92.1620584,26.1450015],[92.1660716,26.1541622],[92.1669698,26.1639915],[92.1643038,26.1625344],[92.1621885,26.1632254],[92.157164,26.1700096],[92.1546784,26.1708766],[92.1525575,26.169171],[92.1514109,26.1621398],[92.1496954,26.1615262],[92.1322719,26.1721515],[92.1296861,26.1805909],[92.1066092,26.172109],[92.0898176,26.1764424],[92.080139,26.1772744],[92.0805335,26.1786465],[92.093336,26.1853973],[92.0934049,26.1890981],[92.0897731,26.1898147],[92.0851474,26.1859456],[92.0817513,26.1851683],[92.0790443,26.1871892],[92.0787117,26.1929207],[92.0763443,26.1956774],[92.0699904,26.1971236],[92.0641184,26.1952165],[92.0608714,26.1959281],[92.0460688,26.2155586],[92.0443653,26.2133397],[92.0448944,26.2012811],[92.0414245,26.1986704],[92.0382375,26.1990611],[92.036761,26.2061682],[92.0308242,26.2101042],[92.0279878,26.2096915],[92.0254467,26.2034707],[92.0209314,26.2010844],[92.0182497,26.2012945],[92.0171609,26.2046469],[92.0130007,26.207392],[92.0014372,26.204223],[91.9820438,26.2154583],[91.9670024,26.2272112],[91.9600935,26.2291333],[91.9573229,26.2316756],[91.9572129,26.2467042],[91.9528572,26.2542085],[91.9538192,26.2569367],[91.9601319,26.2597139],[91.9736854,26.2696348],[91.9782347,26.2747896],[91.9834256,26.2749741],[91.9854166,26.2735464],[91.9861697,26.2705628],[91.9921555,26.2696012],[92.0005035,26.2729444],[92.0066813,26.2773317],[92.0105204,26.2778222],[92.0154915,26.283025],[92.0150132,26.2806102],[92.0172197,26.2764148],[92.0233163,26.271491],[92.0281128,26.2702352],[92.0346046,26.2709254],[92.0401696,26.2729596],[92.0438858,26.2774477],[92.0479348,26.2786187],[92.0471818,26.2817729],[92.0582329,26.2986622],[92.0684404,26.2971498],[92.0726638,26.2992203],[92.0719792,26.3046276],[92.0685036,26.311941],[92.0731246,26.3142081],[92.0825168,26.3242831],[92.0889594,26.3280992],[92.0929192,26.3277922],[92.1049554,26.3210801],[92.112572,26.315073],[92.1220695,26.3119034],[92.1239101,26.3124796],[92.1239441,26.3152168],[92.1181211,26.3194711],[92.1288184,26.3216878],[92.1286361,26.3245446],[92.1260026,26.3275921],[92.126555,26.3291153],[92.130894,26.3303875],[92.1327305,26.3325051],[92.1387477,26.3298792],[92.1410788,26.330417],[92.1424137,26.3328476],[92.1461992,26.3303266]]]}},{"type":"Feature","properties":{"district":"Darrang","subdistrict":"Mangaldoi (Pt)","dt_code":"325","sdt_code":"02148","dist_lgd":283,"subdt_lgd":2148,"st_nm":"ASSAM"},"geometry":{"type":"MultiPolygon","coordinates":[[[[92.0073669,26.5441807],[92.0212951,26.536752],[92.0277253,26.536796],[92.0271924,26.5305131],[92.0208905,26.5297603],[92.0187928,26.5276111],[92.0194116,26.5218724],[92.0223932,26.5204546],[92.0226111,26.5243324],[92.0263466,26.5264518],[92.0293817,26.5257502],[92.0293464,26.5225887],[92.0331048,26.5251927],[92.0344777,26.5243415],[92.0348178,26.5204021],[92.0313786,26.513753],[92.0264149,26.5113116],[92.025084,26.5088878],[92.0275621,26.5068846],[92.036981,26.5094123],[92.0466856,26.5008103],[92.0467601,26.4917823],[92.041781,26.4872347],[92.0468345,26.4827543],[92.0468717,26.4782403],[92.0519246,26.4737597],[92.0518506,26.4827877],[92.0592009,26.4828363],[92.0588532,26.4779386],[92.0627881,26.4725974],[92.0597127,26.4693162],[92.0538995,26.4687228],[92.0547143,26.4528649],[92.0598082,26.4521243],[92.0653685,26.4538473],[92.0822614,26.4636514],[92.0831672,26.452957],[92.0751184,26.4421221],[92.0755648,26.4393578],[92.0685024,26.4340016],[92.0563808,26.4324511],[92.0548662,26.4299125],[92.055449,26.4261859],[92.0583891,26.4222791],[92.0615241,26.4216442],[92.0744554,26.4298191],[92.0824804,26.428683],[92.085405,26.4269319],[92.0944088,26.4343894],[92.1060563,26.436534],[92.1177317,26.4434737],[92.1435089,26.4466098],[92.1475571,26.4422727],[92.1514844,26.4328812],[92.1534268,26.421433],[92.1597962,26.4145367],[92.1430145,26.4012328],[92.1229896,26.370555],[92.1161614,26.3635326],[92.1040596,26.3544016],[92.1038655,26.3469327],[92.0999247,26.3409027],[92.0942153,26.3388392],[92.0864313,26.3404124],[92.0842631,26.3388458],[92.0792727,26.3306081],[92.0748214,26.3164856],[92.0683137,26.311749],[92.0615292,26.3103427],[92.057756,26.2973977],[92.0471818,26.2817729],[92.0479348,26.2786187],[92.0438858,26.2774477],[92.0401696,26.2729596],[92.0322976,26.2702154],[92.0243779,26.2709818],[92.0196797,26.2742053],[92.0157157,26.2788011],[92.0154915,26.283025],[92.0105204,26.2778222],[92.0066813,26.2773317],[92.0005035,26.2729444],[91.9921555,26.2696012],[91.9861697,26.2705628],[91.9854166,26.2735464],[91.9834256,26.2749741],[91.9782347,26.2747896],[91.9736854,26.2696348],[91.9601319,26.2597139],[91.9538192,26.2569367],[91.9528572,26.2542085],[91.941646,26.2480372],[91.9264124,26.2736887],[91.916555,26.2964473],[91.9109328,26.3099234],[91.9120617,26.3187225],[91.9089502,26.3240096],[91.917179,26.3361624],[91.9209197,26.3558006],[91.9199859,26.362162],[91.922652,26.3632207],[91.9269702,26.3585194],[91.9313197,26.3633581],[91.9326679,26.3605374],[91.9347118,26.3607792],[91.9367341,26.3574179],[91.9484836,26.3657327],[91.9400259,26.3763551],[91.9383983,26.3907954],[91.939074,26.3955656],[91.9348888,26.4013008],[91.9373496,26.4108217],[91.9442282,26.4237177],[91.9472755,26.4269265],[91.9511245,26.4361287],[91.938785,26.4372661],[91.9299673,26.4330815],[91.9233585,26.4336115],[91.9224536,26.434446],[91.9242191,26.4374286],[91.9236176,26.4388309],[91.9155204,26.4402112],[91.9147151,26.4573274],[91.9188288,26.4570009],[91.918923,26.4598919],[91.9240723,26.456955],[91.9247307,26.4576799],[91.922633,26.4591403],[91.9256764,26.4589699],[91.925881,26.4607919],[91.9292713,26.4600078],[91.9294521,26.4579498],[91.9343923,26.4600828],[91.933295,26.464125],[91.9355559,26.4669858],[91.9336049,26.4680163],[91.9373594,26.4693234],[91.9359185,26.4713483],[91.9387311,26.4758213],[91.9426235,26.4770428],[91.9416378,26.4808142],[91.9460367,26.4791847],[91.9433636,26.4834902],[91.9467578,26.4869215],[91.9440109,26.4870253],[91.9456949,26.4984227],[91.9427809,26.4977706],[91.9412013,26.5008526],[91.9380293,26.5021543],[91.9407665,26.5065246],[91.9445484,26.509023],[91.9426331,26.510146],[91.9420549,26.5128982],[91.9430223,26.5167246],[91.9528907,26.5152901],[91.9617626,26.5172466],[91.9645639,26.5139723],[91.9687318,26.5148726],[91.9693523,26.5130938],[91.9707355,26.513121],[91.9729139,26.5139973],[91.9728379,26.5176211],[91.9776347,26.5206592],[91.9884654,26.5209114],[91.9903266,26.5193802],[91.9992214,26.5198742],[92.0027571,26.5181562],[92.0070596,26.5181554],[92.0094634,26.520869],[92.0090826,26.5237547],[92.0074768,26.5246782],[92.0075641,26.5298271],[92.0108349,26.5312512],[92.0132156,26.5364112],[92.0091666,26.5415306],[92.0030538,26.5422152],[92.0073669,26.5441807]]],[[[92.060687,26.5755199],[92.0661686,26.5731668],[92.0612222,26.5641059],[92.0614427,26.537022],[92.0463873,26.5369221],[92.0413313,26.5414024],[92.0262754,26.5413003],[92.0212185,26.5457799],[92.0211309,26.5560928],[92.0213193,26.5542462],[92.0234924,26.5540559],[92.0225441,26.5631008],[92.0263877,26.5680859],[92.0420321,26.5746661],[92.053901,26.5742193],[92.060687,26.5755199]]]]}},{"type":"Feature","properties":{"district":"Darrang","subdistrict":"Kalaigaon","dt_code":"325","sdt_code":"","dist_lgd":283,"subdt_lgd":6427,"st_nm":"ASSAM"},"geometry":{"type":"Polygon","coordinates":[[[91.9158512,26.5495618],[91.9159998,26.5359005],[91.9260332,26.5270687],[91.9311363,26.5270319],[91.9360411,26.536133],[91.94107,26.5406884],[91.9510701,26.5362316],[91.9712017,26.5363581],[91.9810957,26.5455206],[91.9710113,26.5544343],[91.9860925,26.5545276],[91.9861224,26.5455515],[91.9911151,26.5501051],[91.9911196,26.5545931],[91.9961079,26.5545193],[91.9961419,26.5501356],[92.0011434,26.5456406],[92.0061621,26.5456757],[92.0092991,26.5428976],[92.0073669,26.5441807],[92.0030538,26.5422152],[92.0091666,26.5415306],[92.0132156,26.5364112],[92.0108349,26.5312512],[92.0075641,26.5298271],[92.0074768,26.5246782],[92.0090826,26.5237547],[92.0094634,26.520869],[92.0070596,26.5181554],[92.0027571,26.5181562],[91.9992214,26.5198742],[91.9903266,26.5193802],[91.9884654,26.5209114],[91.9776347,26.5206592],[91.9728379,26.5176211],[91.9729139,26.5139973],[91.9707355,26.513121],[91.9693523,26.5130938],[91.9687318,26.5148726],[91.9645639,26.5139723],[91.9617626,26.5172466],[91.9528907,26.5152901],[91.9430223,26.5167246],[91.9420549,26.5128982],[91.9426331,26.510146],[91.9445484,26.509023],[91.9407665,26.5065246],[91.9380293,26.5021543],[91.9243984,26.5031372],[91.9077324,26.5010967],[91.902609,26.5026721],[91.8995727,26.5005155],[91.8935301,26.5001389],[91.8922656,26.5070644],[91.8936808,26.5109535],[91.9003428,26.5147419],[91.8998663,26.5257553],[91.8936773,26.5282612],[91.8913414,26.5321744],[91.8878988,26.5324989],[91.8822093,26.5306438],[91.8765916,26.5252333],[91.8740049,26.5244163],[91.8718809,26.5260591],[91.8732346,26.5275299],[91.8719439,26.5301913],[91.8662307,26.5338787],[91.8654897,26.5358375],[91.8757792,26.5356587],[91.8858707,26.5403551],[91.8907683,26.5447858],[91.9005946,26.5675028],[91.9055722,26.5719459],[91.9206557,26.5721157],[91.9255269,26.5678],[91.9308577,26.5585899],[91.9309317,26.5496262],[91.9158512,26.5495618]]]}},{"type":"Feature","properties":{"district":"Udalguri","subdistrict":"Dalgaon (Pt)","dt_code":"326","sdt_code":"02149","dist_lgd":617,"subdt_lgd":2149,"st_nm":"ASSAM"},"geometry":{"type":"Polygon","coordinates":[[[92.0811929,26.5777787],[92.086249,26.573297],[92.0962538,26.5778751],[92.1062944,26.5779385],[92.1164043,26.5689731],[92.116439,26.564459],[92.111454,26.5599138],[92.1165082,26.5554309],[92.1165428,26.5509169],[92.1014853,26.5508228],[92.1015205,26.5463087],[92.0965369,26.541763],[92.0764621,26.5416343],[92.0815527,26.5326387],[92.0766427,26.5190643],[92.0716976,26.5100037],[92.0566456,26.509905],[92.0566825,26.505391],[92.0617363,26.50091],[92.0667532,26.5009429],[92.0668626,26.4874009],[92.0718789,26.4874336],[92.0769313,26.4829521],[92.0769673,26.478438],[92.0719876,26.4738915],[92.0669718,26.4738588],[92.0619195,26.47834],[92.0618829,26.482854],[92.0518506,26.4827877],[92.0519246,26.4737597],[92.0468717,26.4782403],[92.0468345,26.4827543],[92.041781,26.4872347],[92.0467601,26.4917823],[92.0466856,26.5008103],[92.036981,26.5094123],[92.0275621,26.5068846],[92.025084,26.5088878],[92.0264149,26.5113116],[92.0313786,26.513753],[92.0348178,26.5204021],[92.0344777,26.5243415],[92.0331048,26.5251927],[92.0293464,26.5225887],[92.0293817,26.5257502],[92.0253817,26.526179],[92.0226111,26.5243324],[92.0230761,26.5211115],[92.021279,26.5203743],[92.0194116,26.5218724],[92.0187928,26.5276111],[92.0208905,26.5297603],[92.0271924,26.5305131],[92.0277253,26.536796],[92.0319942,26.5368251],[92.0319056,26.5413387],[92.0413313,26.5414024],[92.0463873,26.5369221],[92.0614427,26.537022],[92.0612222,26.5641059],[92.0661686,26.5731668],[92.0660954,26.5821947],[92.0811929,26.5777787]]]}},{"type":"Feature","properties":{"district":"Udalguri","subdistrict":"Khoirabari (Pt)","dt_code":"326","sdt_code":"02145","dist_lgd":617,"subdt_lgd":2145,"st_nm":"ASSAM"},"geometry":{"type":"Polygon","coordinates":[[[92.00096,26.6801053],[92.019954,26.67833],[92.0170136,26.675658],[92.0148096,26.6786045],[92.0110916,26.6748147],[92.0127776,26.6724213],[92.0150115,26.672612],[92.0138231,26.6693377],[92.0158068,26.6683099],[92.0154742,26.6641093],[92.0110339,26.658368],[92.0127348,26.6564865],[92.0138967,26.660231],[92.0166612,26.6582377],[92.0141625,26.656296],[92.0149524,26.6515379],[92.008649,26.6487918],[92.0054727,26.6457453],[92.0062471,26.6443576],[92.0130889,26.6444039],[92.021183,26.6469216],[92.0270621,26.6455553],[92.0566266,26.6462221],[92.0540664,26.6424346],[92.0539315,26.6382121],[92.0422838,26.6352417],[92.0395481,26.6306285],[92.0361127,26.6287089],[92.0319682,26.6223348],[92.0299135,26.6213687],[92.0291394,26.6178137],[92.0260142,26.6151258],[92.0248501,26.6118869],[92.027198,26.6064479],[92.0294635,26.6050694],[92.0334399,26.6052463],[92.0307623,26.6045294],[92.0358215,26.6000496],[92.040918,26.5910557],[92.0358972,26.5910218],[92.0258938,26.5864395],[92.0208733,26.5864051],[92.0212185,26.5457799],[92.0262754,26.5413003],[92.0319056,26.5413387],[92.0319942,26.5368251],[92.0212951,26.536752],[92.0112196,26.5411967],[92.0061621,26.5456757],[92.0011434,26.5456406],[91.9961419,26.5501356],[91.9961079,26.5545193],[91.9911196,26.5545931],[91.9911151,26.5501051],[91.9861224,26.5455515],[91.9860925,26.5545276],[91.9710113,26.5544343],[91.9810957,26.5455206],[91.9712017,26.5363581],[91.9510701,26.5362316],[91.94107,26.5406884],[91.9360411,26.536133],[91.9311363,26.5270319],[91.9260332,26.5270687],[91.9159998,26.5359005],[91.9158512,26.5495618],[91.9309317,26.5496262],[91.9308577,26.5585899],[91.9255269,26.5678],[91.9206557,26.5721157],[91.9055722,26.5719459],[91.9005946,26.5675028],[91.8907683,26.5447858],[91.8858707,26.5403551],[91.8757792,26.5356587],[91.8658928,26.5354885],[91.8628002,26.5381656],[91.8617403,26.5408703],[91.8652804,26.5414925],[91.8675737,26.5453131],[91.8653988,26.5480524],[91.8698322,26.5473388],[91.8698533,26.5503362],[91.8729941,26.5532144],[91.8730812,26.5581828],[91.8684519,26.5612312],[91.8710162,26.5618979],[91.8705927,26.5689594],[91.8691396,26.5714913],[91.8705283,26.5721309],[91.8744032,26.5698498],[91.8727508,26.5723636],[91.8754229,26.5729121],[91.8719178,26.5737139],[91.8710964,26.5752388],[91.8748632,26.5748362],[91.8731578,26.5771622],[91.8802927,26.5836235],[91.8802232,26.5865975],[91.8819698,26.5891279],[91.8781168,26.590931],[91.8824969,26.5921574],[91.8836138,26.5952295],[91.8803414,26.6001934],[91.8829621,26.6066474],[91.8883809,26.6084179],[91.8846701,26.6111791],[91.8886794,26.6114603],[91.8889148,26.6148564],[91.8920133,26.6136662],[91.8961834,26.6173112],[91.8964114,26.6306198],[91.9038898,26.6358598],[91.9011811,26.6427719],[91.907006,26.6438705],[91.9291774,26.6432409],[91.9309474,26.6379194],[91.9379043,26.6376355],[91.9476888,26.6397039],[91.9568463,26.6386583],[91.9598207,26.640802],[91.9681743,26.6423858],[91.968474,26.6481505],[91.9742804,26.6490272],[91.9759355,26.6547494],[91.9718657,26.6672955],[91.9743338,26.6703543],[91.970208,26.6732016],[91.9698248,26.6750092],[91.9762139,26.677484],[91.9772031,26.6762227],[91.9782136,26.6769672],[91.9830437,26.6734755],[91.982731,26.6696552],[91.9846029,26.6686392],[91.9845393,26.6703087],[91.9913855,26.6730021],[91.9968099,26.678515],[92.00096,26.6801053]]]}},{"type":"Feature","properties":{"district":"Udalguri","subdistrict":"Udalguri","dt_code":"326","sdt_code":"02152","dist_lgd":617,"subdt_lgd":2152,"st_nm":"ASSAM"},"geometry":{"type":"Polygon","coordinates":[[[92.2476545,26.8982735],[92.2413765,26.8822206],[92.2418604,26.8595872],[92.2376834,26.8579539],[92.2326284,26.8527377],[92.2335253,26.8422958],[92.2372215,26.8376201],[92.2353915,26.8328689],[92.2325501,26.831414],[92.235167,26.8268387],[92.2299647,26.8223297],[92.2301396,26.8192604],[92.2226245,26.8079543],[92.2206489,26.7963942],[92.214919,26.7900657],[92.2159001,26.7741141],[92.2144424,26.7723748],[92.2167956,26.7615738],[92.2123096,26.7519136],[92.2129926,26.7448786],[92.2152843,26.7408271],[92.2117739,26.7369159],[92.2162892,26.7352763],[92.2126348,26.7347953],[92.2120079,26.7335398],[92.216468,26.7331621],[92.217573,26.7295592],[92.2157619,26.729132],[92.2143216,26.7315736],[92.2128261,26.7311821],[92.2128562,26.7285604],[92.2164612,26.725608],[92.2122245,26.7237751],[92.2132324,26.7209028],[92.2120428,26.7158721],[92.2085044,26.7148654],[92.2107508,26.7126323],[92.2089659,26.7093785],[92.2234957,26.7036628],[92.2202167,26.7003332],[92.2235395,26.6997704],[92.2239527,26.6964928],[92.2293211,26.6945266],[92.2345744,26.6966813],[92.2322894,26.6930682],[92.2360049,26.6915634],[92.2366414,26.6895318],[92.2318857,26.6910147],[92.2323033,26.687671],[92.2267365,26.6877598],[92.2292594,26.684424],[92.2244038,26.6870653],[92.2233693,26.6864301],[92.226585,26.6836422],[92.2253958,26.6815782],[92.2276954,26.6797874],[92.2297056,26.6831975],[92.2316349,26.681654],[92.2318561,26.6836342],[92.2336597,26.6827405],[92.2327972,26.6792959],[92.2352383,26.6777301],[92.2322019,26.6774577],[92.2327726,26.6753773],[92.2306392,26.6763927],[92.2314297,26.6740884],[92.236116,26.6741402],[92.2408412,26.6721153],[92.2442157,26.6728602],[92.2651351,26.6647083],[92.2759086,26.6574245],[92.2757632,26.6556446],[92.2714832,26.6556228],[92.2716551,26.6285378],[92.2767346,26.6195351],[92.2767914,26.6105067],[92.2516817,26.6103769],[92.2466894,26.6058362],[92.2417272,26.5967813],[92.2467781,26.5922938],[92.2417867,26.5877529],[92.2468371,26.5832654],[92.2468667,26.5787512],[92.2519165,26.5742635],[92.2519459,26.5697493],[92.2569951,26.5652614],[92.2570534,26.556233],[92.2419947,26.5561537],[92.237005,26.5516127],[92.2319857,26.5515858],[92.2319556,26.5561],[92.2369452,26.5606411],[92.2369153,26.5651553],[92.2318352,26.5741566],[92.2317147,26.5922133],[92.2266936,26.5921861],[92.2216419,26.5966728],[92.2215503,26.6102152],[92.2115065,26.6101599],[92.2114446,26.6191882],[92.2064223,26.6191602],[92.2013687,26.6236462],[92.1963463,26.6236179],[92.1963147,26.628132],[92.2013373,26.6281603],[92.2063288,26.6327025],[92.2062664,26.6417307],[92.1811503,26.6415883],[92.1810214,26.6596445],[92.1709735,26.6595863],[92.1559679,26.6504695],[92.1258955,26.6412593],[92.1259298,26.6367453],[92.1159187,26.6321692],[92.110896,26.6321379],[92.10078,26.6411027],[92.0806877,26.6409742],[92.075701,26.6364277],[92.0757373,26.6319138],[92.0807961,26.6274324],[92.0758463,26.6183719],[92.0708242,26.6183392],[92.0607432,26.6227872],[92.0557581,26.61824],[92.0457141,26.618173],[92.0407298,26.6136253],[92.045789,26.6091452],[92.0458265,26.6046312],[92.0335244,26.6045482],[92.027198,26.6064479],[92.0248501,26.6118869],[92.0260142,26.6151258],[92.0291394,26.6178137],[92.0299135,26.6213687],[92.0319682,26.6223348],[92.0361127,26.6287089],[92.0395481,26.6306285],[92.0422838,26.6352417],[92.0535625,26.6378632],[92.0540664,26.6424346],[92.0566266,26.6462221],[92.0270621,26.6455553],[92.021183,26.6469216],[92.0130889,26.6444039],[92.0062471,26.6443576],[92.0054727,26.6457453],[92.008649,26.6487918],[92.0149524,26.6515379],[92.0141625,26.656296],[92.0166612,26.6582377],[92.0138967,26.660231],[92.0127348,26.6564865],[92.0110339,26.658368],[92.0154742,26.6641093],[92.0158068,26.6683099],[92.0138231,26.6693377],[92.0150115,26.672612],[92.0127776,26.6724213],[92.0110916,26.6748147],[92.0148096,26.6786045],[92.0170136,26.675658],[92.019954,26.67833],[92.00096,26.6801053],[91.9968099,26.678515],[91.9913855,26.6730021],[91.9845393,26.6703087],[91.9840114,26.6685807],[91.982731,26.6696552],[91.9830437,26.6734755],[91.9782136,26.6769672],[91.9796393,26.6823862],[91.9868966,26.6914558],[91.9857212,26.6987862],[91.9830928,26.7025447],[91.9820127,26.7082081],[91.9836522,26.7091199],[91.9859491,26.7076104],[91.9888609,26.7122044],[91.9994113,26.7162107],[91.9997516,26.7197903],[92.0011338,26.7203265],[91.9994527,26.7224806],[92.0014572,26.7248953],[91.9992681,26.7310398],[92.0010263,26.7343625],[91.9986221,26.7411655],[92.0025461,26.7439271],[92.0006128,26.7463474],[92.0010476,26.7485862],[91.9984812,26.7513512],[91.9990932,26.7554533],[91.9962328,26.7551292],[91.9971456,26.7577264],[91.9959185,26.7599938],[91.9969453,26.7620389],[91.9991486,26.7618701],[92.0022142,26.7643516],[92.0016175,26.7674104],[91.9935513,26.7785759],[91.9903582,26.7948946],[91.987741,26.7983053],[91.9836352,26.7970624],[91.9763866,26.8069114],[91.9703291,26.8352763],[91.9597842,26.8547268],[91.9623189,26.8708235],[91.9667038,26.8777763],[91.9704749,26.8706561],[91.9835014,26.8581916],[92.0171332,26.8500071],[92.0567247,26.847385],[92.0781954,26.8555374],[92.1026518,26.8671684],[92.1019184,26.8810579],[92.1143777,26.8935779],[92.1200185,26.8889837],[92.1698605,26.8916541],[92.194801,26.8899635],[92.2380182,26.905794],[92.249382,26.9082419],[92.2476545,26.8982735]]]}},{"type":"Feature","properties":{"district":"Udalguri","subdistrict":"Mazbat","dt_code":"326","sdt_code":"02153","dist_lgd":617,"subdt_lgd":2153,"st_nm":"ASSAM"},"geometry":{"type":"Polygon","coordinates":[[[92.3207358,26.9125725],[92.3299136,26.9068944],[92.3354384,26.8971561],[92.3384435,26.8943835],[92.3420929,26.8790565],[92.3418107,26.8660917],[92.3432051,26.8628657],[92.3405054,26.8549149],[92.3382577,26.8524877],[92.3389979,26.8482874],[92.334851,26.846419],[92.3286958,26.8360253],[92.3289997,26.832116],[92.331847,26.8272916],[92.3311749,26.8243174],[92.3344961,26.8231825],[92.3334092,26.822254],[92.3310788,26.8233678],[92.329528,26.821754],[92.3327266,26.8157436],[92.3304248,26.8145116],[92.3277387,26.8173738],[92.3263669,26.8148146],[92.329482,26.8104926],[92.3334049,26.8101465],[92.3285332,26.8065978],[92.3270059,26.8032308],[92.3335977,26.7933909],[92.331024,26.7913683],[92.3312157,26.7897664],[92.3369087,26.7871509],[92.3335769,26.7825604],[92.3354317,26.7779782],[92.3343443,26.774695],[92.3396596,26.7713211],[92.330152,26.772884],[92.3281113,26.7717145],[92.3315481,26.7644773],[92.3358459,26.7658009],[92.332716,26.7606013],[92.3277858,26.7577791],[92.3292556,26.7533527],[92.3279845,26.7500262],[92.3312438,26.7462026],[92.331323,26.7326601],[92.3363504,26.7326837],[92.3364028,26.7236554],[92.3414558,26.7191647],[92.3364552,26.7146271],[92.3364813,26.7101129],[92.3465856,26.7011311],[92.3466114,26.696617],[92.3416115,26.6920795],[92.3416634,26.6830511],[92.3367166,26.6694852],[92.341793,26.6604801],[92.3468429,26.6559891],[92.3568657,26.6605491],[92.3567897,26.6740918],[92.3617894,26.6786287],[92.3567137,26.6876344],[92.3566884,26.6921486],[92.361714,26.6921713],[92.3648267,26.6946915],[92.3667396,26.6921938],[92.3717652,26.6922162],[92.3719631,26.6561023],[92.3770362,26.6470959],[92.3770607,26.6425816],[92.3820841,26.6426036],[92.3820598,26.6471178],[92.3871076,26.6426253],[92.4021781,26.6426895],[92.4072249,26.6381962],[92.4065727,26.6292607],[92.402272,26.6246323],[92.3922028,26.629104],[92.3922505,26.6200755],[92.3872761,26.6110254],[92.3722099,26.6109597],[92.3622158,26.6018865],[92.3672623,26.5973946],[92.3672871,26.5928803],[92.3723577,26.583874],[92.3673864,26.5748232],[92.332243,26.5746628],[92.3321907,26.5836913],[92.3371855,26.588229],[92.327117,26.5926961],[92.3270642,26.6017246],[92.3220426,26.6017008],[92.322016,26.606215],[92.3169942,26.606191],[92.317021,26.6016768],[92.3119724,26.6061668],[92.3119183,26.6151953],[92.3018739,26.6151463],[92.3018465,26.6196605],[92.2866112,26.6466709],[92.2865831,26.6511851],[92.2815594,26.6511598],[92.2757632,26.6556446],[92.2759086,26.6574245],[92.273278,26.6598034],[92.2651351,26.6647083],[92.2442157,26.6728602],[92.2408412,26.6721153],[92.236116,26.6741402],[92.2314297,26.6740884],[92.2306392,26.6763927],[92.2327726,26.6753773],[92.2322019,26.6774577],[92.2352383,26.6777301],[92.2327972,26.6792959],[92.2336597,26.6827405],[92.2318561,26.6836342],[92.2316349,26.681654],[92.2297056,26.6831975],[92.2276954,26.6797874],[92.2253958,26.6815782],[92.226585,26.6836422],[92.2233693,26.6864301],[92.2244038,26.6870653],[92.2292594,26.684424],[92.2267365,26.6877598],[92.2323033,26.687671],[92.2318857,26.6910147],[92.2366414,26.6895318],[92.2360049,26.6915634],[92.2322894,26.6930682],[92.2345744,26.6966813],[92.2322049,26.6964926],[92.2309274,26.6947141],[92.2265706,26.6947853],[92.2257794,26.6967015],[92.2237327,26.6966555],[92.2235395,26.6997704],[92.2202167,26.7003332],[92.2234957,26.7036628],[92.2089659,26.7093785],[92.2107508,26.7126323],[92.208527,26.715191],[92.2120428,26.7158721],[92.2132324,26.7209028],[92.2122245,26.7237751],[92.2164612,26.725608],[92.2128562,26.7285604],[92.2126136,26.7306936],[92.2140069,26.7317601],[92.2157619,26.729132],[92.217573,26.7295592],[92.216468,26.7331621],[92.2120079,26.7335398],[92.2126348,26.7347953],[92.2162892,26.7352763],[92.2117739,26.7369159],[92.2152843,26.7408271],[92.2129926,26.7448786],[92.2123096,26.7519136],[92.2167956,26.7615738],[92.2144424,26.7723748],[92.2159001,26.7741141],[92.214919,26.7900657],[92.2206489,26.7963942],[92.2226245,26.8079543],[92.2301396,26.8192604],[92.2299647,26.8223297],[92.235167,26.8268387],[92.2325501,26.831414],[92.2353915,26.8328689],[92.2372215,26.8376201],[92.2335253,26.8422958],[92.2326284,26.8527377],[92.2376834,26.8579539],[92.2418604,26.8595872],[92.2413765,26.8822206],[92.2476545,26.8982735],[92.249382,26.9082419],[92.2551853,26.9096052],[92.2751752,26.9019585],[92.3029649,26.9071396],[92.3026619,26.9226429],[92.3131456,26.9251456],[92.3191139,26.9191055],[92.3207358,26.9125725]]]}},{"type":"Feature","properties":{"district":"Sonitpur","subdistrict":"Dhekiajuli (Pt)","dt_code":"306","sdt_code":"02041","dist_lgd":301,"subdt_lgd":2041,"st_nm":"ASSAM"},"geometry":{"type":"Polygon","coordinates":[[[92.4236543,26.931342],[92.4476354,26.907822],[92.4712427,26.8889307],[92.4767235,26.8814452],[92.4848211,26.8759459],[92.4886394,26.8674022],[92.4947053,26.8640276],[92.5024008,26.8528168],[92.505417,26.8516365],[92.5033004,26.8468459],[92.5075161,26.840171],[92.5069035,26.8348471],[92.5083959,26.8333491],[92.5134546,26.8324975],[92.5114299,26.8296668],[92.5127408,26.8259213],[92.5121508,26.8191375],[92.516663,26.8177571],[92.5183366,26.8126305],[92.5207533,26.8132026],[92.5284873,26.7928912],[92.5316746,26.7915217],[92.5365726,26.7924334],[92.5417154,26.7879294],[92.5382937,26.7843947],[92.5395702,26.7813729],[92.5389831,26.776741],[92.5446907,26.7739275],[92.5435345,26.7618767],[92.5400579,26.7601151],[92.5391864,26.757887],[92.5399827,26.7557454],[92.5432515,26.7548275],[92.5424125,26.7518655],[92.5388606,26.7499778],[92.5409876,26.7449339],[92.5400538,26.7423002],[92.5423987,26.7392455],[92.5403433,26.7371812],[92.536473,26.7386436],[92.5354777,26.7375143],[92.5404747,26.7338726],[92.5427735,26.7290832],[92.5363597,26.726675],[92.5376055,26.7254606],[92.5437909,26.7257205],[92.5464477,26.7240175],[92.5493217,26.7273384],[92.5500899,26.7259733],[92.5411892,26.7180258],[92.5439971,26.7164696],[92.542924,26.7125757],[92.5439712,26.7106923],[92.5378778,26.7014327],[92.5393217,26.7008253],[92.5421293,26.7032059],[92.545289,26.7017513],[92.5438943,26.6973488],[92.5444904,26.6882241],[92.5506614,26.6845867],[92.5423667,26.6833143],[92.5411353,26.6769798],[92.5388777,26.6776524],[92.5377566,26.681233],[92.5361739,26.6809911],[92.5326893,26.6761853],[92.5334133,26.6730114],[92.5278058,26.6696327],[92.530554,26.6664689],[92.5299472,26.665313],[92.5247576,26.6669086],[92.52206,26.6650658],[92.5221873,26.6616632],[92.5194284,26.65948],[92.5153366,26.66261],[92.5138636,26.6618182],[92.5154496,26.6543764],[92.5181946,26.6514526],[92.5220575,26.6529378],[92.5227555,26.6489486],[92.5238743,26.6544393],[92.5253254,26.6550114],[92.5267887,26.6504744],[92.5302364,26.6499524],[92.5292853,26.6439429],[92.5243619,26.6400598],[92.5286947,26.638885],[92.526358,26.6361565],[92.531515,26.6337231],[92.5285943,26.6304565],[92.5318644,26.6270477],[92.5275083,26.6272247],[92.5221787,26.6216841],[92.5217955,26.615606],[92.5298607,26.6132395],[92.5323952,26.6101354],[92.5375365,26.6101657],[92.5394624,26.6064812],[92.5293195,26.5986765],[92.5199414,26.5990679],[92.5117817,26.5939025],[92.4992424,26.5662185],[92.4961513,26.5540113],[92.4918713,26.5449171],[92.457449,26.5005075],[92.4540322,26.506665],[92.451954,26.515139],[92.4420533,26.519755],[92.4365393,26.5202955],[92.3928005,26.5127814],[92.3884484,26.5131497],[92.3829889,26.5163542],[92.3608676,26.5053341],[92.35225,26.5053398],[92.3473334,26.5076135],[92.3438305,26.5041153],[92.3410131,26.5124811],[92.3465466,26.5208249],[92.3570758,26.5230909],[92.3731989,26.5231627],[92.3818449,26.5298551],[92.3817973,26.5387279],[92.3767788,26.5492425],[92.3692932,26.5569734],[92.3581,26.5619143],[92.3598557,26.5747896],[92.3673864,26.5748232],[92.3723577,26.583874],[92.3672871,26.5928803],[92.3672623,26.5973946],[92.3622158,26.6018865],[92.3722099,26.6109597],[92.3872761,26.6110254],[92.3922505,26.6200755],[92.3922028,26.629104],[92.402272,26.6246323],[92.4065727,26.6292607],[92.4072249,26.6381962],[92.4021781,26.6426895],[92.3871076,26.6426253],[92.3820598,26.6471178],[92.3820841,26.6426036],[92.3770607,26.6425816],[92.3770362,26.6470959],[92.3719631,26.6561023],[92.3717652,26.6922162],[92.3667396,26.6921938],[92.3648267,26.6946915],[92.361714,26.6921713],[92.3566884,26.6921486],[92.3567137,26.6876344],[92.3617894,26.6786287],[92.3567897,26.6740918],[92.3568657,26.6605491],[92.3468429,26.6559891],[92.341793,26.6604801],[92.3367166,26.6694852],[92.3416634,26.6830511],[92.3416115,26.6920795],[92.3466114,26.696617],[92.3465856,26.7011311],[92.3364813,26.7101129],[92.3364552,26.7146271],[92.3414558,26.7191647],[92.3364028,26.7236554],[92.3363504,26.7326837],[92.331323,26.7326601],[92.3312438,26.7462026],[92.3279845,26.7500262],[92.3292556,26.7533527],[92.3277858,26.7577791],[92.332716,26.7606013],[92.3358459,26.7658009],[92.3315481,26.7644773],[92.3281113,26.7717145],[92.330152,26.772884],[92.3396596,26.7713211],[92.3343443,26.774695],[92.3354317,26.7779782],[92.3335769,26.7825604],[92.3369087,26.7871509],[92.3312157,26.7897664],[92.331024,26.7913683],[92.3335977,26.7933909],[92.3270059,26.8032308],[92.3285332,26.8065978],[92.3334049,26.8101465],[92.329482,26.8104926],[92.3263669,26.8148146],[92.3277387,26.8173738],[92.3304248,26.8145116],[92.3327266,26.8157436],[92.329528,26.821754],[92.3310788,26.8233678],[92.3334092,26.822254],[92.3344961,26.8231825],[92.3311749,26.8243174],[92.331847,26.8272916],[92.3289997,26.832116],[92.3286958,26.8360253],[92.334851,26.846419],[92.3389979,26.8482874],[92.3382577,26.8524877],[92.3405054,26.8549149],[92.3412575,26.8598784],[92.3432052,26.8627634],[92.3418107,26.8660917],[92.3420929,26.8790565],[92.3372756,26.896345],[92.3354384,26.8971561],[92.3299136,26.9068944],[92.3207358,26.9125725],[92.3191139,26.9191055],[92.3131456,26.9251456],[92.3631894,26.9345433],[92.3671003,26.9286844],[92.3983296,26.9246907],[92.412014,26.9427609],[92.4193248,26.9418295],[92.4236543,26.931342]]]}},{"type":"Feature","properties":{"district":"Sonitpur","subdistrict":"Thelamara","dt_code":"306","sdt_code":"","dist_lgd":301,"subdt_lgd":7049,"st_nm":"ASSAM"},"geometry":{"type":"Polygon","coordinates":[[[92.4968643,26.9633736],[92.5541903,26.95744],[92.5793324,26.9588919],[92.5879517,26.96115],[92.5881656,26.9595405],[92.5914792,26.9581422],[92.5903205,26.9558199],[92.5872519,26.9558974],[92.5868184,26.9539807],[92.5886581,26.95302],[92.5880229,26.9509025],[92.5830745,26.9479929],[92.5798405,26.9440784],[92.5813076,26.9405997],[92.5790545,26.9337874],[92.5817698,26.9343284],[92.5833038,26.9297058],[92.5757626,26.9183847],[92.576242,26.9116784],[92.5724292,26.9055873],[92.5711908,26.8889352],[92.5720217,26.8875674],[92.5734423,26.8890799],[92.5739947,26.8879513],[92.5724355,26.8844441],[92.5741151,26.8806771],[92.5737281,26.873769],[92.5769353,26.8725899],[92.5834587,26.8737467],[92.5835286,26.8671814],[92.5847906,26.8652909],[92.5915605,26.8616568],[92.5933034,26.8549025],[92.5914487,26.8484374],[92.5931714,26.8366425],[92.6027755,26.8353821],[92.6047243,26.828882],[92.6030567,26.8248957],[92.6058013,26.8221266],[92.6123324,26.8197574],[92.6178615,26.8122095],[92.6125259,26.8090068],[92.6135593,26.8018209],[92.605116,26.7965368],[92.6041987,26.7940082],[92.6166712,26.7834068],[92.6150992,26.7815817],[92.6085187,26.7816237],[92.6067125,26.7798716],[92.6139041,26.7702375],[92.6180343,26.7601992],[92.6161598,26.7565548],[92.6194297,26.75441],[92.6173233,26.7475593],[92.6173645,26.7385333],[92.6147707,26.7321462],[92.6204971,26.7305591],[92.6224531,26.7248297],[92.6274228,26.7185327],[92.6375109,26.7123234],[92.6379311,26.7038185],[92.6415006,26.6960417],[92.6412448,26.6927338],[92.6400866,26.6924877],[92.6373985,26.6958297],[92.6344958,26.6955207],[92.6250248,26.6884734],[92.6349251,26.6875764],[92.6353306,26.6601211],[92.6260872,26.6591014],[92.6265349,26.6545137],[92.6242321,26.6533045],[92.6263531,26.6510954],[92.6255068,26.6464084],[92.6264885,26.6456498],[92.6287071,26.6474407],[92.6300195,26.6431908],[92.6354619,26.6364332],[92.6319057,26.6325311],[92.6300737,26.6323394],[92.6210572,26.6373473],[92.6119527,26.6354325],[92.6003989,26.6171736],[92.5895964,26.6133565],[92.5849087,26.6102694],[92.5788311,26.5985305],[92.5776144,26.59236],[92.5784148,26.5897821],[92.5851296,26.5791191],[92.5837924,26.5763056],[92.5780934,26.5721448],[92.5784722,26.5691252],[92.5874747,26.5573101],[92.5887797,26.5438892],[92.5918604,26.5407196],[92.5990657,26.5372853],[92.5939525,26.5336892],[92.5924182,26.5068575],[92.5880176,26.5053062],[92.5908055,26.501342],[92.584388,26.5020319],[92.5739845,26.4995908],[92.562287,26.5066538],[92.5485433,26.5055361],[92.5225881,26.5081012],[92.4928378,26.5020259],[92.4843595,26.4972891],[92.4779089,26.4957769],[92.4674482,26.4962823],[92.4601661,26.4979906],[92.457449,26.5005075],[92.4918713,26.5449171],[92.4961513,26.5540113],[92.4992424,26.5662185],[92.5117817,26.5939025],[92.5199414,26.5990679],[92.5293195,26.5986765],[92.5394624,26.6064812],[92.5375365,26.6101657],[92.5323952,26.6101354],[92.5298607,26.6132395],[92.5217955,26.615606],[92.5221787,26.6216841],[92.5275083,26.6272247],[92.5318644,26.6270477],[92.5285943,26.6304565],[92.531515,26.6337231],[92.526358,26.6361565],[92.5286947,26.638885],[92.5243619,26.6400598],[92.5292853,26.6439429],[92.5302364,26.6499524],[92.5267887,26.6504744],[92.5253254,26.6550114],[92.5238743,26.6544393],[92.5227555,26.6489486],[92.5220575,26.6529378],[92.5181946,26.6514526],[92.5154496,26.6543764],[92.5138636,26.6618182],[92.5153366,26.66261],[92.5194284,26.65948],[92.5221873,26.6616632],[92.52206,26.6650658],[92.5247576,26.6669086],[92.5299472,26.665313],[92.530554,26.6664689],[92.5278058,26.6696327],[92.5334133,26.6730114],[92.5326893,26.6761853],[92.5361739,26.6809911],[92.5377566,26.681233],[92.5388777,26.6776524],[92.5411353,26.6769798],[92.5423667,26.6833143],[92.5506614,26.6845867],[92.5444904,26.6882241],[92.5438943,26.6973488],[92.545289,26.7017513],[92.5421293,26.7032059],[92.5393217,26.7008253],[92.5378778,26.7014327],[92.5439712,26.7106923],[92.542924,26.7125757],[92.5439971,26.7164696],[92.5411892,26.7180258],[92.5491888,26.7240999],[92.5500945,26.7266531],[92.5489429,26.7271232],[92.5464477,26.7240175],[92.5437909,26.7257205],[92.5364327,26.7261402],[92.537188,26.7278175],[92.5427735,26.7290832],[92.5404747,26.7338726],[92.5354777,26.7375143],[92.536473,26.7386436],[92.5403433,26.7371812],[92.5423987,26.7392455],[92.5400538,26.7423002],[92.5409876,26.7449339],[92.5388606,26.7499778],[92.5424125,26.7518655],[92.5432515,26.7548275],[92.5399827,26.7557454],[92.5391864,26.757887],[92.5400579,26.7601151],[92.5435345,26.7618767],[92.5446907,26.7739275],[92.5389831,26.776741],[92.5395702,26.7813729],[92.5382937,26.7843947],[92.5417154,26.7879294],[92.5365726,26.7924334],[92.5316746,26.7915217],[92.5284873,26.7928912],[92.5207533,26.8132026],[92.5183366,26.8126305],[92.516663,26.8177571],[92.5121508,26.8191375],[92.5127408,26.8259213],[92.5114299,26.8296668],[92.5134546,26.8324975],[92.5083959,26.8333491],[92.5069035,26.8348471],[92.5075161,26.840171],[92.5033004,26.8468459],[92.505417,26.8516365],[92.5024008,26.8528168],[92.4947053,26.8640276],[92.4886394,26.8674022],[92.4848211,26.8759459],[92.4767235,26.8814452],[92.4712427,26.8889307],[92.4615527,26.8956046],[92.454193,26.903428],[92.4476354,26.907822],[92.4348275,26.9221333],[92.4262894,26.9283748],[92.421993,26.9340699],[92.4193248,26.9418295],[92.4258066,26.9410398],[92.4474682,26.9588118],[92.4968643,26.9633736]]]}},{"type":"Feature","properties":{"district":"Sonitpur","subdistrict":"Chariduar","dt_code":"306","sdt_code":"02042","dist_lgd":301,"subdt_lgd":2042,"st_nm":"ASSAM"},"geometry":{"type":"Polygon","coordinates":[[[92.6775184,27.0316605],[92.6876124,27.0271687],[92.6926531,27.0271796],[92.6977056,27.0226762],[92.7128271,27.0227073],[92.7229189,27.0182129],[92.732989,27.0227463],[92.7531511,27.0227823],[92.7632228,27.0273136],[92.7783536,27.0228234],[92.7934752,27.0228459],[92.8237388,27.0093431],[92.8388649,27.0048465],[92.8572652,27.0016391],[92.8866089,26.9997454],[92.9184105,26.9823057],[92.9155327,26.9739159],[92.9171454,26.9629304],[92.983036,26.9354215],[92.9781937,26.9296567],[92.9687988,26.9242512],[92.9593919,26.9145309],[92.9577516,26.9090632],[92.9515358,26.9059057],[92.9397838,26.8936087],[92.9335233,26.8900034],[92.929709,26.8899318],[92.9192188,26.8850005],[92.9162234,26.881705],[92.9051683,26.8803618],[92.8997235,26.8748847],[92.8957947,26.8764962],[92.893473,26.8727584],[92.8865459,26.8668233],[92.8739121,26.8647705],[92.8733036,26.8567052],[92.8694708,26.8564405],[92.8655575,26.8525755],[92.8611089,26.8512018],[92.8677813,26.8483351],[92.8671955,26.8440035],[92.858824,26.8421791],[92.8598716,26.8404829],[92.8647514,26.8390516],[92.8672664,26.8348517],[92.8651237,26.8258172],[92.8704404,26.8040607],[92.8679644,26.7903514],[92.8686534,26.7858504],[92.8708906,26.7754249],[92.8790124,26.7621962],[92.8747071,26.7617827],[92.8741128,26.7472078],[92.8672125,26.7367796],[92.8625865,26.7324137],[92.8601923,26.7254693],[92.8600841,26.7176208],[92.8616936,26.7136203],[92.8677175,26.7068491],[92.8845971,26.6958743],[92.8743174,26.6950731],[92.8664947,26.6877366],[92.8603933,26.6848042],[92.8534705,26.6818389],[92.846265,26.6817276],[92.8460203,26.6860361],[92.8428418,26.690003],[92.8413278,26.6960982],[92.8426117,26.7007266],[92.8402795,26.7084823],[92.8384443,26.7097395],[92.8273152,26.7100582],[92.8271628,26.715075],[92.8252695,26.7173872],[92.8204351,26.7184056],[92.8087031,26.7148533],[92.8020953,26.7158081],[92.7991477,26.7072311],[92.7954584,26.7058829],[92.7902177,26.7106123],[92.7932068,26.7145527],[92.7913808,26.7191111],[92.7795233,26.7175957],[92.7756847,26.7156641],[92.7687993,26.7249799],[92.7640473,26.720985],[92.7547568,26.7234196],[92.7471119,26.7228525],[92.7357271,26.7137627],[92.7269969,26.71377],[92.7164539,26.706755],[92.7166124,26.7041455],[92.7194521,26.703049],[92.7171292,26.7015068],[92.7179177,26.6985756],[92.6922373,26.7045672],[92.6844729,26.7045316],[92.6831771,26.7036791],[92.6830359,26.6956844],[92.672836,26.6954291],[92.6689246,26.6964973],[92.6682394,26.6980674],[92.6408802,26.6971971],[92.6379311,26.7038185],[92.6375109,26.7123234],[92.6274228,26.7185327],[92.6224531,26.7248297],[92.6204971,26.7305591],[92.6152333,26.7313516],[92.6194297,26.75441],[92.6161598,26.7565548],[92.6180343,26.7601992],[92.6139041,26.7702375],[92.6067125,26.7798716],[92.6085187,26.7816237],[92.6150992,26.7815817],[92.6166712,26.7834068],[92.6041987,26.7940082],[92.605116,26.7965368],[92.6135593,26.8018209],[92.6125259,26.8090068],[92.6178615,26.8122095],[92.6123324,26.8197574],[92.6058013,26.8221266],[92.6030567,26.8248957],[92.6047243,26.828882],[92.6027755,26.8353821],[92.5931714,26.8366425],[92.5914487,26.8484374],[92.5933034,26.8549025],[92.5915605,26.8616568],[92.5847906,26.8652909],[92.5835286,26.8671814],[92.5834587,26.8737467],[92.5769353,26.8725899],[92.5737281,26.873769],[92.5741151,26.8806771],[92.5724355,26.8844441],[92.5739947,26.8879513],[92.5734423,26.8890799],[92.5720217,26.8875674],[92.5711908,26.8889352],[92.5724292,26.9055873],[92.576242,26.9116784],[92.5757626,26.9183847],[92.5833038,26.9297058],[92.5817698,26.9343284],[92.5790545,26.9337874],[92.5813076,26.9405997],[92.5798405,26.9440784],[92.5883767,26.9514162],[92.5872519,26.9558974],[92.5910563,26.9564401],[92.5909692,26.958938],[92.5881656,26.9595405],[92.5879517,26.96115],[92.6447991,26.9866633],[92.6674498,27.0271232],[92.6724775,27.0316491],[92.6775184,27.0316605]]]}},{"type":"Feature","properties":{"district":"Biswanath","subdistrict":"Na-Duar","dt_code":"756","sdt_code":"02044","dist_lgd":705,"subdt_lgd":2044,"st_nm":"ASSAM"},"geometry":{"type":"Polygon","coordinates":[[[93.0216749,26.913457],[93.0617562,26.9220693],[93.0580293,26.9183633],[93.0555685,26.9084509],[93.0596042,26.9007272],[93.057545,26.8825905],[93.060568,26.8771993],[93.0612807,26.8723381],[93.0600096,26.8686598],[93.0566058,26.8643262],[93.052242,26.8619596],[93.0498013,26.8568731],[93.0441965,26.8551618],[93.0433758,26.8506931],[93.0478252,26.8370324],[93.0538951,26.8303833],[93.0587585,26.8293756],[93.0642331,26.8221733],[93.063118,26.8144365],[93.0579486,26.8029824],[93.0637408,26.7975603],[93.0626298,26.7933164],[93.0659185,26.7886752],[93.0652123,26.7832631],[93.0687205,26.7812838],[93.0668504,26.7766214],[93.0745572,26.7681074],[93.0677943,26.7593964],[93.0706572,26.7542182],[93.0679202,26.7476604],[93.0747125,26.7368131],[93.0733461,26.7335542],[93.0766597,26.7316402],[93.0804121,26.7197519],[93.0873229,26.7122267],[93.0868504,26.7105066],[93.08307,26.7104541],[93.0841648,26.7016081],[93.0916152,26.6975712],[93.104882,26.6940105],[93.1049606,26.685248],[93.1068754,26.6766152],[93.1092532,26.6724436],[93.1234627,26.6594409],[93.1248844,26.6563497],[93.1451989,26.5917795],[93.1182176,26.5799172],[93.1040845,26.5770858],[93.096561,26.5770572],[93.078843,26.5909335],[93.0740415,26.5965367],[93.0700149,26.598119],[93.055439,26.5950209],[93.0335,26.5981803],[93.0232104,26.5969591],[93.0095497,26.5986315],[92.9962026,26.6040087],[92.9951869,26.6064606],[92.9966975,26.610918],[92.9930755,26.6136918],[92.9847319,26.6144158],[92.9784293,26.6182382],[92.954867,26.6184015],[92.951198,26.6204026],[92.9405077,26.6185844],[92.9342027,26.61515],[92.930671,26.6202186],[92.9202699,26.6440211],[92.9176824,26.6577804],[92.9142649,26.6656475],[92.9079522,26.6741181],[92.9022365,26.6869554],[92.8949445,26.6960378],[92.8836246,26.7021342],[92.8813792,26.6982101],[92.8726298,26.7025854],[92.8616936,26.7136203],[92.8600841,26.7176208],[92.8601923,26.7254693],[92.8625865,26.7324137],[92.8672125,26.7367796],[92.8741128,26.7472078],[92.8747071,26.7617827],[92.8790124,26.7621962],[92.8708906,26.7754249],[92.8686534,26.7858504],[92.8679644,26.7903514],[92.8704404,26.8040607],[92.8651237,26.8258172],[92.8672664,26.8348517],[92.8647514,26.8390516],[92.8598716,26.8404829],[92.858824,26.8421791],[92.8671955,26.8440035],[92.8677813,26.8483351],[92.8611089,26.8512018],[92.8655575,26.8525755],[92.8694708,26.8564405],[92.8733036,26.8567052],[92.8739121,26.8647705],[92.8865459,26.8668233],[92.893473,26.8727584],[92.8957947,26.8764962],[92.8997235,26.8748847],[92.9051683,26.8803618],[92.9162234,26.881705],[92.9192188,26.8850005],[92.929709,26.8899318],[92.9335233,26.8900034],[92.9397838,26.8936087],[92.9515358,26.9059057],[92.9577516,26.9090632],[92.9593919,26.9145309],[92.9687988,26.9242512],[92.9781937,26.9296567],[92.9830359,26.9354215],[93.0216749,26.913457]]]}},{"type":"Feature","properties":{"district":"Biswanath","subdistrict":"Biswanath","dt_code":"756","sdt_code":"02045","dist_lgd":705,"subdt_lgd":2045,"st_nm":"ASSAM"},"geometry":{"type":"Polygon","coordinates":[[[93.3227156,26.9600098],[93.3804922,26.9592205],[93.4071392,26.9559981],[93.4036621,26.9521048],[93.4030352,26.9485136],[93.404122,26.9380569],[93.4079743,26.9351457],[93.4081845,26.9316055],[93.4015928,26.9233003],[93.4084647,26.9213853],[93.4111095,26.9176147],[93.4109891,26.9077989],[93.4196124,26.9087908],[93.4221301,26.9071169],[93.4227822,26.9045582],[93.4201447,26.8999134],[93.4196643,26.8896286],[93.4093186,26.8890355],[93.4039199,26.8793336],[93.4069854,26.8774026],[93.4077712,26.8644353],[93.419663,26.8642131],[93.4233906,26.86205],[93.4227118,26.8545863],[93.4177768,26.845135],[93.4172649,26.8406115],[93.4282655,26.8433088],[93.4316705,26.8395974],[93.4250882,26.8290025],[93.4218827,26.8172465],[93.4325749,26.8135109],[93.4361428,26.8076052],[93.4332895,26.7884533],[93.4293276,26.7822237],[93.4353111,26.776914],[93.4417313,26.7745131],[93.4598332,26.7772812],[93.4655307,26.776886],[93.4696489,26.7679536],[93.4726481,26.7500042],[93.4459318,26.7500005],[93.438875,26.7483537],[93.3949044,26.7500313],[93.3720682,26.7458614],[93.3451663,26.731701],[93.3407155,26.7257972],[93.3364327,26.7152181],[93.3308928,26.7088263],[93.3213715,26.7075997],[93.3166806,26.7036852],[93.3104919,26.7011146],[93.2906735,26.6974663],[93.2847654,26.6908603],[93.2857165,26.6889655],[93.2738585,26.68532],[93.2614823,26.6831667],[93.2506667,26.687318],[93.2453179,26.6858624],[93.2416738,26.6838617],[93.2330395,26.668764],[93.2265429,26.6605644],[93.2245777,26.6407997],[93.2197843,26.6310462],[93.167546,26.6120438],[93.1630114,26.6078706],[93.1602434,26.6014676],[93.1451989,26.5917795],[93.1312217,26.6390703],[93.1234627,26.6594409],[93.1092532,26.6724436],[93.1068754,26.6766152],[93.103801,26.6952256],[93.0951548,26.6963513],[93.0841648,26.7016081],[93.08307,26.7104541],[93.0868504,26.7105066],[93.0873229,26.7122267],[93.0804121,26.7197519],[93.0766597,26.7316402],[93.0733461,26.7335542],[93.0747125,26.7368131],[93.0681595,26.7465161],[93.0706572,26.7542182],[93.0677943,26.7593964],[93.0745572,26.7681074],[93.0668504,26.7766214],[93.0687205,26.7812838],[93.0652123,26.7832631],[93.0659185,26.7886752],[93.0626298,26.7933164],[93.0637408,26.7975603],[93.0579486,26.8029824],[93.063118,26.8144365],[93.0642331,26.8221733],[93.0587585,26.8293756],[93.0538951,26.8303833],[93.0478252,26.8370324],[93.0433758,26.8506931],[93.0441965,26.8551618],[93.0498013,26.8568731],[93.052242,26.8619596],[93.0566058,26.8643262],[93.0600096,26.8686598],[93.0612807,26.8723381],[93.060568,26.8771993],[93.057545,26.8825905],[93.0596042,26.9007272],[93.0555685,26.9084509],[93.0580293,26.9183633],[93.0630678,26.9222671],[93.0882259,26.9143923],[93.1069449,26.9256593],[93.1790667,26.9371975],[93.2029463,26.9435896],[93.26166,26.9535276],[93.2977735,26.9563408],[93.3227156,26.9600098]]]}},{"type":"Feature","properties":{"district":"Golaghat","subdistrict":"Bokakhat","dt_code":"313","sdt_code":"02082","dist_lgd":288,"subdt_lgd":2082,"st_nm":"ASSAM"},"geometry":{"type":"Polygon","coordinates":[[[93.7437903,26.8016552],[93.7509411,26.8036725],[93.7538535,26.8071239],[93.7551501,26.7931925],[93.7467692,26.777792],[93.7390655,26.7740797],[93.7479297,26.7746894],[93.7633117,26.7723838],[93.7757379,26.7407136],[93.777297,26.733147],[93.7767096,26.7277697],[93.7848306,26.710387],[93.7849404,26.7026621],[93.7831102,26.6888216],[93.7805711,26.6830446],[93.7813459,26.6814046],[93.7853318,26.680053],[93.8076474,26.6849419],[93.8176763,26.685056],[93.8241813,26.6834808],[93.8269118,26.6793815],[93.8275671,26.6737702],[93.8271197,26.6682373],[93.8244706,26.6614702],[93.8143039,26.6526925],[93.785264,26.6443975],[93.7704072,26.6364198],[93.7586469,26.6260521],[93.7579836,26.6199665],[93.7626036,26.6084145],[93.7629615,26.5956661],[93.7590398,26.5874712],[93.7567911,26.5855736],[93.756947,26.5820209],[93.7543015,26.5786663],[93.751748,26.5813492],[93.7518431,26.5854541],[93.7492899,26.5839491],[93.7468394,26.5849894],[93.7457802,26.5835867],[93.7401886,26.5834425],[93.7366935,26.5868073],[93.7376583,26.5878851],[93.7352117,26.5909286],[93.7352997,26.5936589],[93.7277321,26.5959705],[93.716755,26.6036725],[93.7151128,26.6029921],[93.712414,26.6054623],[93.7009841,26.6072785],[93.6909032,26.6070985],[93.6832667,26.6057256],[93.6824522,26.6033701],[93.6789387,26.6045494],[93.6785459,26.601878],[93.6749206,26.5999929],[93.6718799,26.6033922],[93.6659666,26.6045628],[93.6636671,26.6036384],[93.6641733,26.6012509],[93.6615523,26.5994059],[93.6599309,26.5997718],[93.6589529,26.602534],[93.6526024,26.602251],[93.649118,26.5999592],[93.6420498,26.5994728],[93.6425916,26.5970043],[93.6409801,26.5962734],[93.6360156,26.5973209],[93.6319846,26.5957868],[93.6288722,26.5925964],[93.6254437,26.591942],[93.6254336,26.5883364],[93.6219753,26.5901549],[93.6231901,26.5835256],[93.6213488,26.5759596],[93.6178237,26.5713468],[93.6138996,26.5697631],[93.6164234,26.5689636],[93.6173224,26.5661661],[93.613918,26.5684022],[93.610873,26.5666338],[93.6102434,26.5682269],[93.6132366,26.572722],[93.6118722,26.577226],[93.600665,26.5745166],[93.5943403,26.570863],[93.5898396,26.5706308],[93.5893808,26.5766715],[93.583116,26.5799177],[93.5826602,26.5857414],[93.584872,26.5887059],[93.5835477,26.596707],[93.5901313,26.5982711],[93.5861274,26.6034772],[93.5814522,26.6056444],[93.5750272,26.6046727],[93.571628,26.608467],[93.5679812,26.6077565],[93.5684925,26.6100219],[93.5587751,26.6119053],[93.5557902,26.6109705],[93.5533922,26.61248],[93.5526495,26.6070429],[93.5498362,26.6042958],[93.547193,26.6053411],[93.5420506,26.6033785],[93.537067,26.5976649],[93.5237701,26.5935044],[93.5194637,26.5954211],[93.5143394,26.5933576],[93.509578,26.5933416],[93.5041378,26.6061234],[93.5002774,26.6056515],[93.4955827,26.6110112],[93.4962864,26.6069581],[93.4941063,26.605746],[93.4780642,26.6030328],[93.4759782,26.6000018],[93.4731361,26.5990471],[93.4730979,26.5955677],[93.4695437,26.5952542],[93.4699221,26.5914632],[93.4784928,26.5884878],[93.4887542,26.5900774],[93.4914783,26.5885409],[93.4917176,26.5869386],[93.4905769,26.5856534],[93.4855629,26.586032],[93.4797742,26.584493],[93.4744162,26.5818163],[93.4662674,26.5720515],[93.4639132,26.5715701],[93.463811,26.569219],[93.4599831,26.5709858],[93.4594548,26.5691856],[93.4566389,26.5685283],[93.4554267,26.5718324],[93.4642133,26.5767958],[93.4664053,26.5813568],[93.4664084,26.5852063],[93.4647976,26.585803],[93.4569603,26.575866],[93.4524177,26.5750833],[93.4548243,26.578769],[93.453079,26.5806608],[93.4488123,26.5799546],[93.4466677,26.5777941],[93.4447509,26.5785261],[93.4148906,26.5725086],[93.4087918,26.5690443],[93.4086768,26.5705742],[93.401786,26.5698085],[93.3975154,26.5713526],[93.3975457,26.5726027],[93.4063293,26.5748529],[93.4024704,26.577778],[93.4028624,26.5800073],[93.3841362,26.5800053],[93.3789112,26.5785434],[93.3718595,26.5792836],[93.369109,26.5811427],[93.3603156,26.5800771],[93.3554217,26.5814123],[93.3506538,26.5804324],[93.3474212,26.5818804],[93.336515,26.580145],[93.3320116,26.5836502],[93.3260483,26.5846863],[93.3143445,26.5822855],[93.3113998,26.5795269],[93.3105232,26.5762999],[93.307943,26.5771561],[93.3034817,26.576116],[93.2949826,26.5718514],[93.2950565,26.5739679],[93.3024028,26.5809979],[93.2950668,26.5852628],[93.2913785,26.590676],[93.2959049,26.599199],[93.2964579,26.6119435],[93.291636,26.6280874],[93.2868406,26.6372068],[93.2928436,26.6370435],[93.2978038,26.6351593],[93.304575,26.636818],[93.3108245,26.6408556],[93.3175132,26.6505522],[93.3177827,26.6536707],[93.3169619,26.657646],[93.3084949,26.6644608],[93.3066594,26.667637],[93.3120233,26.6774233],[93.3168203,26.6779489],[93.3150472,26.6866307],[93.3068438,26.693748],[93.3039155,26.7004117],[93.3126018,26.7018511],[93.3213715,26.7075997],[93.3308928,26.7088263],[93.3373166,26.7166896],[93.3420063,26.7281216],[93.3523772,26.7363507],[93.3720682,26.7458614],[93.3949044,26.7500313],[93.438875,26.7483537],[93.4459318,26.7500005],[93.5224915,26.749999],[93.5568163,26.7368473],[93.5617299,26.7319763],[93.5579308,26.7315274],[93.5579186,26.7274344],[93.566028,26.72224],[93.5768192,26.7189057],[93.5922013,26.7188302],[93.6009564,26.715051],[93.6123936,26.7139976],[93.6244128,26.7103601],[93.6509263,26.7062196],[93.6620648,26.7124308],[93.6672501,26.7132951],[93.6705189,26.7120875],[93.6628383,26.7322888],[93.6493671,26.75065],[93.6487181,26.7882337],[93.6590464,26.792752],[93.670313,26.8010016],[93.6753047,26.7974817],[93.6893343,26.7975974],[93.7049863,26.8097015],[93.7082708,26.8144991],[93.7123664,26.8161078],[93.7323272,26.81116],[93.738234,26.8043106],[93.7437903,26.8016552]]]}},{"type":"Feature","properties":{"district":"Biswanath","subdistrict":"Helem","dt_code":"756","sdt_code":"02046","dist_lgd":705,"subdt_lgd":2046,"st_nm":"ASSAM"},"geometry":{"type":"Polygon","coordinates":[[[93.4624901,26.9378804],[93.4706478,26.9365972],[93.4747297,26.9393241],[93.486259,26.9422774],[93.4891022,26.9361768],[93.507278,26.943942],[93.524771,26.9485267],[93.5345228,26.9486527],[93.5341932,26.9392849],[93.5373155,26.9359847],[93.5421206,26.9265761],[93.5432873,26.9141957],[93.546281,26.9091367],[93.5442002,26.9018679],[93.5470816,26.8957325],[93.5419405,26.8793626],[93.5421682,26.8754381],[93.5909302,26.8938444],[93.6008461,26.8997895],[93.600961,26.896341],[93.6088179,26.8893996],[93.6128328,26.8835848],[93.6111847,26.8818629],[93.6161556,26.8731545],[93.6247482,26.8679876],[93.6253905,26.8595568],[93.6320446,26.8550143],[93.6324546,26.8525014],[93.62977,26.8511032],[93.6316088,26.8494859],[93.6281688,26.8489112],[93.6316912,26.8478468],[93.6308549,26.8458591],[93.6324208,26.8450233],[93.6332872,26.8416256],[93.6309058,26.8430278],[93.628398,26.8417598],[93.6264163,26.8438556],[93.6248924,26.8396751],[93.6225616,26.8403443],[93.6245891,26.8368309],[93.6217165,26.8369935],[93.6216021,26.8326319],[93.6195627,26.8317894],[93.6247246,26.8254615],[93.6232296,26.8233476],[93.6239515,26.821915],[93.6273818,26.8215112],[93.6282349,26.8191928],[93.6251159,26.8101524],[93.6252824,26.801482],[93.6279376,26.7987153],[93.6347407,26.7968764],[93.6440264,26.7957801],[93.6477982,26.798832],[93.6491052,26.79831],[93.6449896,26.7920821],[93.6454833,26.7894452],[93.6428545,26.7855485],[93.6490452,26.7639102],[93.6493671,26.75065],[93.6628383,26.7322888],[93.6705189,26.7120875],[93.6672501,26.7132951],[93.6620648,26.7124308],[93.6509263,26.7062196],[93.6244128,26.7103601],[93.6123936,26.7139976],[93.6009564,26.715051],[93.5897036,26.7192762],[93.5748642,26.7193245],[93.5615995,26.7241014],[93.5585625,26.7264374],[93.5579308,26.7315274],[93.5617299,26.7319763],[93.5568163,26.7368473],[93.5224915,26.749999],[93.4726481,26.7500042],[93.4696489,26.7679536],[93.4655307,26.776886],[93.4598332,26.7772812],[93.4417313,26.7745131],[93.4353111,26.776914],[93.4293276,26.7822237],[93.4332895,26.7884533],[93.4361428,26.8076052],[93.4325749,26.8135109],[93.4218827,26.8172465],[93.4250882,26.8290025],[93.4316705,26.8395974],[93.4282655,26.8433088],[93.4172649,26.8406115],[93.4177768,26.845135],[93.4227118,26.8545863],[93.4233906,26.86205],[93.419663,26.8642131],[93.4077712,26.8644353],[93.4069854,26.8774026],[93.4039199,26.8793336],[93.4093186,26.8890355],[93.4196643,26.8896286],[93.4201447,26.8999134],[93.4227613,26.9055913],[93.4187334,26.9089848],[93.4109891,26.9077989],[93.4111095,26.9176147],[93.4084647,26.9213853],[93.4016227,26.9232088],[93.4079961,26.9310169],[93.4084345,26.9335142],[93.404122,26.9380569],[93.4031245,26.9506542],[93.4071392,26.9559981],[93.4487706,26.9507818],[93.4624901,26.9378804]]]}},{"type":"Feature","properties":{"district":"Biswanath","subdistrict":"Gohpur","dt_code":"756","sdt_code":"02047","dist_lgd":705,"subdt_lgd":2047,"st_nm":"ASSAM"},"geometry":{"type":"Polygon","coordinates":[[[93.7008144,26.991251],[93.698958,26.9911016],[93.6992035,26.98894],[93.7010272,26.9894039],[93.7044053,26.9866269],[93.7088371,26.9854421],[93.7084831,26.98352],[93.7109562,26.9834915],[93.7110498,26.9805222],[93.7141376,26.9809129],[93.715597,26.9792018],[93.7188015,26.9806754],[93.718331,26.9781351],[93.7215984,26.9763821],[93.7211786,26.9742299],[93.7239147,26.96972],[93.7287403,26.9707005],[93.7369211,26.9673281],[93.738619,26.9628819],[93.7441586,26.9579001],[93.7435631,26.9429935],[93.7419116,26.9402248],[93.7459624,26.9364919],[93.7488862,26.9140382],[93.7417983,26.9125015],[93.7423114,26.9110421],[93.7392671,26.9093845],[93.7425688,26.9040164],[93.7392086,26.900982],[93.7395157,26.8986222],[93.7427132,26.898043],[93.7460368,26.8952597],[93.7490513,26.8955857],[93.7529011,26.8914512],[93.7581092,26.8922455],[93.7612671,26.8899918],[93.7751031,26.8888881],[93.7772918,26.8839077],[93.7804151,26.8859767],[93.7804662,26.8735264],[93.786652,26.8655928],[93.7850029,26.864062],[93.7876295,26.8638967],[93.786036,26.8620635],[93.7894434,26.8606668],[93.7876652,26.8571097],[93.7845651,26.8580237],[93.7780271,26.8550228],[93.7780153,26.8513585],[93.7739056,26.8505884],[93.7747533,26.847931],[93.7631992,26.8399335],[93.7584395,26.8306962],[93.7600977,26.8219127],[93.755706,26.8101349],[93.7509411,26.8036725],[93.7437903,26.8016552],[93.738234,26.8043106],[93.7323272,26.81116],[93.7130881,26.8161527],[93.7082708,26.8144991],[93.7049863,26.8097015],[93.6893343,26.7975974],[93.6753047,26.7974817],[93.6698816,26.800895],[93.6590464,26.792752],[93.6487181,26.7882337],[93.6490452,26.7639102],[93.6428545,26.7855485],[93.6454833,26.7894452],[93.6449896,26.7920821],[93.6491052,26.79831],[93.6477982,26.798832],[93.6440264,26.7957801],[93.6324375,26.7971936],[93.6264553,26.7997187],[93.6247321,26.8035992],[93.6251159,26.8101524],[93.6282349,26.8191928],[93.6273818,26.8215112],[93.6239515,26.821915],[93.6232296,26.8233476],[93.6247246,26.8254615],[93.6195627,26.8317894],[93.6216021,26.8326319],[93.6217165,26.8369935],[93.6245891,26.8368309],[93.6225616,26.8403443],[93.6248924,26.8396751],[93.6264163,26.8438556],[93.628398,26.8417598],[93.6309058,26.8430278],[93.6332872,26.8416256],[93.6324208,26.8450233],[93.6308549,26.8458591],[93.6316912,26.8478468],[93.6281688,26.8489112],[93.6316088,26.8494859],[93.62977,26.8511032],[93.6324604,26.8537541],[93.6302894,26.8571754],[93.6253905,26.8595568],[93.6247482,26.8679876],[93.6161556,26.8731545],[93.6111847,26.8818629],[93.6128328,26.8835848],[93.6088179,26.8893996],[93.600961,26.896341],[93.6008461,26.8997895],[93.5909302,26.8938444],[93.5421682,26.8754381],[93.5419405,26.8793626],[93.5470816,26.8957325],[93.5442002,26.9018679],[93.546281,26.9091367],[93.5432873,26.9141957],[93.5421206,26.9265761],[93.5373155,26.9359847],[93.5341932,26.9392849],[93.5345228,26.9486527],[93.5410095,26.9489749],[93.5449355,26.951229],[93.549151,26.9500083],[93.5567134,26.951172],[93.5596633,26.9527121],[93.5866695,26.9504701],[93.6147259,26.9603032],[93.6274566,26.9631555],[93.660121,26.9669551],[93.6672884,26.9694621],[93.675671,26.9745856],[93.6936701,26.9889955],[93.6977834,26.9942031],[93.7008144,26.991251]]]}},{"type":"Feature","properties":{"district":"Karbi Anglong","subdistrict":"Phuloni","dt_code":"314","sdt_code":"02090","dist_lgd":292,"subdt_lgd":2090,"st_nm":"ASSAM"},"geometry":{"type":"Polygon","coordinates":[[[93.5554913,26.6110637],[93.5587751,26.6119053],[93.5684925,26.6100219],[93.5682687,26.6076184],[93.571628,26.608467],[93.5750272,26.6046727],[93.5814522,26.6056444],[93.589911,26.5997815],[93.5897704,26.5979771],[93.5835477,26.596707],[93.584872,26.5887059],[93.5825913,26.5849656],[93.583116,26.5799177],[93.5893808,26.5766715],[93.5898396,26.5706308],[93.5943403,26.570863],[93.600665,26.5745166],[93.603297,26.5742931],[93.6110305,26.577482],[93.6129773,26.5762223],[93.6132366,26.572722],[93.6101105,26.5671725],[93.6144131,26.5683176],[93.6167998,26.5658446],[93.6166889,26.5686089],[93.6138996,26.5697631],[93.6178237,26.5713468],[93.6213488,26.5759596],[93.6231901,26.5835256],[93.6219753,26.5901549],[93.6254336,26.5883364],[93.6254437,26.591942],[93.6288722,26.5925964],[93.6319846,26.5957868],[93.6360156,26.5973209],[93.6409801,26.5962734],[93.6425916,26.5970043],[93.6420498,26.5994728],[93.649118,26.5999592],[93.6526024,26.602251],[93.6589529,26.602534],[93.6599309,26.5997718],[93.6615523,26.5994059],[93.6641733,26.6012509],[93.6636671,26.6036384],[93.6659666,26.6045628],[93.6718799,26.6033922],[93.6749206,26.5999929],[93.6785459,26.601878],[93.6789387,26.6045494],[93.6824522,26.6033701],[93.6832667,26.6057256],[93.6909032,26.6070985],[93.7117413,26.6056568],[93.7147225,26.6045267],[93.7151128,26.6029921],[93.7172517,26.6034194],[93.7285951,26.5955187],[93.7352997,26.5936589],[93.7352117,26.5909286],[93.7376583,26.5878851],[93.7366935,26.5868073],[93.7401886,26.5834425],[93.7457802,26.5835867],[93.7468394,26.5849894],[93.7492899,26.5839491],[93.7518431,26.5854541],[93.7518521,26.5770106],[93.7483998,26.5763849],[93.7446529,26.5710962],[93.7407832,26.5684076],[93.7399853,26.565917],[93.7413445,26.5576281],[93.7395148,26.5570836],[93.7370485,26.5597346],[93.7356141,26.5554621],[93.7366638,26.5511989],[93.7332627,26.5495994],[93.7397454,26.5467467],[93.7390559,26.5397073],[93.7376523,26.5383883],[93.7329323,26.5397459],[93.731631,26.5377364],[93.7368797,26.5332218],[93.7420892,26.5375026],[93.7399259,26.5341806],[93.7431292,26.5316124],[93.7419423,26.5287275],[93.7435664,26.5273745],[93.756066,26.5288959],[93.7552165,26.5253525],[93.7583691,26.5222921],[93.7569983,26.5206867],[93.7521763,26.5208498],[93.7513623,26.5181543],[93.7575218,26.5155525],[93.7553059,26.5090911],[93.7622734,26.506964],[93.7636469,26.5054277],[93.7633549,26.5014601],[93.7697666,26.4975545],[93.7695187,26.4943546],[93.7721621,26.4884763],[93.7752286,26.4858474],[93.7753668,26.482499],[93.778236,26.4816841],[93.7790283,26.4756554],[93.7755953,26.4732386],[93.7713452,26.4765346],[93.770776,26.4737678],[93.7779081,26.4658707],[93.7836162,26.4632975],[93.785631,26.4644947],[93.7868659,26.4558804],[93.7851941,26.4523502],[93.7944977,26.4400581],[93.7831644,26.4385666],[93.7836998,26.433368],[93.7895395,26.4337101],[93.7899773,26.431296],[93.7921275,26.431744],[93.7939794,26.4284009],[93.7889539,26.4255775],[93.7813458,26.4248055],[93.7815386,26.4218587],[93.7798458,26.4202104],[93.7813859,26.4184649],[93.7799985,26.4172726],[93.7814937,26.4154458],[93.7807022,26.4148045],[93.7831923,26.4095169],[93.7882001,26.4080669],[93.7991801,26.4086778],[93.7948636,26.4036165],[93.7925933,26.403737],[93.7900906,26.3996604],[93.7907784,26.3978376],[93.7894217,26.3960993],[93.7865954,26.3961067],[93.7811636,26.3894827],[93.78073,26.3866754],[93.7769279,26.3853957],[93.7734343,26.386711],[93.7748999,26.3838418],[93.7804529,26.3821848],[93.7856014,26.3787176],[93.7868536,26.3792735],[93.7884089,26.3764087],[93.7940609,26.3757621],[93.7955522,26.3784391],[93.7946582,26.3815256],[93.7964357,26.3834264],[93.7963234,26.3864726],[93.7991436,26.3878235],[93.8008902,26.3912543],[93.8040374,26.3906376],[93.806219,26.3959007],[93.8095421,26.3946206],[93.8112342,26.3975864],[93.8166609,26.3985454],[93.822561,26.4054479],[93.8226842,26.4101233],[93.8262612,26.4134867],[93.8268158,26.4176568],[93.8342751,26.4136472],[93.8363562,26.4103081],[93.8468064,26.4069258],[93.8499245,26.4029415],[93.8588503,26.3983982],[93.8632406,26.3937683],[93.8656764,26.3887817],[93.868768,26.3883757],[93.878855,26.3939086],[93.8839561,26.3918956],[93.8806836,26.3877123],[93.8848674,26.3858797],[93.8831685,26.3811323],[93.888695,26.381019],[93.881204,26.3738484],[93.8812089,26.3724178],[93.8827268,26.3711812],[93.8885134,26.3710228],[93.8930078,26.3730577],[93.89425,26.3717307],[93.890417,26.3691904],[93.8892993,26.3650837],[93.883182,26.3618575],[93.883232,26.3590098],[93.8869891,26.359903],[93.888687,26.3566084],[93.8836375,26.3554219],[93.882976,26.3526645],[93.8879499,26.3507416],[93.8894421,26.3466572],[93.8875636,26.3454028],[93.8828453,26.3466126],[93.8814777,26.3442479],[93.8831254,26.3405201],[93.8874628,26.3401316],[93.8866252,26.3280911],[93.891774,26.3306991],[93.8948437,26.328916],[93.8939518,26.3261542],[93.8886482,26.3259247],[93.8865696,26.3235916],[93.8875059,26.3215832],[93.892834,26.3198993],[93.8938949,26.3153772],[93.891356,26.3149443],[93.8888978,26.3196561],[93.8856027,26.3202747],[93.8833741,26.3184019],[93.8872547,26.3151072],[93.8851211,26.310468],[93.8797532,26.3130092],[93.8760776,26.3121608],[93.8738994,26.3096515],[93.8758773,26.3075485],[93.8833783,26.3082387],[93.8854612,26.3063612],[93.8847498,26.3022499],[93.8810195,26.3022726],[93.8774695,26.2995379],[93.8729781,26.3009776],[93.8703195,26.3000208],[93.8697888,26.2991091],[93.8724225,26.2962975],[93.8686224,26.2943297],[93.8766331,26.2878086],[93.8769134,26.2866442],[93.8729082,26.2845231],[93.8727281,26.2814453],[93.8746054,26.2787464],[93.8805875,26.2761288],[93.8811731,26.2735203],[93.8800067,26.272717],[93.8757217,26.2753707],[93.870901,26.2754429],[93.8737144,26.2721936],[93.8691342,26.2689937],[93.8685237,26.266137],[93.8724531,26.2658392],[93.8749107,26.2638129],[93.8710566,26.2591915],[93.8654109,26.2579683],[93.8645502,26.2548767],[93.8672582,26.2509506],[93.8605415,26.2523266],[93.8651998,26.2482443],[93.8648626,26.2457371],[93.8616472,26.2446087],[93.8549973,26.2469718],[93.8479776,26.2416055],[93.84905,26.2396536],[93.8514303,26.2389955],[93.8515882,26.2436158],[93.855379,26.2453535],[93.8607983,26.2415576],[93.8590916,26.239104],[93.8600595,26.2365172],[93.8646842,26.2352104],[93.8563292,26.2286487],[93.8555779,26.2262277],[93.8572258,26.2216075],[93.8515946,26.2155467],[93.8486975,26.2153671],[93.8442581,26.2185003],[93.8408052,26.2178906],[93.8446932,26.2141901],[93.8441778,26.2120948],[93.8411501,26.2096901],[93.8367052,26.209689],[93.8339083,26.2070019],[93.8342126,26.2002622],[93.8382775,26.2045731],[93.8413133,26.2044485],[93.8384178,26.1997199],[93.8379213,26.1942896],[93.8322255,26.1984606],[93.8290351,26.195845],[93.8339379,26.189663],[93.8293355,26.1885334],[93.8275906,26.186151],[93.8343818,26.1792217],[93.8352153,26.1758293],[93.8341643,26.1746471],[93.8325773,26.1748973],[93.8304925,26.1798394],[93.8273579,26.1804294],[93.8264062,26.1792292],[93.828332,26.1754154],[93.8272219,26.1731407],[93.8146042,26.1721507],[93.8071281,26.1655005],[93.7999923,26.163208],[93.7941437,26.1590945],[93.7870934,26.1613039],[93.7806243,26.1601704],[93.77315,26.1630246],[93.7546795,26.1595387],[93.7511158,26.162779],[93.7499219,26.1704415],[93.7379346,26.1732065],[93.7314685,26.1793141],[93.7242474,26.1763621],[93.7203333,26.1729203],[93.7125871,26.1741929],[93.7077009,26.1713283],[93.6939276,26.1689015],[93.6907845,26.1660304],[93.6921616,26.1575979],[93.6951794,26.1527586],[93.7032258,26.151184],[93.704476,26.1496477],[93.7029572,26.1466831],[93.696914,26.1431823],[93.696371,26.1358805],[93.6912851,26.1315005],[93.6860879,26.1293185],[93.6691605,26.1310549],[93.6532891,26.1307299],[93.6477159,26.1361774],[93.6474042,26.1402152],[93.6371805,26.1564904],[93.619399,26.1911277],[93.6160474,26.1921417],[93.6099385,26.1897925],[93.6010312,26.1886487],[93.5696818,26.1892219],[93.5671464,26.190404],[93.5666166,26.2053472],[93.5810292,26.2230724],[93.5828332,26.2274802],[93.5808501,26.2363029],[93.5690622,26.2430968],[93.5382129,26.2478964],[93.5077716,26.2421303],[93.4954871,26.246799],[93.4885806,26.251962],[93.486662,26.2564526],[93.4910498,26.2851427],[93.4907478,26.2997755],[93.4877865,26.3194913],[93.4893671,26.3392471],[93.4963137,26.3444115],[93.4964149,26.3578557],[93.4987714,26.3624564],[93.5064919,26.3701097],[93.511287,26.3725771],[93.5160665,26.3724031],[93.5175906,26.3741928],[93.5189777,26.3771956],[93.5175866,26.3816403],[93.5205587,26.3845056],[93.5170543,26.3891335],[93.518467,26.3923743],[93.5206821,26.3931432],[93.5239986,26.3892522],[93.5246796,26.3906345],[93.5229831,26.392223],[93.5279066,26.3958799],[93.5297717,26.3983606],[93.5294215,26.4000726],[93.5267798,26.4003017],[93.5252904,26.396347],[93.5207741,26.3964984],[93.5181226,26.3991305],[93.5128136,26.3993503],[93.5089117,26.3977665],[93.5067321,26.3948324],[93.5047458,26.3962055],[93.4964753,26.391156],[93.4897697,26.3907753],[93.4873057,26.39267],[93.4833177,26.3927746],[93.4825865,26.390916],[93.4743405,26.3877178],[93.4549578,26.3940787],[93.4461923,26.4007557],[93.4358664,26.4042618],[93.4262708,26.4132122],[93.4228329,26.4197044],[93.4202049,26.4322997],[93.4195552,26.4623191],[93.4268121,26.4673779],[93.4425376,26.4887917],[93.4574305,26.493581],[93.4644914,26.4918119],[93.4744017,26.4933496],[93.4815458,26.4965323],[93.4830245,26.5007854],[93.4894058,26.5081507],[93.4756499,26.5265546],[93.4720621,26.5405829],[93.4757618,26.548833],[93.4803196,26.5527051],[93.4940991,26.557702],[93.4923757,26.5627696],[93.4960764,26.5850065],[93.4955827,26.6110112],[93.5002774,26.6056515],[93.5041378,26.6061234],[93.5098585,26.5933077],[93.5143394,26.5933576],[93.5186278,26.5953735],[93.5237701,26.5935044],[93.5311983,26.595272],[93.5393838,26.5993033],[93.5420506,26.6033785],[93.547193,26.6053411],[93.5498362,26.6042958],[93.5526495,26.6070429],[93.5530032,26.6124217],[93.5554913,26.6110637]]]}},{"type":"Feature","properties":{"district":"Nagaon","subdistrict":"Kaliabor","dt_code":"305","sdt_code":"02031","dist_lgd":297,"subdt_lgd":2031,"st_nm":"ASSAM"},"geometry":{"type":"MultiPolygon","coordinates":[[[[92.8791363,26.3879298],[92.8889592,26.3878769],[92.8897609,26.3856971],[92.8833021,26.3835538],[92.8820143,26.3800382],[92.8832117,26.3793432],[92.888563,26.3811165],[92.8963,26.386906],[92.9003436,26.386409],[92.8930675,26.3819285],[92.8944103,26.3813958],[92.8896898,26.3744914],[92.892335,26.3734893],[92.8952613,26.3757004],[92.8994813,26.383751],[92.9031344,26.3854924],[92.9081241,26.3817006],[92.9037246,26.3805416],[92.9089648,26.3776704],[92.9170771,26.379424],[92.9165952,26.3766803],[92.9210765,26.3823744],[92.9222678,26.3793278],[92.92577,26.3789882],[92.9170601,26.3734218],[92.9167838,26.3709713],[92.9211968,26.3686008],[92.9165316,26.3657003],[92.9163303,26.3629925],[92.9086942,26.3575246],[92.9107976,26.3552857],[92.9091689,26.3530115],[92.9104083,26.3521356],[92.9073124,26.3503253],[92.9007433,26.3495037],[92.8943487,26.3539643],[92.8891586,26.3613283],[92.8846753,26.3589684],[92.8793521,26.3584798],[92.8760026,26.3589203],[92.8727365,26.3613741],[92.8700844,26.366289],[92.8698471,26.3705132],[92.8734358,26.3748038],[92.8770902,26.3856962],[92.8791363,26.3879298]]],[[[93.3050084,26.6964366],[93.3150472,26.6866307],[93.3151146,26.6828401],[93.3171563,26.6788652],[93.3120233,26.6774233],[93.3066594,26.667637],[93.3084949,26.6644608],[93.3169619,26.657646],[93.3175132,26.6505522],[93.3108245,26.6408556],[93.304575,26.636818],[93.2978038,26.6351593],[93.2928436,26.6370435],[93.2868406,26.6372068],[93.291636,26.6280874],[93.2964579,26.6119435],[93.2959049,26.599199],[93.2913785,26.590676],[93.2950668,26.5852628],[93.3017144,26.5821167],[93.3021573,26.5804291],[93.2976477,26.5766313],[93.2960604,26.5785438],[93.2941131,26.5785201],[93.2885014,26.5725551],[93.283574,26.5712703],[93.2815684,26.5691208],[93.2768536,26.5716672],[93.2698965,26.5729663],[93.2619,26.5694986],[93.2529083,26.5678798],[93.2511645,26.5699631],[93.2496592,26.5653361],[93.2428802,26.5625702],[93.2348627,26.5537041],[93.2354337,26.5524852],[93.2397935,26.5516245],[93.2564593,26.5511448],[93.249934,26.5484944],[93.2470478,26.5449763],[93.2477768,26.543772],[93.2512377,26.544768],[93.2568516,26.5408016],[93.2599474,26.5407863],[93.2626547,26.5378867],[93.2613575,26.5356473],[93.2550921,26.5346355],[93.2565248,26.5319878],[93.2646056,26.5336778],[93.2721958,26.5451915],[93.2734953,26.5452286],[93.272007,26.5377993],[93.2754601,26.5363442],[93.2754273,26.5338892],[93.2652269,26.529382],[93.2639144,26.5274224],[93.2691265,26.5278732],[93.2708254,26.5244223],[93.2748562,26.5218259],[93.2789491,26.5225373],[93.2809485,26.5251833],[93.2811959,26.5232203],[93.2878049,26.520693],[93.2867892,26.5173438],[93.2906851,26.5131854],[93.2939106,26.513061],[93.2944646,26.5101687],[93.2914124,26.5067144],[93.2923467,26.5049459],[93.2902651,26.5048589],[93.2893109,26.5064784],[93.2894582,26.5105717],[93.2829846,26.513916],[93.2852351,26.5160251],[93.2833858,26.5200628],[93.2722021,26.5168011],[93.271608,26.5136822],[93.2741135,26.5110937],[93.2730473,26.508656],[93.2704474,26.5104411],[93.2633611,26.5089282],[93.2697761,26.5148226],[93.2663341,26.5156457],[93.2633891,26.5211446],[93.2581349,26.5228416],[93.2533849,26.5221695],[93.2501015,26.5244682],[93.2460575,26.5235766],[93.2457707,26.5277738],[93.2428179,26.5299107],[93.2445514,26.5324997],[93.2333111,26.5357305],[93.2316652,26.5355287],[93.2298213,26.5324657],[93.222605,26.5364781],[93.2191481,26.5363404],[93.2165395,26.5302],[93.212952,26.529656],[93.2115934,26.5240338],[93.2172662,26.5226405],[93.2161663,26.5209804],[93.2110638,26.5201215],[93.2118338,26.5165378],[93.2159205,26.5143557],[93.2131107,26.5134187],[93.2125172,26.5111671],[93.2174167,26.5094086],[93.2173098,26.5074592],[93.2123099,26.5088747],[93.2042393,26.5013968],[93.2004977,26.5014393],[93.2043072,26.5055667],[93.2009772,26.5065206],[93.2028699,26.5091913],[93.206024,26.5075514],[93.2097559,26.514797],[93.2070995,26.5180388],[93.2034489,26.5280909],[93.1994387,26.5334768],[93.1952857,26.5355185],[93.1905848,26.5357869],[93.1652193,26.5239763],[93.160935,26.5240405],[93.1594958,26.5260401],[93.1651749,26.5266434],[93.1683865,26.5289216],[93.1693305,26.5315703],[93.1738205,26.5309914],[93.1727477,26.5330541],[93.1749463,26.5359687],[93.1799386,26.5365583],[93.180437,26.5403624],[93.1836827,26.5391743],[93.1900069,26.5437117],[93.1999866,26.5434814],[93.2037982,26.5484527],[93.2040919,26.5509352],[93.2092073,26.555747],[93.2109716,26.5598617],[93.2086997,26.5618442],[93.2092632,26.5639513],[93.203275,26.5621584],[93.2007473,26.5644387],[93.1975152,26.5641922],[93.191289,26.5670832],[93.1810851,26.5644653],[93.1706546,26.5584892],[93.1673565,26.5550513],[93.1584534,26.5504819],[93.1552571,26.5501982],[93.1508507,26.5463901],[93.1470989,26.5558721],[93.1414988,26.5555929],[93.1369019,26.5519874],[93.13359,26.5445956],[93.1238059,26.5380067],[93.1170227,26.5377084],[93.1189648,26.533119],[93.1142943,26.5303206],[93.1095431,26.5306314],[93.1035068,26.5351613],[93.1019259,26.536894],[93.101197,26.5428282],[93.0966517,26.5405798],[93.089059,26.5446531],[93.0820493,26.5449442],[93.0772785,26.5431284],[93.0734293,26.5445845],[93.0599169,26.544723],[93.0429747,26.5350743],[93.0431734,26.5310805],[93.0461892,26.5303783],[93.0482793,26.5259569],[93.0452083,26.5270428],[93.0421905,26.523936],[93.0381207,26.5255537],[93.0392334,26.5203691],[93.0368172,26.5182691],[93.0325779,26.5187897],[93.0321342,26.5154363],[93.0251263,26.5156345],[93.0238942,26.5135441],[93.0160364,26.5109026],[93.0121281,26.5066257],[93.0124566,26.4990686],[93.0064805,26.4911536],[93.0086474,26.4812068],[93.0125347,26.4778769],[93.016687,26.4778451],[93.0203235,26.4813988],[93.0244689,26.4828538],[93.0265642,26.480546],[93.0295205,26.4841949],[93.0385098,26.4870988],[93.0413989,26.4873412],[93.0427618,26.4858575],[93.0452498,26.4869037],[93.0471979,26.4907677],[93.0489315,26.4888603],[93.0542128,26.4889665],[93.0600586,26.4922423],[93.0609097,26.4905884],[93.0685155,26.491427],[93.0687012,26.4958567],[93.0664077,26.4984404],[93.066607,26.5002762],[93.0702388,26.4968456],[93.0705133,26.4913803],[93.0731333,26.4940096],[93.0783772,26.4942106],[93.0850958,26.497598],[93.0870201,26.5002329],[93.0895286,26.5001915],[93.0913818,26.4986487],[93.0816929,26.4930874],[93.0786872,26.4885818],[93.0660207,26.4826034],[93.0644755,26.4793819],[93.0671942,26.4777112],[93.0738318,26.4786196],[93.0748706,26.4757052],[93.0732369,26.4727569],[93.0761124,26.4694105],[93.0775117,26.4712655],[93.0794687,26.4700581],[93.0863497,26.4706851],[93.0903261,26.4687387],[93.0915132,26.4651792],[93.0887249,26.4626352],[93.0892797,26.4606213],[93.0944862,26.4609852],[93.0949654,26.4629771],[93.0966156,26.4634843],[93.0991266,26.4633043],[93.1024523,26.4601195],[93.1014732,26.4626035],[93.1031793,26.4629377],[93.1020738,26.4644347],[93.1081265,26.466981],[93.1054695,26.4696275],[93.1025214,26.4696135],[93.1036103,26.4716783],[93.0981459,26.4729879],[93.105724,26.4760442],[93.1064472,26.4789032],[93.1094974,26.4793533],[93.111668,26.4837676],[93.1172975,26.4852696],[93.1173833,26.4826284],[93.1195754,26.4808233],[93.1245069,26.4830857],[93.1217055,26.4852113],[93.1208763,26.4914479],[93.1192998,26.4931765],[93.1252504,26.4957831],[93.1214315,26.4924981],[93.1247252,26.4882875],[93.1277368,26.488973],[93.129715,26.4878142],[93.1329334,26.4896657],[93.1295841,26.4864792],[93.1269412,26.486057],[93.1273828,26.4803665],[93.1362547,26.4848125],[93.1326344,26.4814421],[93.1312948,26.4771458],[93.1268592,26.4750176],[93.1212796,26.4746312],[93.1175909,26.4722517],[93.1105285,26.4714221],[93.1110656,26.4702717],[93.1156184,26.4696319],[93.1145837,26.4677243],[93.1200435,26.4691032],[93.1187579,26.4666315],[93.1209501,26.4667382],[93.1209583,26.4642025],[93.1283408,26.4644326],[93.1244497,26.4635039],[93.1235647,26.4613716],[93.1253725,26.4598639],[93.1176048,26.4583493],[93.1108728,26.451556],[93.1038934,26.4488713],[93.1055565,26.4470099],[93.1111008,26.4474473],[93.1086714,26.444426],[93.11112,26.4424664],[93.1104332,26.4415546],[93.1181209,26.4416069],[93.110122,26.439654],[93.1085349,26.4360135],[93.106159,26.4376778],[93.099164,26.4330272],[93.1002686,26.4370441],[93.0950646,26.4346331],[93.0953677,26.4360412],[93.0999073,26.4399127],[93.1024617,26.4389227],[93.1055499,26.4408544],[93.1033073,26.4422446],[93.1037374,26.443519],[93.0992741,26.4458061],[93.0970858,26.4437331],[93.0938223,26.4433415],[93.0916618,26.4405989],[93.0738169,26.4326115],[93.0697486,26.4317618],[93.0699764,26.4353049],[93.0656577,26.4333215],[93.0705027,26.4296805],[93.074508,26.4300433],[93.0790835,26.4284054],[93.079469,26.4308649],[93.0834548,26.4314358],[93.0840856,26.4336731],[93.0855106,26.431921],[93.0892537,26.434151],[93.0916144,26.4338161],[93.0827702,26.4288696],[93.0808321,26.4248205],[93.0779399,26.4249812],[93.0762215,26.4210675],[93.0773246,26.4191007],[93.0708366,26.4199519],[93.0691187,26.4187498],[93.0670753,26.4231679],[93.0662604,26.4202067],[93.0611593,26.4159031],[93.0566258,26.4166357],[93.0565614,26.4184132],[93.0551191,26.4177656],[93.0553621,26.4195864],[93.0502813,26.4156661],[93.0489586,26.4198337],[93.0511886,26.4193034],[93.0504309,26.4206706],[93.0528193,26.4229616],[93.0547286,26.42129],[93.0572367,26.4218067],[93.0557181,26.4251876],[93.052576,26.425588],[93.0533647,26.4275465],[93.0559887,26.4282688],[93.0505991,26.4312473],[93.0482384,26.4344966],[93.0445364,26.4346057],[93.043621,26.4372598],[93.0392495,26.4345762],[93.0377055,26.4309612],[93.0301203,26.4276349],[93.0238049,26.4219407],[93.0168079,26.4203776],[93.0040677,26.4246818],[92.9946824,26.4230588],[92.9821766,26.4172783],[92.9792818,26.4207779],[92.9759774,26.4191826],[92.9750834,26.416859],[92.9695316,26.4123948],[92.961864,26.413126],[92.965109,26.4095453],[92.9655529,26.4066252],[92.9631482,26.4077684],[92.9598999,26.4067097],[92.9583475,26.4083849],[92.9552434,26.4056111],[92.9518302,26.4050488],[92.9497159,26.3976486],[92.9424609,26.39994],[92.9417588,26.4006702],[92.9467886,26.4079809],[92.9625789,26.4165591],[92.9610082,26.4246339],[92.9437794,26.416947],[92.9375203,26.4166743],[92.9318702,26.42132],[92.9225225,26.4193096],[92.9164737,26.4139677],[92.9123646,26.4148539],[92.9118753,26.4235765],[92.9131391,26.4304611],[92.9278356,26.4328755],[92.934737,26.4355662],[92.9469813,26.4364435],[92.9486587,26.4394353],[92.9557513,26.4433925],[92.9615382,26.4433352],[92.9648891,26.4457653],[92.9576649,26.4482159],[92.9567923,26.4518719],[92.9533948,26.4550208],[92.9496409,26.4557391],[92.9499208,26.4573105],[92.9464881,26.4617986],[92.9442266,26.4611339],[92.9431311,26.4569438],[92.9341629,26.4580586],[92.9306488,26.454185],[92.92729,26.4528415],[92.9248315,26.454033],[92.925732,26.4577938],[92.9405213,26.4742594],[92.9471286,26.4844092],[92.9414333,26.4842422],[92.9362371,26.4803339],[92.9246164,26.4765263],[92.9246742,26.4745356],[92.9200402,26.4714906],[92.9144949,26.4713103],[92.8965294,26.4809031],[92.895469,26.482947],[92.9006534,26.4859755],[92.9009446,26.4881983],[92.8980207,26.4925771],[92.8963435,26.4927931],[92.885285,26.4846154],[92.8800853,26.4876206],[92.8807503,26.4778671],[92.8797021,26.473064],[92.8736054,26.4788117],[92.8713743,26.4831352],[92.8766773,26.4948048],[92.8775551,26.5019235],[92.8765081,26.5107497],[92.8782685,26.5173041],[92.8684149,26.5168334],[92.8578218,26.5189883],[92.8531882,26.5170308],[92.84975,26.517245],[92.8393334,26.5290252],[92.8282453,26.5363707],[92.8304164,26.5462828],[92.8402317,26.5512242],[92.8483971,26.5613309],[92.8504883,26.5668749],[92.85122,26.5850267],[92.8573196,26.5848354],[92.8630872,26.5823541],[92.8691755,26.5816868],[92.877151,26.5849139],[92.8928276,26.595726],[92.9093975,26.5941123],[92.9169474,26.594959],[92.9256449,26.6032465],[92.9317189,26.6133531],[92.9405077,26.6185844],[92.9487476,26.6200338],[92.9519762,26.6203661],[92.9559464,26.6183332],[92.9784293,26.6182382],[92.9847319,26.6144158],[92.9930755,26.6136918],[92.9966975,26.610918],[92.9951869,26.6064606],[92.9962026,26.6040087],[93.0137573,26.5977143],[93.0253689,26.5969562],[93.0335,26.5981803],[93.055439,26.5950209],[93.0711143,26.5979209],[93.096561,26.5770572],[93.1040845,26.5770858],[93.1190258,26.580179],[93.1548409,26.5971769],[93.1602434,26.6014676],[93.1630114,26.6078706],[93.167546,26.6120438],[93.2197843,26.6310462],[93.2245777,26.6407997],[93.2265429,26.6605644],[93.2330395,26.668764],[93.2416738,26.6838617],[93.2506667,26.687318],[93.2614823,26.6831667],[93.2738585,26.68532],[93.2857165,26.6889655],[93.2847654,26.6908603],[93.2906735,26.6974663],[93.3039155,26.7004117],[93.3050084,26.6964366]]]]}},{"type":"Feature","properties":{"district":"Karbi Anglong","subdistrict":"Diphu","dt_code":"314","sdt_code":"02089","dist_lgd":292,"subdt_lgd":2089,"st_nm":"ASSAM"},"geometry":{"type":"Polygon","coordinates":[[[93.4952953,26.6060931],[93.4960764,26.5850065],[93.4923757,26.5627696],[93.4940991,26.557702],[93.4803196,26.5527051],[93.4757618,26.548833],[93.4720621,26.5405829],[93.4756499,26.5265546],[93.4894058,26.5081507],[93.4830245,26.5007854],[93.4815458,26.4965323],[93.4744017,26.4933496],[93.4644914,26.4918119],[93.4574305,26.493581],[93.4425376,26.4887917],[93.4268121,26.4673779],[93.4195552,26.4623191],[93.4202049,26.4322997],[93.4228329,26.4197044],[93.4262708,26.4132122],[93.4358664,26.4042618],[93.4461923,26.4007557],[93.4549578,26.3940787],[93.4743405,26.3877178],[93.4825865,26.390916],[93.4833177,26.3927746],[93.4873057,26.39267],[93.4897697,26.3907753],[93.4964753,26.391156],[93.5047458,26.3962055],[93.5067321,26.3948324],[93.5089117,26.3977665],[93.5128136,26.3993503],[93.5181226,26.3991305],[93.5207741,26.3964984],[93.5252904,26.396347],[93.5267798,26.4003017],[93.5294215,26.4000726],[93.5297717,26.3983606],[93.5279066,26.3958799],[93.5229831,26.392223],[93.5246796,26.3906345],[93.5239986,26.3892522],[93.5206821,26.3931432],[93.518467,26.3923743],[93.5170543,26.3891335],[93.5205587,26.3845056],[93.5175866,26.3816403],[93.5189777,26.3771956],[93.5175906,26.3741928],[93.5160665,26.3724031],[93.511287,26.3725771],[93.5064919,26.3701097],[93.4987714,26.3624564],[93.4964149,26.3578557],[93.4963137,26.3444115],[93.4893671,26.3392471],[93.4877865,26.3194913],[93.4907478,26.2997755],[93.4910498,26.2851427],[93.486662,26.2564526],[93.4885806,26.251962],[93.4954871,26.246799],[93.5077716,26.2421303],[93.5382129,26.2478964],[93.5690622,26.2430968],[93.5808501,26.2363029],[93.5828332,26.2274802],[93.5810292,26.2230724],[93.5666166,26.2053472],[93.5671464,26.190404],[93.5696818,26.1892219],[93.6010312,26.1886487],[93.6099385,26.1897925],[93.6160474,26.1921417],[93.619399,26.1911277],[93.6371805,26.1564904],[93.6474042,26.1402152],[93.6480999,26.1367899],[93.6468148,26.13474],[93.6369847,26.1348809],[93.5970942,26.1400538],[93.5940073,26.1410443],[93.5857754,26.1511345],[93.5784355,26.1546585],[93.5715295,26.1547803],[93.5689271,26.1528447],[93.5696611,26.1323563],[93.5680629,26.1298525],[93.5674182,26.1188555],[93.560011,26.1138137],[93.5467743,26.1094402],[93.5455512,26.1054618],[93.5432647,26.1039788],[93.5504083,26.096148],[93.5488201,26.0912402],[93.5525878,26.0841838],[93.5519681,26.0808736],[93.5427317,26.0715858],[93.5391185,26.0573146],[93.5403181,26.0536057],[93.5389594,26.0508405],[93.522397,26.050119],[93.5200708,26.0457557],[93.5187926,26.0362549],[93.5005351,26.0320743],[93.4947959,26.025604],[93.4869904,26.0221963],[93.4824428,26.0144208],[93.4686204,26.0144175],[93.4643159,26.0114263],[93.4615996,26.0076044],[93.4598466,25.9935788],[93.4524192,25.9886951],[93.4485528,25.9823013],[93.4345707,25.9759074],[93.4295194,25.9765047],[93.4274694,25.9790401],[93.4233607,25.9799191],[93.4202074,25.97613],[93.4189237,25.9804333],[93.4171533,25.9815033],[93.4136115,25.9808919],[93.4106032,25.9853145],[93.4063709,25.9850246],[93.4074388,25.9896489],[93.403158,25.9875289],[93.4002805,25.9918384],[93.391464,25.9903698],[93.3895845,25.9959032],[93.3875945,25.9948955],[93.383109,25.9963299],[93.3810781,25.9949326],[93.3784251,25.9972572],[93.3701581,25.9971824],[93.3679947,25.9986323],[93.3639747,25.9971163],[93.3627498,25.9930454],[93.3549408,25.9899724],[93.3549261,25.9868055],[93.3497698,25.9892646],[93.3408266,25.9860002],[93.3382026,25.9898256],[93.3333774,25.9893756],[93.3327221,25.993752],[93.326572,25.9988876],[93.3214688,25.997309],[93.3184575,26.0001555],[93.3127216,26.0016549],[93.307881,26.0010613],[93.3051011,25.9988513],[93.30596,25.9948897],[93.3078624,25.9932868],[93.3072924,25.9908875],[93.3001145,25.9907819],[93.2910679,25.9865156],[93.2846645,25.986199],[93.2842571,25.988394],[93.2891016,25.9935959],[93.2876575,25.9950153],[93.2721132,25.9956234],[93.2596846,26.00014],[93.2506778,26.0099799],[93.248143,26.0192676],[93.2375794,26.0203114],[93.2307191,26.0171516],[93.2279836,26.0230001],[93.2211885,26.0219941],[93.2203119,26.0258124],[93.2147222,26.0287355],[93.2117693,26.0338061],[93.2032166,26.0335739],[93.2012416,26.0375856],[93.199109,26.0375263],[93.1984513,26.0414261],[93.1966069,26.0415826],[93.1958006,26.0440535],[93.18982,26.0325487],[93.1797374,25.996886],[93.1769057,25.9952041],[93.1572766,25.9959661],[93.1532634,25.9950364],[93.1498075,25.9971137],[93.1482085,26.0022345],[93.1413821,26.0090096],[93.140475,26.0147015],[93.1377684,26.0185599],[93.1326984,26.0214943],[93.1265094,26.0219864],[93.1274835,26.0247213],[93.1253305,26.026143],[93.1272131,26.0311071],[93.1171817,26.0345277],[93.1130353,26.0346086],[93.1100126,26.0369822],[93.106361,26.0349192],[93.1000215,26.0351843],[93.0933781,26.0330608],[93.108251,26.0784186],[93.1057275,26.077335],[93.1040741,26.0734535],[93.1000655,26.076964],[93.0975371,26.0754966],[93.0944032,26.077089],[93.0925949,26.07485],[93.0883773,26.0744292],[93.0907354,26.0761268],[93.0904999,26.0781938],[93.0848186,26.075719],[93.0850158,26.0830528],[93.0809985,26.0810973],[93.0823786,26.0790262],[93.0815642,26.0783806],[93.0759261,26.0804547],[93.076835,26.0820526],[93.0752894,26.0848908],[93.073186,26.0833421],[93.0724404,26.0853727],[93.0721427,26.0808323],[93.0680287,26.0825817],[93.0685809,26.0780326],[93.0662561,26.0796203],[93.06535,26.082567],[93.0615618,26.0825608],[93.0594894,26.0797165],[93.0592911,26.085254],[93.0563525,26.0852029],[93.0558708,26.0882626],[93.0508153,26.0845592],[93.0496891,26.0872438],[93.0471445,26.0881405],[93.0452967,26.0861717],[93.039948,26.0874773],[93.037216,26.091393],[93.0384566,26.096462],[93.0367307,26.0983881],[93.0373436,26.1006721],[93.0350583,26.1020652],[93.0368398,26.1056813],[93.0358878,26.1085917],[93.0330958,26.1058233],[93.0305598,26.1076403],[93.0254915,26.1072983],[93.0216445,26.1104231],[93.021797,26.1130588],[93.0160885,26.1126844],[93.014997,26.1145655],[93.0126393,26.1126366],[93.007083,26.1148975],[93.0058308,26.117311],[93.0023412,26.117529],[92.9978708,26.1223372],[92.9954804,26.1219273],[92.978597,26.1272292],[92.9776088,26.1292789],[92.9736352,26.1307573],[92.9719134,26.1283439],[92.9690446,26.1297087],[92.9664793,26.1291326],[92.9635411,26.1312916],[92.9631481,26.1340764],[92.9608176,26.1333556],[92.9593756,26.1376394],[92.9577256,26.1376403],[92.9546025,26.1407605],[92.9525062,26.1386765],[92.9464616,26.1396182],[92.9460055,26.1376732],[92.9432652,26.1371374],[92.9392803,26.137437],[92.938731,26.1388724],[92.9344548,26.1364866],[92.9338959,26.1386938],[92.9315309,26.138812],[92.9311614,26.1399539],[92.9328316,26.140373],[92.9290086,26.1453975],[92.9324088,26.1452067],[92.9313999,26.1479736],[92.9353656,26.1486988],[92.9309204,26.1493142],[92.9312364,26.1512908],[92.9360465,26.1503548],[92.9423252,26.1536585],[92.9429872,26.1564212],[92.9437514,26.1552435],[92.9461566,26.1571833],[92.9485992,26.160919],[92.94696,26.1628469],[92.9495305,26.1627915],[92.9504073,26.1654899],[92.952508,26.1657506],[92.9538822,26.171838],[92.9560245,26.1743372],[92.95281,26.1848724],[92.9526533,26.190243],[92.9477455,26.1910982],[92.9428695,26.1978553],[92.9439246,26.1998691],[92.9429295,26.2006503],[92.9394086,26.2025698],[92.929317,26.2004751],[92.9262262,26.202674],[92.9135742,26.2032462],[92.9070253,26.2021193],[92.8975153,26.2042961],[92.8900059,26.2043826],[92.8817777,26.2079785],[92.880421,26.2061542],[92.8734378,26.2062447],[92.8592086,26.2016692],[92.8513944,26.2013339],[92.8479724,26.2016311],[92.8433238,26.2049336],[92.829807,26.2051942],[92.8272194,26.2040734],[92.8186385,26.2058178],[92.8032564,26.2034207],[92.8019561,26.2018278],[92.7941403,26.2047864],[92.7954641,26.2074409],[92.7935283,26.2137219],[92.7935991,26.2195077],[92.8151324,26.2140491],[92.8270403,26.225111],[92.8247463,26.2298578],[92.8150438,26.2328617],[92.8163129,26.2384954],[92.8133767,26.2397186],[92.8127831,26.2451701],[92.8154703,26.2546934],[92.817227,26.2549153],[92.8161797,26.2571398],[92.8173891,26.2607508],[92.8138743,26.2625544],[92.8194247,26.2637032],[92.8183926,26.2655079],[92.8215507,26.2663035],[92.8184665,26.2678683],[92.8188007,26.2700257],[92.8300519,26.2738435],[92.8331532,26.279919],[92.8368716,26.2828898],[92.8415672,26.2838343],[92.8400686,26.2887937],[92.8433572,26.2882711],[92.8447032,26.2907852],[92.8411327,26.2932123],[92.8412064,26.297635],[92.8439879,26.3051093],[92.8472624,26.3059359],[92.8509836,26.3027144],[92.8507979,26.30447],[92.8526304,26.3048584],[92.8556402,26.3025303],[92.8487611,26.2999791],[92.8530426,26.297922],[92.8542952,26.2937071],[92.8575442,26.2956979],[92.8606134,26.2951748],[92.8619756,26.2928824],[92.8662929,26.2938791],[92.8797101,26.2837265],[92.8835843,26.2873865],[92.8886608,26.2868131],[92.8922506,26.2884466],[92.8943203,26.3048421],[92.8985843,26.308995],[92.9135625,26.3175384],[92.9179542,26.3170725],[92.9174872,26.3133674],[92.921378,26.3131813],[92.9280247,26.3169837],[92.9284904,26.3191362],[92.9301536,26.318409],[92.9430985,26.3272087],[92.9460878,26.3349472],[92.9450692,26.3405708],[92.9407284,26.3440567],[92.9398529,26.3477081],[92.940963,26.3518551],[92.9395462,26.3531348],[92.9359587,26.3517172],[92.9344314,26.3527739],[92.931996,26.3507981],[92.9277246,26.3542746],[92.9203314,26.3556804],[92.9097556,26.3520952],[92.9091689,26.3530115],[92.9109026,26.3548479],[92.9086942,26.3575246],[92.9163303,26.3629925],[92.9165316,26.3657003],[92.9211968,26.3686008],[92.9167838,26.3709713],[92.9170601,26.3734218],[92.92577,26.3789882],[92.9222678,26.3793278],[92.9210765,26.3823744],[92.9165952,26.3766803],[92.9170771,26.379424],[92.9089648,26.3776704],[92.9037246,26.3805416],[92.9081241,26.3817006],[92.9031344,26.3854924],[92.8994813,26.383751],[92.893302,26.3738774],[92.8898701,26.3741845],[92.8944103,26.3813958],[92.8930675,26.3819285],[92.9001631,26.3857953],[92.8988405,26.3870546],[92.8963,26.386906],[92.8853211,26.3794695],[92.8820143,26.3800382],[92.8836578,26.3838742],[92.8895805,26.3850698],[92.8890546,26.388617],[92.8920863,26.3898263],[92.8917102,26.386762],[92.8937295,26.3869559],[92.9003252,26.3957959],[92.9018547,26.4014279],[92.9048516,26.4019057],[92.9050667,26.4000689],[92.9068406,26.3998746],[92.9058075,26.3961832],[92.9085635,26.3957629],[92.9106841,26.399242],[92.9109335,26.3946928],[92.9126417,26.3927745],[92.91868,26.3930302],[92.9206038,26.3917073],[92.9202848,26.3966581],[92.9260876,26.3964668],[92.9381332,26.4038636],[92.9424609,26.39994],[92.9497159,26.3976486],[92.9518302,26.4050488],[92.9552434,26.4056111],[92.9583475,26.4083849],[92.9598999,26.4067097],[92.9631482,26.4077684],[92.9655529,26.4066252],[92.965109,26.4095453],[92.961864,26.413126],[92.9695316,26.4123948],[92.9785097,26.4205663],[92.9797088,26.4208904],[92.9825876,26.4173412],[92.9946824,26.4230588],[93.0040677,26.4246818],[93.0147048,26.4207738],[93.0192808,26.4205071],[93.0243888,26.4221997],[93.0294514,26.4271969],[93.0377055,26.4309612],[93.0392495,26.4345762],[93.043621,26.4372598],[93.0445364,26.4346057],[93.0482384,26.4344966],[93.0505991,26.4312473],[93.0559887,26.4282688],[93.0533647,26.4275465],[93.052576,26.425588],[93.0557181,26.4251876],[93.0572367,26.4218067],[93.0547286,26.42129],[93.0525194,26.4228188],[93.0504309,26.4206706],[93.0511886,26.4193034],[93.0487421,26.4196123],[93.0495902,26.4161145],[93.0509493,26.4156792],[93.0553621,26.4195864],[93.0551191,26.4177656],[93.0565614,26.4184132],[93.0566258,26.4166357],[93.0611593,26.4159031],[93.0662604,26.4202067],[93.0670753,26.4231679],[93.0691187,26.4187498],[93.0708366,26.4199519],[93.0774824,26.4191832],[93.0762215,26.4210675],[93.0779399,26.4249812],[93.0808321,26.4248205],[93.0827702,26.4288696],[93.0916482,26.4335713],[93.0892537,26.434151],[93.0855106,26.431921],[93.0840856,26.4336731],[93.0834548,26.4314358],[93.079469,26.4308649],[93.0790835,26.4284054],[93.0673388,26.4309811],[93.0656577,26.4333215],[93.0678767,26.4335188],[93.0688629,26.4353419],[93.0706082,26.4350836],[93.0701493,26.4315319],[93.0738169,26.4326115],[93.0916618,26.4405989],[93.0938223,26.4433415],[93.0970858,26.4437331],[93.0992741,26.4458061],[93.1037374,26.443519],[93.1033073,26.4422446],[93.1055499,26.4408544],[93.1024617,26.4389227],[93.0999073,26.4399127],[93.0953677,26.4360412],[93.0950646,26.4346331],[93.1002686,26.4370441],[93.099164,26.4330272],[93.106159,26.4376778],[93.1085349,26.4360135],[93.110122,26.439654],[93.1183388,26.4418734],[93.1104332,26.4415546],[93.11112,26.4424664],[93.1086714,26.444426],[93.1111008,26.4474473],[93.1055565,26.4470099],[93.1038934,26.4488713],[93.1108728,26.451556],[93.1176048,26.4583493],[93.1253725,26.4598639],[93.1235647,26.4613716],[93.1244497,26.4635039],[93.1283688,26.4641609],[93.1247207,26.4652019],[93.1209583,26.4642025],[93.1209501,26.4667382],[93.1187579,26.4666315],[93.1200435,26.4691032],[93.1145837,26.4677243],[93.1156184,26.4696319],[93.1103984,26.4710588],[93.1312948,26.4771458],[93.1326344,26.4814421],[93.1362527,26.4843606],[93.1355816,26.4851886],[93.1273828,26.4803665],[93.1269412,26.486057],[93.1295841,26.4864792],[93.1329334,26.4896657],[93.129715,26.4878142],[93.1277368,26.488973],[93.1247252,26.4882875],[93.1214315,26.4924981],[93.1252504,26.4957831],[93.1187972,26.4924054],[93.1208763,26.4914479],[93.1217055,26.4852113],[93.1245069,26.4830857],[93.1195754,26.4808233],[93.1173833,26.4826284],[93.1172975,26.4852696],[93.111668,26.4837676],[93.1094974,26.4793533],[93.1064472,26.4789032],[93.105724,26.4760442],[93.0981459,26.4729879],[93.1036103,26.4716783],[93.1025214,26.4696135],[93.1054695,26.4696275],[93.1081265,26.466981],[93.1020738,26.4644347],[93.1031793,26.4629377],[93.1014732,26.4626035],[93.1024523,26.4601195],[93.0991266,26.4633043],[93.0966156,26.4634843],[93.0949654,26.4629771],[93.0944862,26.4609852],[93.0892797,26.4606213],[93.0887249,26.4626352],[93.0915132,26.4651792],[93.0903261,26.4687387],[93.0863497,26.4706851],[93.0794687,26.4700581],[93.0775117,26.4712655],[93.0761124,26.4694105],[93.0732369,26.4727569],[93.0748706,26.4757052],[93.0738318,26.4786196],[93.0671942,26.4777112],[93.0644755,26.4793819],[93.0660207,26.4826034],[93.0786872,26.4885818],[93.0816929,26.4930874],[93.0913818,26.4986487],[93.0895286,26.5001915],[93.0870201,26.5002329],[93.0850958,26.497598],[93.0783772,26.4942106],[93.0731333,26.4940096],[93.0705133,26.4913803],[93.0702388,26.4968456],[93.066607,26.5002762],[93.0664077,26.4984404],[93.0687012,26.4958567],[93.0685155,26.491427],[93.0609097,26.4905884],[93.0600586,26.4922423],[93.0542128,26.4889665],[93.0489315,26.4888603],[93.0471979,26.4907677],[93.0447613,26.4866608],[93.0356809,26.4862675],[93.0295205,26.4841949],[93.0265642,26.480546],[93.0244689,26.4828538],[93.0141401,26.4772245],[93.0086474,26.4812068],[93.0064805,26.4911536],[93.0124566,26.4990686],[93.0121281,26.5066257],[93.0160364,26.5109026],[93.0238942,26.5135441],[93.0251263,26.5156345],[93.0321342,26.5154363],[93.0325779,26.5187897],[93.0368172,26.5182691],[93.0392334,26.5203691],[93.0381207,26.5255537],[93.0421905,26.523936],[93.0452083,26.5270428],[93.0482793,26.5259569],[93.0461892,26.5303783],[93.0429976,26.5314144],[93.0428196,26.5346319],[93.0443939,26.5360273],[93.0599169,26.544723],[93.0734293,26.5445845],[93.0772785,26.5431284],[93.0820493,26.5449442],[93.089059,26.5446531],[93.0958189,26.5406428],[93.101197,26.5428282],[93.1019259,26.536894],[93.1035068,26.5351613],[93.1109982,26.5300404],[93.1158244,26.5306005],[93.1191002,26.533647],[93.1170227,26.5377084],[93.1238059,26.5380067],[93.13359,26.5445956],[93.1369019,26.5519874],[93.1414988,26.5555929],[93.1470989,26.5558721],[93.1508507,26.5463901],[93.1552571,26.5501982],[93.1584534,26.5504819],[93.1673565,26.5550513],[93.1706546,26.5584892],[93.1810851,26.5644653],[93.191289,26.5670832],[93.1975152,26.5641922],[93.2007473,26.5644387],[93.203275,26.5621584],[93.2092632,26.5639513],[93.2086997,26.5618442],[93.2109716,26.5598617],[93.2092073,26.555747],[93.2040919,26.5509352],[93.2037982,26.5484527],[93.1999866,26.5434814],[93.1900069,26.5437117],[93.1836827,26.5391743],[93.180437,26.5403624],[93.1799386,26.5365583],[93.1749463,26.5359687],[93.1727477,26.5330541],[93.1738205,26.5309914],[93.1693305,26.5315703],[93.1683865,26.5289216],[93.1651749,26.5266434],[93.1594958,26.5260401],[93.160935,26.5240405],[93.1652193,26.5239763],[93.1905848,26.5357869],[93.1952857,26.5355185],[93.1994387,26.5334768],[93.2034489,26.5280909],[93.2070995,26.5180388],[93.2097559,26.514797],[93.206024,26.5075514],[93.2028699,26.5091913],[93.2009772,26.5065206],[93.2043072,26.5055667],[93.2004977,26.5014393],[93.2042393,26.5013968],[93.2123099,26.5088747],[93.2173098,26.5074592],[93.2174167,26.5094086],[93.2125172,26.5111671],[93.2131107,26.5134187],[93.2159205,26.5143557],[93.2118338,26.5165378],[93.2110638,26.5201215],[93.2161663,26.5209804],[93.2172662,26.5226405],[93.2115934,26.5240338],[93.212952,26.529656],[93.2165395,26.5302],[93.2191481,26.5363404],[93.222605,26.5364781],[93.2298213,26.5324657],[93.2316652,26.5355287],[93.2333111,26.5357305],[93.2445514,26.5324997],[93.2428179,26.5299107],[93.2457707,26.5277738],[93.2460575,26.5235766],[93.2501015,26.5244682],[93.2533849,26.5221695],[93.2581349,26.5228416],[93.2633891,26.5211446],[93.2663341,26.5156457],[93.2697761,26.5148226],[93.2633611,26.5089282],[93.2704474,26.5104411],[93.2730473,26.508656],[93.2741135,26.5110937],[93.271608,26.5136822],[93.2722021,26.5168011],[93.2782795,26.5194771],[93.2842038,26.5197971],[93.2851803,26.5157136],[93.2829846,26.513916],[93.2894582,26.5105717],[93.2890798,26.5069612],[93.2914491,26.5045482],[93.2916426,26.5074546],[93.2944646,26.5101687],[93.293971,26.5127993],[93.2906851,26.5131854],[93.2867892,26.5173438],[93.2878049,26.520693],[93.2811959,26.5232203],[93.2809485,26.5251833],[93.2789491,26.5225373],[93.2748562,26.5218259],[93.2708254,26.5244223],[93.2691265,26.5278732],[93.2639144,26.5274224],[93.2652269,26.529382],[93.2754273,26.5338892],[93.2754601,26.5363442],[93.272007,26.5377993],[93.2734953,26.5452286],[93.2721958,26.5451915],[93.2646056,26.5336778],[93.2565248,26.5319878],[93.2550921,26.5346355],[93.2613575,26.5356473],[93.2626547,26.5378867],[93.2599474,26.5407863],[93.2568516,26.5408016],[93.2512377,26.544768],[93.2477768,26.543772],[93.2470478,26.5449763],[93.249934,26.5484944],[93.2564593,26.5511448],[93.2350627,26.5528555],[93.2359333,26.555531],[93.2416999,26.5616099],[93.2496592,26.5653361],[93.2507432,26.5697733],[93.2529083,26.5678798],[93.2619,26.5694986],[93.2698965,26.5729663],[93.2768536,26.5716672],[93.2815684,26.5691208],[93.283574,26.5712703],[93.2881403,26.5723022],[93.2954328,26.5788098],[93.2976986,26.5763802],[93.2950565,26.5739679],[93.2951484,26.5717297],[93.3034817,26.576116],[93.307943,26.5771561],[93.3105232,26.5762999],[93.3113998,26.5795269],[93.3143445,26.5822855],[93.3260483,26.5846863],[93.3320116,26.5836502],[93.336515,26.580145],[93.3474212,26.5818804],[93.3506538,26.5804324],[93.3554217,26.5814123],[93.3603156,26.5800771],[93.369109,26.5811427],[93.3718595,26.5792836],[93.3789112,26.5785434],[93.3841362,26.5800053],[93.4028624,26.5800073],[93.4024704,26.577778],[93.4063293,26.5748529],[93.3975457,26.5726027],[93.3975154,26.5713526],[93.401786,26.5698085],[93.4086768,26.5705742],[93.4087918,26.5690443],[93.4148906,26.5725086],[93.4447509,26.5785261],[93.4466677,26.5777941],[93.4488123,26.5799546],[93.453079,26.5806608],[93.4548243,26.578769],[93.4524177,26.5750833],[93.4569603,26.575866],[93.4647976,26.585803],[93.4664084,26.5852063],[93.4664053,26.5813568],[93.4642133,26.5767958],[93.4554267,26.5718324],[93.4566389,26.5685283],[93.4594548,26.5691856],[93.4599831,26.5709858],[93.463811,26.569219],[93.4639132,26.5715701],[93.4662674,26.5720515],[93.4744162,26.5818163],[93.4797742,26.584493],[93.4855629,26.586032],[93.4905769,26.5856534],[93.4917176,26.5869386],[93.4914783,26.5885409],[93.4887542,26.5900774],[93.4784928,26.5884878],[93.4702781,26.5910659],[93.4695437,26.5952542],[93.4730979,26.5955677],[93.4732667,26.5992229],[93.4759782,26.6000018],[93.4789632,26.6034429],[93.4952953,26.6060931]]]}},{"type":"Feature","properties":{"district":"Hojai","subdistrict":"Doboka","dt_code":"757","sdt_code":"02039","dist_lgd":709,"subdt_lgd":2039,"st_nm":"ASSAM"},"geometry":{"type":"Polygon","coordinates":[[[92.8814473,26.2079785],[92.8900059,26.2043826],[92.8975153,26.2042961],[92.9074355,26.2020741],[92.9135742,26.2032462],[92.9264813,26.2026514],[92.929317,26.2004751],[92.9394086,26.2025698],[92.9437047,26.2001354],[92.9428695,26.1978553],[92.9477455,26.1910982],[92.9526533,26.190243],[92.95281,26.1848724],[92.9560245,26.1743372],[92.9538822,26.171838],[92.952508,26.1657506],[92.9504073,26.1654899],[92.9495305,26.1627915],[92.94696,26.1628469],[92.9485992,26.160919],[92.9461566,26.1571833],[92.9437514,26.1552435],[92.9429872,26.1564212],[92.9423252,26.1536585],[92.9360465,26.1503548],[92.9312364,26.1512908],[92.9309204,26.1493142],[92.9353656,26.1486988],[92.9313999,26.1479736],[92.9324088,26.1452067],[92.9290086,26.1453975],[92.9328316,26.140373],[92.931326,26.1390693],[92.9338959,26.1386938],[92.9344548,26.1364866],[92.938731,26.1388724],[92.9392803,26.137437],[92.9428052,26.1371421],[92.9460055,26.1376732],[92.9464616,26.1396182],[92.9525062,26.1386765],[92.9546025,26.1407605],[92.9577256,26.1376403],[92.9593756,26.1376394],[92.9608176,26.1333556],[92.9631481,26.1340764],[92.9635411,26.1312916],[92.9664793,26.1291326],[92.9690446,26.1297087],[92.9719134,26.1283439],[92.9736352,26.1307573],[92.9776088,26.1292789],[92.978597,26.1272292],[92.9954804,26.1219273],[92.9978708,26.1223372],[93.0023412,26.117529],[93.0058308,26.117311],[93.007083,26.1148975],[93.0126393,26.1126366],[93.014997,26.1145655],[93.0160885,26.1126844],[93.021797,26.1130588],[93.0216445,26.1104231],[93.0254915,26.1072983],[93.0305598,26.1076403],[93.0330958,26.1058233],[93.0353289,26.1085955],[93.0275515,26.0914758],[93.0253991,26.0910222],[93.0160767,26.0962138],[93.0137963,26.0887585],[93.0034533,26.0864689],[92.9832929,26.0891921],[92.9828054,26.0852524],[92.9845666,26.0835336],[92.985135,26.0797593],[92.9845275,26.0785516],[92.9787247,26.0785702],[92.9809373,26.0727573],[92.9807766,26.0673452],[92.9716079,26.0534962],[92.9699221,26.0523289],[92.9483947,26.0531591],[92.9439692,26.0484089],[92.9410304,26.0486508],[92.940093,26.0515683],[92.9336647,26.0507339],[92.9216693,26.0536577],[92.9176889,26.055915],[92.9138395,26.0622178],[92.9094626,26.0573373],[92.9044946,26.0616923],[92.8982856,26.0644843],[92.8958488,26.0701108],[92.8862257,26.0696053],[92.8854791,26.0793062],[92.880403,26.0796382],[92.8713948,26.0906809],[92.870865,26.0931403],[92.877649,26.0942466],[92.878173,26.0969369],[92.8766046,26.1050675],[92.8740767,26.1085054],[92.8696229,26.1104689],[92.866536,26.1093144],[92.8651012,26.1068874],[92.8627287,26.1002268],[92.8641203,26.0953898],[92.8599036,26.095268],[92.8557261,26.1007322],[92.8445508,26.097506],[92.8392365,26.0984442],[92.8353809,26.0951385],[92.8269484,26.0942898],[92.8280578,26.0874605],[92.8262354,26.0808476],[92.817852,26.0767513],[92.816615,26.0792219],[92.8145296,26.076583],[92.8138411,26.0790615],[92.8102371,26.0805602],[92.8056873,26.0780559],[92.7989272,26.0830651],[92.7944921,26.0828463],[92.7896415,26.0862747],[92.7772113,26.0904985],[92.7724308,26.0936455],[92.7697816,26.0925937],[92.768719,26.0956137],[92.7625651,26.0988912],[92.7606637,26.1028203],[92.7588222,26.102251],[92.7598229,26.0959847],[92.7487085,26.0962497],[92.7443588,26.0922496],[92.7408815,26.0923971],[92.7416171,26.0998359],[92.7389465,26.1034839],[92.734146,26.1035151],[92.7274244,26.0998601],[92.723111,26.1007554],[92.7315101,26.1076645],[92.7326829,26.1134693],[92.730927,26.1164163],[92.7173178,26.1226745],[92.7061261,26.1243572],[92.7028646,26.1262296],[92.702925,26.1318311],[92.7059542,26.1421313],[92.7141335,26.1444485],[92.7226267,26.1507806],[92.7273842,26.1464968],[92.735515,26.1458026],[92.744188,26.1420526],[92.7518654,26.1421406],[92.7576288,26.1532205],[92.7608575,26.1548063],[92.7617939,26.1570029],[92.7602566,26.1714309],[92.7546512,26.1757666],[92.7543206,26.1785371],[92.7644783,26.186331],[92.7785327,26.1868009],[92.7808841,26.1917382],[92.7762273,26.1954943],[92.7763902,26.1994771],[92.7834635,26.1986573],[92.7865446,26.1966373],[92.7961603,26.1992248],[92.8032564,26.2034207],[92.8186385,26.2058178],[92.8272194,26.2040734],[92.829807,26.2051942],[92.8437441,26.2049021],[92.8498235,26.2013111],[92.8592086,26.2016692],[92.8732976,26.2062176],[92.8808115,26.2062491],[92.8814473,26.2079785]]]}},{"type":"Feature","properties":{"district":"Hojai","subdistrict":"Lanka","dt_code":"757","sdt_code":"02040","dist_lgd":709,"subdt_lgd":2040,"st_nm":"ASSAM"},"geometry":{"type":"Polygon","coordinates":[[[93.0376811,26.090969],[93.040538,26.0869768],[93.0452967,26.0861717],[93.0471445,26.0881405],[93.0496891,26.0872438],[93.0504305,26.0845635],[93.0558708,26.0882626],[93.0563525,26.0852029],[93.0592911,26.085254],[93.0594894,26.0797165],[93.0615618,26.0825608],[93.06535,26.082567],[93.068286,26.0780371],[93.0680287,26.0825817],[93.0721427,26.0808323],[93.0721855,26.0853725],[93.073186,26.0833421],[93.0752894,26.0848908],[93.076835,26.0820526],[93.0759261,26.0804547],[93.0815642,26.0783806],[93.0823786,26.0790262],[93.0809985,26.0810973],[93.0850158,26.0830528],[93.0848186,26.075719],[93.0904999,26.0781938],[93.0907354,26.0761268],[93.0883773,26.0744292],[93.0925949,26.07485],[93.0944032,26.077089],[93.0975371,26.0754966],[93.1000655,26.076964],[93.1040741,26.0734535],[93.1057275,26.077335],[93.1084159,26.0782291],[93.0933781,26.0330608],[93.1000215,26.0351843],[93.106361,26.0349192],[93.1100126,26.0369822],[93.1130353,26.0346086],[93.1171817,26.0345277],[93.1272131,26.0311071],[93.1253305,26.026143],[93.1274835,26.0247213],[93.1265094,26.0219864],[93.1326984,26.0214943],[93.1377582,26.0185695],[93.140475,26.0147015],[93.1409326,26.0097905],[93.1444235,26.0071364],[93.1450424,26.0041621],[93.1482085,26.0022345],[93.1498075,25.9971137],[93.1532634,25.9950364],[93.1582471,25.9953762],[93.1540472,25.9855493],[93.1563486,25.982439],[93.1569855,25.9784576],[93.1586216,25.9774157],[93.1576646,25.9749085],[93.1593274,25.9710248],[93.1572665,25.967517],[93.1593375,25.964575],[93.1585995,25.9616713],[93.1613787,25.9575676],[93.1675228,25.9564586],[93.1735305,25.9525239],[93.1718565,25.9470992],[93.172976,25.9446069],[93.1764974,25.9430544],[93.1750898,25.9404758],[93.1779732,25.9341231],[93.1767049,25.9326684],[93.1794246,25.9287291],[93.1793469,25.9214332],[93.1820682,25.9200301],[93.1834267,25.91421],[93.183028,25.9033611],[93.1880748,25.8996873],[93.1968999,25.8980583],[93.2069858,25.8805636],[93.2214873,25.8622663],[93.222031,25.8599362],[93.2317044,25.8522947],[93.2392775,25.8510464],[93.2408622,25.8461947],[93.2379547,25.8436921],[93.237952,25.8410995],[93.2411795,25.8374932],[93.241331,25.8340352],[93.2438004,25.8310247],[93.2450256,25.8219217],[93.2437984,25.8155768],[93.239948,25.8094432],[93.2405038,25.807298],[93.2467736,25.8094705],[93.2459195,25.7996856],[93.2478641,25.7976705],[93.2451454,25.7952019],[93.2478096,25.7879566],[93.2469467,25.7828885],[93.2428167,25.775313],[93.2329279,25.7661213],[93.227125,25.7655181],[93.2285459,25.7634725],[93.2274538,25.7620141],[93.2310586,25.7588076],[93.2265289,25.7274562],[93.1824229,25.7289635],[93.1705054,25.7183725],[93.1585272,25.723728],[93.1531405,25.7205319],[93.1483835,25.7207061],[93.1427257,25.7184026],[93.1437809,25.7237495],[93.1466964,25.7269896],[93.1486311,25.7338902],[93.144984,25.7366169],[93.1465489,25.7378397],[93.1458963,25.7387335],[93.1418545,25.7365993],[93.1414168,25.7412255],[93.1379038,25.7445116],[93.1258589,25.7485697],[93.1288692,25.7552228],[93.1275984,25.7576375],[93.1296121,25.7607968],[93.126512,25.7609006],[93.1251115,25.7628866],[93.1185773,25.7605485],[93.1146991,25.7666052],[93.1104674,25.7653502],[93.1092857,25.7693263],[93.1049242,25.7696552],[93.1059755,25.772413],[93.1050432,25.7736044],[93.0988921,25.7737163],[93.0985275,25.7769793],[93.0960752,25.7759905],[93.0951097,25.7696581],[93.090524,25.7693276],[93.0911962,25.7717875],[93.0867309,25.7693403],[93.0857782,25.7709693],[93.0831473,25.7684546],[93.0805495,25.7709272],[93.080655,25.7684449],[93.0753377,25.7660601],[93.0736864,25.769246],[93.0723815,25.7669573],[93.0681944,25.7672852],[93.0680185,25.7705212],[93.0661042,25.771035],[93.0666716,25.7727142],[93.0645722,25.7744599],[93.0662216,25.7756386],[93.0636712,25.7767691],[93.0675026,25.7764929],[93.0702865,25.778739],[93.0735879,25.7789897],[93.0753921,25.7829109],[93.0509476,25.7906112],[93.0289274,25.8122097],[93.0131629,25.8397131],[92.9984098,25.8501712],[92.9820041,25.8755521],[92.8898142,25.8653011],[92.8876945,25.8660179],[92.885932,25.8689518],[92.8786625,25.8670917],[92.8707009,25.8677812],[92.8658497,25.8697141],[92.8655499,25.8782257],[92.8579774,25.8842441],[92.8551707,25.8910072],[92.848832,25.8997119],[92.8469297,25.9066266],[92.8476863,25.9101428],[92.859854,25.9083277],[92.8678011,25.9090981],[92.8709536,25.9100647],[92.8651214,25.9144561],[92.8572491,25.9239309],[92.8550534,25.9293861],[92.855793,25.9317082],[92.8696167,25.9331802],[92.8777217,25.9318881],[92.9003216,25.9318178],[92.8997538,25.9371353],[92.9014658,25.9411511],[92.9056634,25.9446347],[92.8987581,25.9486213],[92.910871,25.9662755],[92.913189,25.9736434],[92.9117548,25.9837974],[92.9178154,25.9890492],[92.9145184,25.9991094],[92.9239856,26.0011624],[92.922564,26.0183431],[92.9079599,26.0540861],[92.9129942,26.0621866],[92.9176889,26.055915],[92.9216693,26.0536577],[92.9336647,26.0507339],[92.940093,26.0515683],[92.9410304,26.0486508],[92.9439692,26.0484089],[92.9483947,26.0531591],[92.9699221,26.0523289],[92.9801051,26.0651702],[92.9809373,26.0727573],[92.9787247,26.0785702],[92.9845275,26.0785516],[92.985135,26.0797593],[92.9845666,26.0835336],[92.9828054,26.0852524],[92.9832929,26.0891921],[93.0034533,26.0864689],[93.0137963,26.0887585],[93.0160767,26.0962138],[93.0264692,26.0907804],[93.0353289,26.1085955],[93.0368892,26.1065975],[93.0350583,26.1020652],[93.0373436,26.1006721],[93.0367307,26.0983881],[93.0384566,26.096462],[93.0376811,26.090969]]]}},{"type":"Feature","properties":{"district":"Karbi Anglong","subdistrict":"Donka","dt_code":"314","sdt_code":"02088","dist_lgd":292,"subdt_lgd":2088,"st_nm":"ASSAM"},"geometry":{"type":"Polygon","coordinates":[[[93.7379346,26.1732065],[93.7499219,26.1704415],[93.7511158,26.162779],[93.7546795,26.1595387],[93.77315,26.1630246],[93.7806243,26.1601704],[93.7870934,26.1613039],[93.7941437,26.1590945],[93.7999923,26.163208],[93.8071281,26.1655005],[93.8126134,26.1712304],[93.818066,26.1729404],[93.8217003,26.1721969],[93.8264922,26.1662492],[93.8265336,26.1618259],[93.8307159,26.1579853],[93.8305785,26.1497793],[93.8270149,26.1477469],[93.8254893,26.1440214],[93.8307434,26.1389812],[93.8312414,26.1367128],[93.8295167,26.135226],[93.8224555,26.1387695],[93.8184179,26.1368696],[93.8194314,26.1323912],[93.8257381,26.130531],[93.8280986,26.1276375],[93.8262552,26.1259893],[93.8191967,26.1245899],[93.8173197,26.1225223],[93.8176784,26.1189228],[93.8220193,26.1140824],[93.8201774,26.1098801],[93.8121466,26.1121334],[93.812089,26.1084621],[93.8065462,26.1023822],[93.807384,26.0996019],[93.8098823,26.0990657],[93.8102213,26.0951797],[93.8142446,26.0906803],[93.8049742,26.0934646],[93.8037083,26.0887361],[93.8073168,26.0898378],[93.8100938,26.0864185],[93.8057522,26.0872941],[93.8033406,26.0853008],[93.8055825,26.0819351],[93.8059462,26.0712266],[93.8004929,26.075898],[93.7980756,26.074697],[93.7967103,26.0710786],[93.7977457,26.0696163],[93.8037111,26.0700134],[93.8053955,26.0644528],[93.8011986,26.0659008],[93.7996546,26.0629629],[93.7947211,26.0611337],[93.7946469,26.058512],[93.7980951,26.0540794],[93.7974026,26.0523062],[93.7922304,26.0524645],[93.7905663,26.0564031],[93.7871594,26.0542341],[93.7908466,26.0523201],[93.7911307,26.0480895],[93.7953544,26.0438061],[93.7950982,26.0415137],[93.7801651,26.0395029],[93.7872063,26.0310295],[93.7895045,26.0312816],[93.7917613,26.0338081],[93.7997204,26.0311804],[93.7993845,26.0295326],[93.7965524,26.027908],[93.7937371,26.030736],[93.7924324,26.0263655],[93.786083,26.0236638],[93.786242,26.0198039],[93.7914138,26.0181772],[93.7933346,26.0150887],[93.7899094,26.0124541],[93.7862431,26.0144219],[93.7812409,26.0077877],[93.7820146,26.0064271],[93.7854613,26.0064293],[93.7866473,26.009779],[93.7881136,26.0093321],[93.7882344,26.0065742],[93.7937617,25.9980291],[93.7982096,26.0029707],[93.8008893,26.0020434],[93.7976115,25.9967432],[93.8007992,25.9944161],[93.7975428,25.9948296],[93.7946825,25.9930769],[93.7963422,25.9904151],[93.7957,25.9873954],[93.7991628,25.9839988],[93.8008707,25.9838733],[93.8018828,25.9864418],[93.8033412,25.9861085],[93.8042636,25.9798266],[93.8024664,25.9792616],[93.7999935,25.9812868],[93.7980178,25.9786004],[93.7938179,25.9793879],[93.7933172,25.981414],[93.791864,25.9814765],[93.7903618,25.9803653],[93.7911034,25.9768184],[93.7894261,25.9761359],[93.7868887,25.9772582],[93.7855668,25.9821226],[93.7807688,25.9813252],[93.7784898,25.9776996],[93.7792078,25.9727492],[93.776724,25.9686515],[93.7735775,25.9704842],[93.7714178,25.9679914],[93.767272,25.9699516],[93.7645468,25.9688799],[93.768143,25.9674249],[93.7696539,25.9639689],[93.7696784,25.95886],[93.7635522,25.9593699],[93.7682303,25.9535875],[93.7675491,25.9505134],[93.7641891,25.9508495],[93.76491,25.9541401],[93.7632024,25.9543149],[93.762107,25.9512586],[93.7595197,25.9526421],[93.7578282,25.9518735],[93.7584634,25.9455058],[93.7529312,25.9466747],[93.7523272,25.9418496],[93.7499123,25.9407644],[93.7471393,25.9431766],[93.7453816,25.942779],[93.7462043,25.9387008],[93.7523537,25.9354228],[93.7513133,25.9328088],[93.7498411,25.9325412],[93.7496246,25.9343554],[93.7476423,25.9349223],[93.7395302,25.9317915],[93.7395282,25.9298181],[93.7365533,25.9276712],[93.7386398,25.9253208],[93.7370341,25.9251487],[93.7361453,25.9227638],[93.7339659,25.9238932],[93.7282121,25.9205794],[93.718692,25.9198528],[93.7136157,25.9168101],[93.7066257,25.918826],[93.7049469,25.9165065],[93.7054489,25.9149231],[93.7008756,25.9106566],[93.6939761,25.9117226],[93.6900724,25.9076624],[93.6877322,25.907579],[93.684765,25.9037018],[93.6815292,25.9043864],[93.7020768,25.851543],[93.7143219,25.8445133],[93.7118327,25.8441401],[93.7078103,25.8478118],[93.7008794,25.8432708],[93.6996488,25.8455055],[93.7016757,25.8484155],[93.7011278,25.8495712],[93.6992256,25.8465709],[93.6946925,25.8479948],[93.6914332,25.8438487],[93.6882971,25.8459487],[93.6856475,25.8436662],[93.6902195,25.8406899],[93.6805575,25.838347],[93.6794538,25.8350347],[93.6806799,25.8334321],[93.678628,25.8284095],[93.6726233,25.8276399],[93.6711608,25.8240478],[93.6676357,25.8259625],[93.6682925,25.8218281],[93.6649618,25.8231785],[93.6605382,25.8216136],[93.6548139,25.8236414],[93.6516015,25.8198554],[93.6461362,25.8223796],[93.6465102,25.8197344],[93.6443109,25.8186966],[93.6434728,25.8157721],[93.6381572,25.8156328],[93.6386003,25.809788],[93.6330984,25.8113769],[93.6349504,25.8092738],[93.6316992,25.8066428],[93.6328856,25.8027567],[93.62951,25.8015608],[93.6246988,25.8025629],[93.62776,25.79888],[93.626693,25.7971515],[93.6233975,25.7973049],[93.6267527,25.7896097],[93.6231981,25.7873259],[93.6225201,25.7849654],[93.6185022,25.7837016],[93.6200975,25.7802309],[93.6174209,25.7759883],[93.6127202,25.7765567],[93.6102929,25.7737492],[93.6050389,25.774904],[93.602653,25.7650781],[93.6005595,25.7651636],[93.5999658,25.768079],[93.5985102,25.768801],[93.5916732,25.762526],[93.5902526,25.762968],[93.5895141,25.766055],[93.5859203,25.7661488],[93.5823435,25.7605468],[93.5854794,25.757975],[93.5777505,25.754493],[93.5768325,25.7568713],[93.5744155,25.7564056],[93.5714689,25.7587875],[93.5679353,25.7584342],[93.5682651,25.7568095],[93.5724268,25.756441],[93.5732203,25.7541169],[93.5702904,25.7527618],[93.5683307,25.7549862],[93.5663273,25.7547507],[93.5669689,25.7472537],[93.5635066,25.7447248],[93.5615119,25.7377689],[93.5595191,25.7368022],[93.5582823,25.7387153],[93.5542962,25.7378288],[93.5552603,25.7336319],[93.5495803,25.7327399],[93.5494329,25.7293188],[93.5458837,25.7314652],[93.5424509,25.7309398],[93.5430623,25.7258536],[93.5395518,25.7225613],[93.5430506,25.7209565],[93.5431894,25.7146425],[93.548024,25.7117205],[93.541916,25.7045905],[93.5411677,25.6988445],[93.5362935,25.7018024],[93.5320678,25.6969841],[93.5312293,25.6925739],[93.5274747,25.6911859],[93.5235981,25.692596],[93.5239588,25.6959181],[93.5224929,25.6975735],[93.5204805,25.6916144],[93.5126516,25.6845858],[93.5137241,25.6828173],[93.51754,25.6822921],[93.5183494,25.6794267],[93.514093,25.6770675],[93.5111442,25.6720916],[93.5074383,25.6725084],[93.5098029,25.6684663],[93.5066012,25.6678815],[93.505507,25.6664228],[93.5064555,25.6641533],[93.4999849,25.6607177],[93.4965526,25.6545336],[93.491222,25.6531958],[93.4880162,25.6543131],[93.4868049,25.653118],[93.4877694,25.6513932],[93.4852121,25.6483305],[93.4814402,25.6512265],[93.4829388,25.6454572],[93.4817379,25.6445013],[93.4767465,25.647768],[93.4738254,25.6440103],[93.4714863,25.6453975],[93.4687965,25.6443251],[93.4720365,25.6423913],[93.4641661,25.6446214],[93.4604617,25.6406179],[93.4573121,25.6411366],[93.4557321,25.6386867],[93.4605953,25.6367792],[93.4608958,25.6323108],[93.4550865,25.6338533],[93.4495934,25.6395295],[93.4494764,25.6356119],[93.4466627,25.6345978],[93.4456861,25.6389294],[93.4443711,25.6396118],[93.4421561,25.6381737],[93.4416242,25.6346815],[93.4397327,25.6356708],[93.4373573,25.6348052],[93.437261,25.6316594],[93.4345723,25.6311912],[93.4336553,25.6294313],[93.4304292,25.6294732],[93.4280408,25.6325974],[93.4265319,25.631948],[93.4248234,25.630062],[93.4245527,25.6254674],[93.4199671,25.6247016],[93.4222556,25.6204267],[93.4216125,25.6182424],[93.4183516,25.6176386],[93.4137279,25.6209934],[93.4143642,25.618055],[93.4104807,25.616544],[93.4110074,25.6135921],[93.4078268,25.6144143],[93.4062628,25.6114042],[93.4015238,25.6110937],[93.4012737,25.6057679],[93.4028707,25.6021569],[93.3994654,25.5990658],[93.3987779,25.5960328],[93.3969514,25.5970261],[93.3947013,25.5944493],[93.3940345,25.5960652],[93.3924319,25.5959029],[93.3892906,25.5910964],[93.3855977,25.5927713],[93.3869463,25.5899728],[93.3857464,25.5870527],[93.3834074,25.5879195],[93.3820633,25.5839613],[93.3783484,25.5826041],[93.3791143,25.5815196],[93.3815869,25.5819697],[93.3796451,25.5789805],[93.3798334,25.5765774],[93.3742996,25.5770875],[93.3753944,25.573084],[93.3695074,25.570421],[93.3655418,25.5651807],[93.3624516,25.5659974],[93.361591,25.5638715],[93.3640593,25.5611998],[93.3584719,25.557259],[93.3584524,25.554411],[93.3564421,25.5561891],[93.3546061,25.5555208],[93.3521623,25.5599933],[93.3424496,25.5597658],[93.33744,25.5562668],[93.335749,25.553978],[93.3370828,25.5528274],[93.3326114,25.5483805],[93.329243,25.5487947],[93.3270198,25.5464875],[93.3272246,25.5446687],[93.3303643,25.5436813],[93.3303089,25.5423603],[93.3242962,25.5387763],[93.3219556,25.5332058],[93.3024617,25.5303532],[93.2987788,25.5327615],[93.299437,25.5379027],[93.2939849,25.5443314],[93.2898559,25.5438008],[93.2881321,25.5405004],[93.2807314,25.5378913],[93.2775543,25.5357001],[93.2760001,25.5323229],[93.2717079,25.5312321],[93.2690557,25.5319251],[93.2653155,25.5364673],[93.2628091,25.5405727],[93.2637708,25.544288],[93.2590833,25.548784],[93.2513489,25.547833],[93.2483608,25.5491615],[93.2377927,25.5460046],[93.2316754,25.5458434],[93.2272756,25.5461182],[93.2226014,25.5488807],[93.2153898,25.5475698],[93.2137418,25.5495651],[93.2105772,25.5466069],[93.2112004,25.5431574],[93.2076465,25.5442266],[93.2064263,25.5464251],[93.2082421,25.5488954],[93.2058727,25.5496623],[93.2053685,25.5536717],[93.2034016,25.5557255],[93.2003459,25.554546],[93.1983395,25.5555748],[93.1989009,25.5582751],[93.1972578,25.5592543],[93.2002143,25.559901],[93.1986943,25.5642847],[93.1926158,25.5653661],[93.193317,25.5668654],[93.1907515,25.5705127],[93.1892614,25.5704232],[93.1919906,25.5747595],[93.1889649,25.5746344],[93.18813,25.5769546],[93.1866666,25.5763368],[93.187759,25.5816352],[93.1856285,25.5806295],[93.1830512,25.5819078],[93.1848089,25.5838976],[93.1793109,25.5873253],[93.1766006,25.5928281],[93.1812892,25.5929754],[93.1784234,25.5957071],[93.1801319,25.5986222],[93.1757638,25.6041435],[93.1780115,25.6110755],[93.176942,25.6129038],[93.1798049,25.6141936],[93.1808515,25.6171541],[93.1795134,25.6195015],[93.1824156,25.61932],[93.1845777,25.6225373],[93.188605,25.6220708],[93.1900302,25.6248054],[93.1891206,25.6278207],[93.1919394,25.6295843],[93.1921049,25.6318725],[93.1876787,25.6318292],[93.1873664,25.6345329],[93.1853002,25.6346962],[93.1845347,25.637558],[93.1818854,25.6386192],[93.1815989,25.641082],[93.1805363,25.6384636],[93.178566,25.6397511],[93.1794461,25.6421627],[93.1772235,25.6416128],[93.1780787,25.6474748],[93.175584,25.6489636],[93.1750439,25.6518116],[93.1717499,25.6533593],[93.1723894,25.6563305],[93.1705771,25.6620235],[93.165842,25.6637277],[93.1607764,25.6626911],[93.1582489,25.6664263],[93.1567817,25.6650068],[93.1544971,25.6656712],[93.1528182,25.6623947],[93.1502337,25.6632165],[93.14876,25.665672],[93.1467461,25.6653332],[93.1424396,25.6609923],[93.1413346,25.6672345],[93.1359711,25.6701414],[93.1377096,25.6751738],[93.1337999,25.6777375],[93.1329582,25.681082],[93.1340591,25.6826978],[93.131738,25.6855864],[93.1347218,25.6882808],[93.133611,25.6900456],[93.1364205,25.6921126],[93.1352002,25.693927],[93.1360772,25.6986029],[93.1342343,25.7058875],[93.1366366,25.7066161],[93.1372099,25.7108945],[93.1406266,25.7123413],[93.1397256,25.7154986],[93.1434471,25.7174457],[93.1426519,25.7185671],[93.1483835,25.7207061],[93.1531405,25.7205319],[93.1585272,25.723728],[93.1705054,25.7183725],[93.1824229,25.7289635],[93.2265289,25.7274562],[93.2310586,25.7588076],[93.2274538,25.7620141],[93.2285459,25.7634725],[93.227125,25.7655181],[93.2313071,25.7654299],[93.2360944,25.7687211],[93.2438316,25.7764787],[93.2471506,25.7835199],[93.2477917,25.7881908],[93.2451454,25.7952019],[93.2478641,25.7976705],[93.2459195,25.7996856],[93.2467736,25.8094705],[93.2405038,25.807298],[93.239948,25.8094432],[93.2437984,25.8155768],[93.2450256,25.8219217],[93.2438004,25.8310247],[93.241331,25.8340352],[93.2411795,25.8374932],[93.237952,25.8410995],[93.2379547,25.8436921],[93.2408622,25.8461947],[93.2392775,25.8510464],[93.2317044,25.8522947],[93.222031,25.8599362],[93.2214873,25.8622663],[93.2069858,25.8805636],[93.1968999,25.8980583],[93.1880748,25.8996873],[93.183028,25.9033611],[93.1834267,25.91421],[93.1820682,25.9200301],[93.1793469,25.9214332],[93.1794246,25.9287291],[93.1767049,25.9326684],[93.1779732,25.9341231],[93.1750898,25.9404758],[93.1764974,25.9430544],[93.172976,25.9446069],[93.1718565,25.9470992],[93.1735305,25.9525239],[93.1675228,25.9564586],[93.1610439,25.9578202],[93.1572665,25.967517],[93.1593274,25.9710248],[93.1576646,25.9749085],[93.1586216,25.9774157],[93.1569855,25.9784576],[93.1563486,25.982439],[93.1540472,25.9855493],[93.158129,25.9955232],[93.1769057,25.9952041],[93.1797374,25.996886],[93.18982,26.0325487],[93.194384,26.0432127],[93.1958006,26.0440535],[93.1966069,26.0415826],[93.1984513,26.0414261],[93.199109,26.0375263],[93.2012416,26.0375856],[93.2032166,26.0335739],[93.2117693,26.0338061],[93.2147222,26.0287355],[93.2203119,26.0258124],[93.2222343,26.0213292],[93.2279836,26.0230001],[93.2307191,26.0171516],[93.2375794,26.0203114],[93.248143,26.0192676],[93.2506778,26.0099799],[93.2596846,26.00014],[93.2721132,25.9956234],[93.2876575,25.9950153],[93.2891016,25.9935959],[93.2842571,25.988394],[93.2846645,25.986199],[93.2910679,25.9865156],[93.3001145,25.9907819],[93.3072924,25.9908875],[93.3078624,25.9932868],[93.30596,25.9948897],[93.3051011,25.9988513],[93.307881,26.0010613],[93.3162924,26.000773],[93.3214688,25.997309],[93.326572,25.9988876],[93.3327221,25.993752],[93.3333774,25.9893756],[93.3382026,25.9898256],[93.3408266,25.9860002],[93.3497698,25.9892646],[93.3549261,25.9868055],[93.3549408,25.9899724],[93.3627498,25.9930454],[93.3639747,25.9971163],[93.3679947,25.9986323],[93.3701581,25.9971824],[93.3784251,25.9972572],[93.3810781,25.9949326],[93.383109,25.9963299],[93.3875945,25.9948955],[93.3895845,25.9959032],[93.391464,25.9903698],[93.4002805,25.9918384],[93.403158,25.9875289],[93.4074388,25.9896489],[93.4063709,25.9850246],[93.4106032,25.9853145],[93.4136115,25.9808919],[93.4171533,25.9815033],[93.4189237,25.9804333],[93.4202074,25.97613],[93.4233607,25.9799191],[93.4274694,25.9790401],[93.4295194,25.9765047],[93.4345707,25.9759074],[93.4485528,25.9823013],[93.4524192,25.9886951],[93.4598466,25.9935788],[93.4615996,26.0076044],[93.4643159,26.0114263],[93.4686204,26.0144175],[93.4824428,26.0144208],[93.4869904,26.0221963],[93.4947959,26.025604],[93.5005351,26.0320743],[93.5187926,26.0362549],[93.5200708,26.0457557],[93.522397,26.050119],[93.5389594,26.0508405],[93.5403181,26.0536057],[93.5391185,26.0573146],[93.5427317,26.0715858],[93.5519681,26.0808736],[93.5525878,26.0841838],[93.5488201,26.0912402],[93.5504083,26.096148],[93.5432647,26.1039788],[93.5455512,26.1054618],[93.5467743,26.1094402],[93.560011,26.1138137],[93.5674182,26.1188555],[93.5680629,26.1298525],[93.5696611,26.1323563],[93.5689271,26.1528447],[93.5715295,26.1547803],[93.5784355,26.1546585],[93.5857754,26.1511345],[93.5940073,26.1410443],[93.5970942,26.1400538],[93.6369847,26.1348809],[93.6468148,26.13474],[93.6477159,26.1361774],[93.6532891,26.1307299],[93.6691605,26.1310549],[93.6860879,26.1293185],[93.6938453,26.1331779],[93.696371,26.1358805],[93.696914,26.1431823],[93.7043707,26.1486734],[93.7032258,26.151184],[93.6963508,26.1520844],[93.6931816,26.1554426],[93.6903292,26.164841],[93.6929575,26.1684949],[93.7077009,26.1713283],[93.7125871,26.1741929],[93.7203333,26.1729203],[93.7242474,26.1763621],[93.7314685,26.1793141],[93.7379346,26.1732065]]]}},{"type":"Feature","properties":{"district":"Dima Hasao","subdistrict":"Mahur","dt_code":"315","sdt_code":"02094","dist_lgd":299,"subdt_lgd":0,"st_nm":"ASSAM"},"geometry":{"type":"Polygon","coordinates":[[[93.0992012,25.7734771],[93.1050432,25.7736044],[93.1059755,25.772413],[93.1049242,25.7696552],[93.1092857,25.7693263],[93.1104674,25.7653502],[93.1146991,25.7666052],[93.1185773,25.7605485],[93.1251115,25.7628866],[93.126512,25.7609006],[93.1296121,25.7607968],[93.1275984,25.7576375],[93.1288692,25.7552228],[93.1258589,25.7485697],[93.1379038,25.7445116],[93.1414168,25.7412255],[93.1418545,25.7365993],[93.1458963,25.7387335],[93.1465489,25.7378397],[93.144984,25.7366169],[93.1486311,25.7338902],[93.1466964,25.7269896],[93.1422158,25.7194078],[93.1434471,25.7174457],[93.1400988,25.7160378],[93.1406266,25.7123413],[93.1372099,25.7108945],[93.1366366,25.7066161],[93.1342343,25.7058875],[93.1360772,25.6986029],[93.1352002,25.693927],[93.1364205,25.6921126],[93.133611,25.6900456],[93.1345773,25.6880145],[93.1317699,25.6861251],[93.1340591,25.6826978],[93.1332022,25.6789968],[93.1377096,25.6751738],[93.1359711,25.6701414],[93.1413346,25.6672345],[93.1426836,25.6608704],[93.1467461,25.6653332],[93.14876,25.665672],[93.1502337,25.6632165],[93.1528182,25.6623947],[93.1544971,25.6656712],[93.1567817,25.6650068],[93.1582489,25.6664263],[93.1607764,25.6626911],[93.165842,25.6637277],[93.1705771,25.6620235],[93.1723894,25.6563305],[93.1717499,25.6533593],[93.1750439,25.6518116],[93.175584,25.6489636],[93.1780787,25.6474748],[93.1772235,25.6416128],[93.1794461,25.6421627],[93.178566,25.6397511],[93.1805363,25.6384636],[93.1815989,25.641082],[93.1818854,25.6386192],[93.1845347,25.637558],[93.1853002,25.6346962],[93.1873664,25.6345329],[93.1876787,25.6318292],[93.1919557,25.6321479],[93.1919394,25.6295843],[93.1891206,25.6278207],[93.1900302,25.6248054],[93.188605,25.6220708],[93.1845777,25.6225373],[93.1824156,25.61932],[93.1795134,25.6195015],[93.1808515,25.6171541],[93.1798049,25.6141936],[93.176942,25.6129038],[93.1780115,25.6110755],[93.1757638,25.6041435],[93.1801319,25.5986222],[93.1784234,25.5957071],[93.1812892,25.5929754],[93.1766006,25.5928281],[93.1793109,25.5873253],[93.1848089,25.5838976],[93.1830512,25.5819078],[93.1856285,25.5806295],[93.187759,25.5816352],[93.1866666,25.5763368],[93.18813,25.5769546],[93.1889649,25.5746344],[93.1919906,25.5747595],[93.1892614,25.5704232],[93.1907515,25.5705127],[93.193317,25.5668654],[93.1926158,25.5653661],[93.1986943,25.5642847],[93.2002143,25.559901],[93.1972578,25.5592543],[93.1989009,25.5582751],[93.1983395,25.5555748],[93.2003459,25.554546],[93.2034016,25.5557255],[93.2053685,25.5536717],[93.2058727,25.5496623],[93.2082421,25.5488954],[93.2064263,25.5464251],[93.2076465,25.5442266],[93.2112004,25.5431574],[93.2105772,25.5466069],[93.2137418,25.5495651],[93.2153898,25.5475698],[93.2226014,25.5488807],[93.2272756,25.5461182],[93.2316754,25.5458434],[93.2377927,25.5460046],[93.2483608,25.5491615],[93.2513489,25.547833],[93.2590833,25.548784],[93.2637708,25.544288],[93.2628091,25.5405727],[93.2653155,25.5364673],[93.2690557,25.5319251],[93.2717079,25.5312321],[93.2760001,25.5323229],[93.2775543,25.5357001],[93.2807314,25.5378913],[93.2881321,25.5405004],[93.2898559,25.5438008],[93.2939849,25.5443314],[93.299437,25.5379027],[93.2987788,25.5327615],[93.3019045,25.5303214],[93.3051719,25.5316546],[93.3131365,25.5313921],[93.3203783,25.5338641],[93.3218164,25.533129],[93.3242962,25.5387763],[93.3274549,25.5396757],[93.3302248,25.542484],[93.3329916,25.542355],[93.3337835,25.5395885],[93.3363907,25.5387317],[93.3353126,25.5342179],[93.3403573,25.532838],[93.3405706,25.5349458],[93.345083,25.5341931],[93.3469687,25.5332772],[93.3462876,25.53107],[93.3483324,25.529942],[93.3503368,25.5320005],[93.3499693,25.5286785],[93.3526606,25.5283043],[93.3550887,25.5247751],[93.3562837,25.5168766],[93.3576916,25.5152746],[93.3568562,25.5136993],[93.3615815,25.5123367],[93.3621342,25.5067129],[93.3640043,25.5065325],[93.3643328,25.5037567],[93.3692018,25.5035268],[93.3670584,25.5009585],[93.3675204,25.4992416],[93.3766718,25.4975318],[93.3759707,25.4958529],[93.3775173,25.4952751],[93.377383,25.4929823],[93.3855136,25.4903911],[93.3838376,25.4882608],[93.3865377,25.4874211],[93.3845882,25.4852322],[93.3860251,25.483341],[93.391311,25.4823791],[93.3891027,25.47843],[93.3866113,25.4777848],[93.3891968,25.4763763],[93.3881972,25.4751352],[93.3889776,25.4725354],[93.3844576,25.4691641],[93.3868193,25.4688344],[93.3869085,25.4661083],[93.3904135,25.4644379],[93.3883401,25.4634948],[93.3903434,25.4603848],[93.3916611,25.4617839],[93.3939973,25.4584436],[93.3973037,25.4602575],[93.4006439,25.4563573],[93.4024671,25.4507827],[93.4087203,25.4482854],[93.410406,25.4498738],[93.4155496,25.4449843],[93.419949,25.4449649],[93.4256075,25.4483166],[93.4363949,25.4481816],[93.438551,25.4455087],[93.4375306,25.4430446],[93.4395179,25.4410127],[93.442953,25.4412774],[93.4502915,25.4356545],[93.4561148,25.4337184],[93.4581931,25.4309841],[93.4583258,25.4259167],[93.4623176,25.4178509],[93.4593339,25.4083652],[93.4596584,25.403233],[93.4631959,25.3955895],[93.4729871,25.385992],[93.4736827,25.3799749],[93.4717716,25.3758869],[93.4725254,25.3742841],[93.4650133,25.3606669],[93.4638005,25.3596431],[93.4587492,25.3606797],[93.4515816,25.3539539],[93.4519646,25.3470253],[93.4499818,25.3453699],[93.4502734,25.3430858],[93.4484341,25.3406359],[93.4520519,25.3359624],[93.4565116,25.3353823],[93.4554218,25.3321376],[93.4566717,25.3298621],[93.4534331,25.321464],[93.4677505,25.3100949],[93.4373276,25.3071775],[93.4021116,25.28719],[93.3565211,25.2667267],[93.3293953,25.2467392],[93.3186877,25.2453115],[93.2758574,25.2488807],[93.2637222,25.2467392],[93.2280302,25.2274656],[93.2144673,25.2246102],[93.1966213,25.2310348],[93.163071,25.2324624],[93.123096,25.2253241],[93.0781242,25.2139026],[93.0574229,25.2117611],[93.04386,25.2146165],[93.0110234,25.2296071],[92.9960328,25.2410285],[92.9867529,25.2624436],[92.9710484,25.2824311],[92.9532025,25.2981356],[92.9446364,25.3159815],[92.9475215,25.341992],[92.9471051,25.3631989],[92.956623,25.3789034],[92.9713756,25.3903248],[93.0089711,25.4065051],[93.0308621,25.4355346],[93.0346693,25.464564],[93.0318139,25.4926416],[93.0275309,25.5010887],[93.0186079,25.5117963],[92.9757776,25.5457036],[92.9686392,25.5742571],[92.9722084,25.6224412],[92.9793468,25.6509948],[92.991839,25.6724099],[93.0313975,25.6913712],[93.0810688,25.7068377],[93.0938584,25.7211145],[93.0947097,25.7695793],[93.0963702,25.7722264],[93.0960752,25.7759905],[93.0988913,25.7769027],[93.0992012,25.7734771]]]}},{"type":"Feature","properties":{"district":"Dima Hasao","subdistrict":"Haflong","dt_code":"315","sdt_code":"02093","dist_lgd":299,"subdt_lgd":2093,"st_nm":"ASSAM"},"geometry":{"type":"Polygon","coordinates":[[[93.4705033,25.3050604],[93.4673031,25.3016638],[93.463162,25.3014722],[93.4553563,25.2934741],[93.445321,25.2913442],[93.4440889,25.2898463],[93.4360599,25.2878233],[93.4307753,25.2829462],[93.4275237,25.2832407],[93.426703,25.2796392],[93.4205316,25.2774612],[93.4159352,25.2642692],[93.4066771,25.2607779],[93.4011625,25.2606165],[93.3936617,25.2547409],[93.3925927,25.2499688],[93.3865977,25.2427788],[93.3833371,25.2422781],[93.3811186,25.2396286],[93.3809596,25.237945],[93.3826866,25.2372453],[93.3816394,25.2343069],[93.3842595,25.2335214],[93.3846463,25.2313593],[93.3812717,25.227356],[93.3817776,25.222901],[93.3785423,25.2204637],[93.3756148,25.2201432],[93.3767063,25.2178774],[93.373377,25.2148397],[93.3738285,25.2118246],[93.3689365,25.2109669],[93.3707178,25.2078932],[93.3661037,25.206101],[93.3656231,25.1980757],[93.3593775,25.1953128],[93.3599882,25.1918508],[93.356714,25.1918775],[93.3573695,25.1875987],[93.3561638,25.1889571],[93.3541203,25.1876659],[93.3549589,25.1859329],[93.3513382,25.183197],[93.3514977,25.1796628],[93.3498062,25.1794955],[93.3458701,25.1698084],[93.3440078,25.1591332],[93.3465673,25.1570844],[93.345183,25.150735],[93.3468589,25.1430182],[93.3461409,25.1405801],[93.347509,25.1387729],[93.3423818,25.137485],[93.3453387,25.1303359],[93.3417202,25.1267061],[93.3452561,25.1234615],[93.3411758,25.1230634],[93.342203,25.1198905],[93.3393286,25.1154889],[93.3414063,25.1138329],[93.3367469,25.111602],[93.3380761,25.1099007],[93.3324574,25.1007317],[93.3335389,25.0979877],[93.3317006,25.0960463],[93.3323706,25.0935187],[93.3275428,25.0934],[93.3218783,25.0908207],[93.3149222,25.0846162],[93.312739,25.0793523],[93.3061119,25.0716354],[93.3063071,25.0682546],[93.3028155,25.0643621],[93.3025893,25.0613694],[93.3055599,25.0574257],[93.3042279,25.0556151],[93.3007888,25.0558572],[93.3020979,25.0542419],[93.2999572,25.0460394],[93.2975439,25.0465798],[93.2994053,25.0493521],[93.2987991,25.0519473],[93.294796,25.051065],[93.2936793,25.0463339],[93.2913589,25.0486393],[93.2889677,25.0456813],[93.287178,25.0470119],[93.2834633,25.0449965],[93.2826973,25.0490088],[93.2796612,25.0472239],[93.2800746,25.0509977],[93.2773058,25.0495741],[93.2745101,25.0509444],[93.2721486,25.0484422],[93.2704521,25.0507656],[93.2642049,25.0493619],[93.2622707,25.0459119],[93.2646246,25.0456518],[93.2660531,25.0438383],[93.2621862,25.0407209],[93.2596193,25.0412065],[93.2583489,25.0380233],[93.2598926,25.0349732],[93.2548439,25.0299859],[93.2537865,25.027164],[93.251354,25.027144],[93.2511671,25.0258484],[93.2540358,25.0254715],[93.2525027,25.022929],[93.2539465,25.0205785],[93.2490823,25.0200871],[93.2472813,25.0179911],[93.2438828,25.0182861],[93.2437364,25.0161239],[93.2476709,25.0148995],[93.2447226,25.0117136],[93.2417844,25.0039252],[93.2441976,25.0032596],[93.2443881,24.9980883],[93.2468624,24.9973802],[93.2488809,24.9989058],[93.2487827,25.0029862],[93.2505001,25.0043192],[93.2525887,25.0009311],[93.2573846,25.0047445],[93.2598696,25.0011264],[93.2586328,24.9994779],[93.2541595,25.0002326],[93.2527739,24.998909],[93.2529786,24.9973384],[93.2570412,24.9960733],[93.2514099,24.986012],[93.2534344,24.9820685],[93.2494356,24.9793389],[93.2493389,24.9770413],[93.2519933,24.9770751],[93.2500003,24.9720681],[93.2468287,24.9721222],[93.2443857,24.9703555],[93.2436028,24.9751949],[93.239991,24.9732341],[93.2383032,24.9742148],[93.2370882,24.9778403],[93.2344965,24.9757793],[93.2319366,24.9761512],[93.2289837,24.9805316],[93.2326897,24.9825739],[93.2273548,24.9873441],[93.2243812,24.9845203],[93.2194209,24.987331],[93.213939,24.9881241],[93.212787,24.9836109],[93.2029208,24.9817474],[93.1968924,24.9882005],[93.198578,24.991391],[93.1925468,24.9936415],[93.1899212,24.9922343],[93.1879207,24.9931062],[93.1886208,24.996884],[93.1874972,24.9984101],[93.1848705,24.9948272],[93.1815779,24.9971078],[93.1787992,24.9969688],[93.1779975,24.998576],[93.1797715,25.0007285],[93.0992582,25.0007401],[93.1192019,25.0305176],[93.1353822,25.0495533],[93.1525143,25.0885764],[93.1524903,25.1293842],[93.1434483,25.1517511],[93.1332844,25.1655853],[93.1184334,25.1701574],[93.104347,25.1769151],[93.1004447,25.182721],[93.0996662,25.1926778],[93.0915761,25.2012439],[93.0910477,25.2171848],[93.123096,25.2253241],[93.163071,25.2324624],[93.1966213,25.2310348],[93.2144673,25.2246102],[93.2280302,25.2274656],[93.2637222,25.2467392],[93.2758574,25.2488807],[93.3186877,25.2453115],[93.3293953,25.2467392],[93.3565211,25.2667267],[93.4021116,25.28719],[93.4373276,25.3071775],[93.4677505,25.3100949],[93.4705033,25.3050604]]]}},{"type":"Feature","properties":{"district":"Cachar","subdistrict":"Silchar","dt_code":"316","sdt_code":"02097","dist_lgd":282,"subdt_lgd":2097,"st_nm":"ASSAM"},"geometry":{"type":"Polygon","coordinates":[[[93.0316217,25.1054436],[93.0376801,25.1045049],[93.0470974,25.0993152],[93.0431129,25.0885699],[93.0390572,25.0858234],[93.0377017,25.082207],[93.0321998,25.079875],[93.0318769,25.0781516],[93.0253316,25.075637],[93.021104,25.0756031],[93.0142961,25.0618903],[93.0212064,25.0549237],[93.022358,25.0526587],[93.0216103,25.0509029],[93.0290153,25.0434652],[93.034148,25.0416249],[93.0367903,25.036689],[93.0506137,25.0337838],[93.0549534,25.0251507],[93.0568782,25.0253028],[93.0589896,25.0233156],[93.0609477,25.0180064],[93.0580148,25.0169537],[93.0548937,25.0106372],[93.0600566,25.0082322],[93.0619516,25.0023972],[93.0657721,25.0045201],[93.0682028,25.003469],[93.0680198,25.0007297],[93.069483,25.0007304],[93.0647159,24.9924683],[93.0656387,24.9850057],[93.0627143,24.9808253],[93.0567579,24.9777867],[93.0561323,24.9657746],[93.0378773,24.9617093],[93.0389457,24.9531321],[93.0379519,24.9430999],[93.0264813,24.9277431],[93.0268031,24.9210802],[93.02455,24.9177128],[93.0183682,24.9163967],[93.012638,24.9171291],[93.0110772,24.9116341],[93.0079452,24.9097347],[92.9969569,24.9094283],[92.9906379,24.9075225],[92.98689,24.9037218],[92.9792201,24.9024568],[92.9684736,24.9041922],[92.9640241,24.9027821],[92.9626527,24.9017177],[92.9653081,24.8990578],[92.9577245,24.894553],[92.9536984,24.8887598],[92.951799,24.8897492],[92.9498273,24.8854397],[92.9522702,24.8747552],[92.9514332,24.8731985],[92.9538762,24.8718839],[92.9592812,24.8606741],[92.9541644,24.8574632],[92.9545194,24.85545],[92.9511306,24.8546618],[92.9476515,24.8515085],[92.9491513,24.8445931],[92.9322931,24.8392245],[92.9312403,24.8409581],[92.929578,24.839722],[92.9303242,24.838142],[92.9284895,24.8385759],[92.9282169,24.8371182],[92.9257391,24.8372724],[92.9218727,24.8403111],[92.9199874,24.8376848],[92.9166639,24.837961],[92.9160846,24.8356999],[92.9141505,24.8343689],[92.9132309,24.835362],[92.9124836,24.8332814],[92.9111977,24.8334398],[92.910788,24.8361028],[92.9091258,24.8344286],[92.9034583,24.835206],[92.9048078,24.8320824],[92.9037887,24.8300334],[92.9019243,24.830467],[92.9029081,24.8284854],[92.9010783,24.8287882],[92.9007021,24.8267796],[92.8980165,24.8250424],[92.8947081,24.8246997],[92.8946238,24.8224159],[92.8930512,24.8221091],[92.8938225,24.8207866],[92.8784533,24.8141976],[92.8759809,24.8153394],[92.8745173,24.8137687],[92.8750365,24.8114307],[92.8722133,24.8084743],[92.8695234,24.8091783],[92.8676544,24.8080362],[92.86212,24.8297813],[92.870101,24.8440232],[92.8437729,24.8496306],[92.8448497,24.8452496],[92.8419097,24.8442262],[92.8431237,24.8423255],[92.8417726,24.8406381],[92.8395111,24.8401089],[92.8372629,24.8418457],[92.8340776,24.840611],[92.8328908,24.8432797],[92.8302017,24.8427376],[92.8332573,24.8457384],[92.8316841,24.848835],[92.8290505,24.8475123],[92.8291324,24.8495896],[92.8269498,24.8492862],[92.8272133,24.8558693],[92.8359571,24.8589778],[92.8359021,24.8600279],[92.8332602,24.8622569],[92.8160567,24.8609007],[92.8176835,24.8644066],[92.8201443,24.8660276],[92.8200866,24.8738772],[92.8150343,24.8746381],[92.8131385,24.8768886],[92.8222999,24.876279],[92.822985,24.8879247],[92.8358643,24.8856689],[92.8473115,24.8876208],[92.8508551,24.8964562],[92.8576937,24.8936894],[92.8645709,24.8972818],[92.8643282,24.9024367],[92.8661169,24.9065624],[92.8550829,24.9092016],[92.8756088,24.9329276],[92.8761481,24.9420901],[92.8806362,24.9493941],[92.8807593,24.9533888],[92.8779638,24.9598144],[92.8784092,24.9726414],[92.8633977,24.9768383],[92.8648732,24.9790817],[92.8643975,24.9829772],[92.8619845,24.9849166],[92.8641993,24.985058],[92.8648479,24.9882357],[92.869929,24.9941897],[92.8694386,24.9983739],[92.8677426,24.999633],[92.8636225,24.9953048],[92.8592632,25.0072548],[92.8535525,25.0315253],[92.8568894,25.0648396],[92.8611856,25.0639632],[92.8691738,25.0669958],[92.8726775,25.0644778],[92.8821515,25.0683523],[92.8856852,25.0751644],[92.8885503,25.076286],[92.8926513,25.0746503],[92.8975027,25.0793395],[92.910664,25.0782635],[92.9172046,25.0795699],[92.9207364,25.0769573],[92.9301604,25.0790528],[92.9427367,25.0690635],[92.9518359,25.0691705],[92.9550129,25.0767737],[92.9526488,25.0831527],[92.9549063,25.0870697],[92.9590581,25.0901434],[92.9708303,25.0853293],[92.9774744,25.0857006],[92.9841771,25.0937708],[93.0169352,25.0978193],[93.0222784,25.1040658],[93.0278557,25.1035822],[93.0316217,25.1054436]]]}},{"type":"Feature","properties":{"district":"Cachar","subdistrict":"Sonai","dt_code":"316","sdt_code":"02099","dist_lgd":282,"subdt_lgd":2099,"st_nm":"ASSAM"},"geometry":{"type":"Polygon","coordinates":[[[93.1791508,24.9968062],[93.1815779,24.9971078],[93.1848705,24.9948272],[93.1877399,24.9983107],[93.1886207,24.9965951],[93.1875395,24.9934223],[93.1899212,24.9922343],[93.1925468,24.9936415],[93.198578,24.991391],[93.1968924,24.9882005],[93.2032971,24.9816253],[93.212787,24.9836109],[93.213939,24.9881241],[93.2194209,24.987331],[93.2243812,24.9845203],[93.2273548,24.9873441],[93.2326897,24.9825739],[93.2289687,24.9803646],[93.2326197,24.9758213],[93.2344965,24.9757793],[93.2363752,24.9780168],[93.23908,24.9734153],[93.2436028,24.9751949],[93.2443857,24.9703555],[93.2468287,24.9721222],[93.2500003,24.9720681],[93.2496114,24.973123],[93.252438,24.974285],[93.2609234,24.9714582],[93.2630056,24.9613358],[93.26087,24.9585454],[93.2500003,24.9551387],[93.2452485,24.9505535],[93.2491277,24.9481715],[93.2473225,24.9451171],[93.2509695,24.9434079],[93.2512687,24.9406406],[93.2476192,24.9397996],[93.2449176,24.941192],[93.2368146,24.937163],[93.2371322,24.9325315],[93.2426354,24.9361068],[93.2451049,24.935387],[93.2447061,24.932503],[93.2417045,24.9305871],[93.240964,24.9276356],[93.2384922,24.9256785],[93.2393423,24.9243688],[93.2459712,24.9252483],[93.2488368,24.914846],[93.2440563,24.9105527],[93.2390327,24.9106245],[93.2365148,24.9122693],[93.2351975,24.9114082],[93.237781,24.9058227],[93.2403193,24.9051256],[93.2408027,24.9033558],[93.2384872,24.8986992],[93.2320093,24.8990426],[93.229608,24.897821],[93.2294231,24.8957764],[93.2320641,24.8938832],[93.2321169,24.891879],[93.2275847,24.892934],[93.2260151,24.8919284],[93.2279916,24.8883385],[93.231549,24.8875371],[93.2327885,24.8846609],[93.2277365,24.8850346],[93.2249219,24.8801841],[93.2215136,24.8815224],[93.2219609,24.8776628],[93.2264449,24.8728344],[93.2203595,24.8735201],[93.2214548,24.8695111],[93.2168997,24.8653521],[93.2147128,24.8652948],[93.213611,24.8606281],[93.2100309,24.8560802],[93.2068744,24.8557615],[93.2040712,24.8510505],[93.2023942,24.851241],[93.1995521,24.855147],[93.1948267,24.8538493],[93.1981211,24.8530126],[93.2012597,24.8485422],[93.2015476,24.8420557],[93.2006023,24.8413023],[93.1948856,24.8443295],[93.19203,24.8417894],[93.1919695,24.8397176],[93.196108,24.8366913],[93.1996861,24.8394837],[93.2005952,24.837953],[93.1977933,24.8341582],[93.193273,24.8355732],[93.1916104,24.8344048],[93.1916542,24.832992],[93.1959069,24.8309091],[93.191887,24.824578],[93.1900589,24.818643],[93.1969689,24.811571],[93.1911242,24.8039542],[93.1799477,24.8030651],[93.1793467,24.7972062],[93.1757207,24.7937272],[93.1735903,24.7959985],[93.1735677,24.8012301],[93.170685,24.8018494],[93.1610898,24.7962278],[93.1598676,24.7933798],[93.1542393,24.7887136],[93.1494626,24.7873739],[93.1485036,24.7890802],[93.1511547,24.7922801],[93.15117,24.7946771],[93.1462553,24.7974404],[93.1417505,24.7972784],[93.1411032,24.8012598],[93.1347098,24.8081261],[93.1385674,24.8099945],[93.1348336,24.8105772],[93.1317572,24.8052103],[93.1270346,24.8087584],[93.1188648,24.8076569],[93.1178955,24.8092548],[93.1219407,24.8166216],[93.1213718,24.8192216],[93.115279,24.8142786],[93.1100023,24.8122154],[93.1113982,24.8005831],[93.1079769,24.7948681],[93.1083877,24.7918438],[93.1048127,24.7912792],[93.1061087,24.7884401],[93.1042994,24.7863138],[93.1052248,24.7811138],[93.1005181,24.7794204],[93.100277,24.773602],[93.1036108,24.7671999],[93.1023832,24.7592161],[93.0982506,24.75437],[93.1011206,24.7495823],[93.0983298,24.7467495],[93.0998768,24.7431709],[93.1015957,24.7427741],[93.1027193,24.7468476],[93.1077605,24.7414415],[93.0970974,24.7319513],[93.0958897,24.7242083],[93.0906535,24.7250779],[93.0903717,24.7213906],[93.093246,24.718906],[93.0907928,24.7181803],[93.0901004,24.7143224],[93.086153,24.709208],[93.0824691,24.7088418],[93.0778612,24.7129595],[93.0759842,24.7117033],[93.0560537,24.7268767],[93.0440372,24.7392826],[93.0385199,24.7411277],[93.0319924,24.740223],[93.0284725,24.7374781],[93.0269463,24.7283091],[93.0123823,24.7242082],[93.0108431,24.7081602],[93.0053071,24.7003738],[93.0047913,24.6934957],[92.9964443,24.7012469],[92.9891107,24.705559],[92.9767222,24.7016771],[92.9739951,24.7064495],[92.9704319,24.7048409],[92.9716302,24.7015539],[92.9650012,24.6908057],[92.958171,24.6874875],[92.9543636,24.6826685],[92.9465415,24.6800906],[92.9456441,24.6812274],[92.947262,24.6871772],[92.9480516,24.7024521],[92.9435771,24.7064942],[92.9436285,24.7101506],[92.9446422,24.7112785],[92.954748,24.711928],[92.9565984,24.7154704],[92.9559036,24.7183056],[92.9450882,24.7222654],[92.9254992,24.7247605],[92.9176324,24.7275165],[92.9102501,24.7320956],[92.9034198,24.7321964],[92.900005,24.7337137],[92.8954507,24.7386023],[92.9011708,24.7427804],[92.913806,24.7477868],[92.9137648,24.7499722],[92.9102073,24.7551386],[92.9096507,24.7625236],[92.8918554,24.7576614],[92.887746,24.7619127],[92.8852255,24.7672434],[92.868949,24.7713016],[92.8636402,24.7694522],[92.8632001,24.7641283],[92.8583324,24.7587295],[92.8506671,24.755519],[92.8457445,24.7551885],[92.8394518,24.75836],[92.8326165,24.770522],[92.8344338,24.7754874],[92.8425548,24.7780714],[92.8440519,24.7806806],[92.8430723,24.7834065],[92.8345831,24.7863335],[92.8156883,24.7864305],[92.8145039,24.7917785],[92.8156824,24.7979579],[92.8208707,24.8044776],[92.8241194,24.8040319],[92.8317725,24.793324],[92.839874,24.7985305],[92.8460362,24.8106417],[92.8480345,24.8075053],[92.8503587,24.8066392],[92.8511198,24.8084718],[92.8526526,24.8083502],[92.8548287,24.8057598],[92.8564948,24.8069472],[92.860718,24.8028675],[92.8603713,24.8067761],[92.8654988,24.8062306],[92.8642325,24.8100489],[92.8667839,24.8117598],[92.8676544,24.8080362],[92.8695234,24.8091783],[92.8717386,24.8081176],[92.8750365,24.8114307],[92.8745173,24.8137687],[92.8759809,24.8153394],[92.8784533,24.8141976],[92.8938225,24.8207866],[92.8930512,24.8221091],[92.8946238,24.8224159],[92.8947081,24.8246997],[92.8980165,24.8250424],[92.9007021,24.8267796],[92.9010783,24.8287882],[92.9029081,24.8284854],[92.9019243,24.830467],[92.9037887,24.8300334],[92.9048078,24.8320824],[92.9034583,24.835206],[92.9091258,24.8344286],[92.910788,24.8361028],[92.9111977,24.8334398],[92.9124836,24.8332814],[92.9132309,24.835362],[92.9141505,24.8343689],[92.9160846,24.8356999],[92.9166639,24.837961],[92.9199874,24.8376848],[92.9218727,24.8403111],[92.9257391,24.8372724],[92.9282169,24.8371182],[92.9284895,24.8385759],[92.9303242,24.838142],[92.929578,24.839722],[92.9312403,24.8409581],[92.9322931,24.8392245],[92.9491513,24.8445931],[92.9476515,24.8515085],[92.9511306,24.8546618],[92.9545194,24.85545],[92.9541644,24.8574632],[92.9592812,24.8606741],[92.9538762,24.8718839],[92.9514332,24.8731985],[92.9522702,24.8747552],[92.9498273,24.8854397],[92.9506504,24.8884273],[92.951799,24.8897492],[92.9536984,24.8887598],[92.9577245,24.894553],[92.9653081,24.8990578],[92.9626527,24.9017177],[92.9640241,24.9027821],[92.9684736,24.9041922],[92.9792201,24.9024568],[92.98689,24.9037218],[92.9906379,24.9075225],[92.9969569,24.9094283],[93.0079452,24.9097347],[93.0110772,24.9116341],[93.012638,24.9171291],[93.0183682,24.9163967],[93.02455,24.9177128],[93.0268031,24.9210802],[93.0264813,24.9277431],[93.0379519,24.9430999],[93.0389457,24.9531321],[93.0378773,24.9617093],[93.0561323,24.9657746],[93.0567579,24.9777867],[93.0627143,24.9808253],[93.0656387,24.9850057],[93.0647159,24.9924683],[93.069483,25.0007304],[93.1797715,25.0007285],[93.1779975,24.998576],[93.1791508,24.9968062]]]}},{"type":"Feature","properties":{"district":"Cachar","subdistrict":"Udarbond","dt_code":"316","sdt_code":"02098","dist_lgd":282,"subdt_lgd":2098,"st_nm":"ASSAM"},"geometry":{"type":"Polygon","coordinates":[[[92.868949,24.7713016],[92.8857939,24.7669003],[92.887746,24.7619127],[92.8918554,24.7576614],[92.9096507,24.7625236],[92.9102073,24.7551386],[92.9137648,24.7499722],[92.913806,24.7477868],[92.9011708,24.7427804],[92.8954507,24.7386023],[92.9005584,24.7333344],[92.9102501,24.7320956],[92.9176324,24.7275165],[92.9254992,24.7247605],[92.9450882,24.7222654],[92.9556715,24.718703],[92.9565984,24.7154704],[92.954748,24.711928],[92.9446422,24.7112785],[92.9436285,24.7101506],[92.9435771,24.7064942],[92.9480516,24.7024521],[92.947262,24.6871772],[92.9456441,24.6812274],[92.9465415,24.6800906],[92.9543636,24.6826685],[92.958171,24.6874875],[92.9650012,24.6908057],[92.9716302,24.7015539],[92.9704319,24.7048409],[92.9739951,24.7064495],[92.9767222,24.7016771],[92.9891107,24.705559],[92.9964443,24.7012469],[93.0047913,24.6934957],[93.0053071,24.7003738],[93.0108431,24.7081602],[93.0123823,24.7242082],[93.0269463,24.7283091],[93.0284725,24.7374781],[93.0319924,24.740223],[93.0385199,24.7411277],[93.0440372,24.7392826],[93.0560537,24.7268767],[93.0759842,24.7117033],[93.0736509,24.7070745],[93.0818355,24.7021568],[93.0918848,24.6868524],[93.0901089,24.677174],[93.0922827,24.6768585],[93.1008136,24.6807331],[93.1027799,24.6802865],[93.1039117,24.6778536],[93.1040161,24.6736962],[93.0964698,24.6642563],[93.095366,24.6528265],[93.0862481,24.6527342],[93.0831868,24.6498129],[93.0876259,24.6369897],[93.0872823,24.6296679],[93.0852137,24.6281732],[93.0787196,24.6288485],[93.0756793,24.6245366],[93.0771377,24.6200772],[93.083272,24.6157636],[93.0842109,24.6136017],[93.0739437,24.6056087],[93.0711513,24.6006423],[93.080269,24.5901094],[93.0892088,24.5923823],[93.093588,24.5917017],[93.1015766,24.5875908],[93.1042724,24.5845036],[93.1043616,24.582382],[93.1018394,24.5807927],[93.0932104,24.5815043],[93.0891648,24.5733691],[93.0843973,24.5711335],[93.0819637,24.571178],[93.0757429,24.5750491],[93.062158,24.5762403],[93.0581806,24.5738372],[93.059589,24.5709353],[93.0691737,24.5618839],[93.070809,24.5580475],[93.0646203,24.5467871],[93.0616984,24.5473095],[93.0605207,24.5535836],[93.0570063,24.5544081],[93.0499943,24.5442075],[93.0471909,24.5285693],[93.0505494,24.5232038],[93.0501322,24.5194344],[93.0413109,24.515567],[93.0387393,24.5128718],[93.0372141,24.5093921],[93.0427308,24.5063533],[93.042771,24.5047932],[93.0325552,24.4952974],[93.0328475,24.4935281],[93.0402419,24.4863144],[93.0463663,24.4735653],[93.0455639,24.4632771],[93.0436562,24.4617729],[93.0381128,24.4619279],[93.0357224,24.4597552],[93.036425,24.4422182],[93.0329239,24.4287504],[93.037281,24.4236159],[93.042652,24.4205493],[93.0430885,24.4165048],[93.0416413,24.4130101],[93.0324701,24.4085629],[93.0234354,24.4067469],[93.0161676,24.4087056],[93.0149536,24.4101853],[93.0150673,24.4155257],[93.0139962,24.4169559],[93.0119505,24.4167152],[93.0088474,24.4116752],[93.0059835,24.4106533],[93.0057758,24.4093134],[93.0075314,24.4094516],[93.0064733,24.4074359],[93.0040008,24.4070578],[92.9989578,24.4001364],[92.9942889,24.3989441],[92.9920117,24.3991355],[92.9886588,24.4035168],[92.9848206,24.4056458],[92.9736572,24.4082989],[92.9738376,24.4057076],[92.9684955,24.4011968],[92.9662248,24.3968466],[92.9592812,24.3918986],[92.9563986,24.393286],[92.9532935,24.4015847],[92.9511698,24.4029942],[92.9476103,24.402364],[92.9454648,24.4000538],[92.9393133,24.4007202],[92.9366996,24.3983919],[92.9346956,24.3928178],[92.931201,24.3930087],[92.9275254,24.3964769],[92.9241881,24.3960536],[92.9243614,24.3978909],[92.9203697,24.400885],[92.9219876,24.4035163],[92.9092664,24.4101375],[92.9109578,24.4119744],[92.9093446,24.412909],[92.907073,24.4112852],[92.9067118,24.4027583],[92.9028748,24.3957671],[92.9039233,24.3922031],[92.9028797,24.3910659],[92.8999722,24.3906248],[92.8929709,24.3926759],[92.8925626,24.3974738],[92.8907981,24.3983316],[92.891454,24.4004487],[92.8885553,24.3983318],[92.8836854,24.402413],[92.8733436,24.3948611],[92.8688038,24.3946488],[92.8609414,24.3984989],[92.8564564,24.3936232],[92.8496206,24.3896272],[92.8478666,24.3861284],[92.8462402,24.3860017],[92.8452262,24.3797043],[92.8433587,24.3778666],[92.8398549,24.3766967],[92.8357539,24.3784923],[92.829595,24.3735927],[92.8257299,24.3770268],[92.8266105,24.3812343],[92.8231435,24.3864696],[92.8299455,24.4002896],[92.8276822,24.4021217],[92.8237436,24.4018857],[92.8201641,24.4037127],[92.8176826,24.4080228],[92.8189438,24.4100501],[92.8124467,24.4092848],[92.8121647,24.4114785],[92.8100742,24.4118614],[92.8116117,24.4132839],[92.808797,24.4126824],[92.8089976,24.4156934],[92.8077897,24.4157696],[92.8068465,24.4188478],[92.8043427,24.417533],[92.7993674,24.4191287],[92.8017922,24.4205789],[92.8026971,24.4243577],[92.8011632,24.4253546],[92.8012742,24.4296521],[92.7966964,24.4328318],[92.7638413,24.5209778],[92.7629841,24.5226696],[92.7593717,24.5185774],[92.7573102,24.5223356],[92.7600312,24.5303141],[92.7736877,24.5502044],[92.7719402,24.5507765],[92.7718939,24.5529432],[92.7805975,24.5683693],[92.775817,24.5714311],[92.7721963,24.5687291],[92.7694697,24.570939],[92.7650456,24.5670897],[92.7618609,24.56827],[92.7623926,24.5711993],[92.76039,24.572935],[92.7589068,24.5777548],[92.7547648,24.5797414],[92.7527271,24.5839269],[92.7499174,24.5852955],[92.7491858,24.591175],[92.7468348,24.594102],[92.7433437,24.5961743],[92.7358291,24.5965499],[92.7340526,24.5981782],[92.7349766,24.6030781],[92.7334982,24.6067739],[92.73524,24.6076539],[92.7442757,24.6046642],[92.7490651,24.6090598],[92.75232,24.6152747],[92.7633633,24.6166981],[92.789585,24.6184105],[92.7996549,24.6139592],[92.8055103,24.6214396],[92.8119943,24.6180922],[92.8116827,24.614283],[92.8185329,24.6132209],[92.8211286,24.6153516],[92.8262169,24.6122085],[92.8330839,24.6111498],[92.8277071,24.6259036],[92.8292194,24.6396482],[92.8313039,24.6399835],[92.8278823,24.6459928],[92.8268393,24.6681345],[92.8232748,24.6729252],[92.8298874,24.6760279],[92.8388632,24.6688817],[92.8412817,24.6727352],[92.8502264,24.6768732],[92.8473535,24.6851403],[92.8506999,24.6853799],[92.8455203,24.68719],[92.8415859,24.6938247],[92.8417971,24.6990339],[92.8432247,24.7007585],[92.840464,24.7010641],[92.8445698,24.7054614],[92.8331304,24.70553],[92.8311721,24.7071632],[92.8263906,24.7405009],[92.8262358,24.7506246],[92.8371183,24.750478],[92.8355691,24.7561357],[92.8330463,24.7591912],[92.8388144,24.7598549],[92.8403961,24.7576336],[92.8457445,24.7551885],[92.8506671,24.755519],[92.8557773,24.7572486],[92.8611592,24.7613341],[92.8632001,24.7641283],[92.8642223,24.7699795],[92.868949,24.7713016]]]}},{"type":"Feature","properties":{"district":"Hailakandi","subdistrict":"Hailakandi","dt_code":"318","sdt_code":"02107","dist_lgd":289,"subdt_lgd":2107,"st_nm":"ASSAM"},"geometry":{"type":"Polygon","coordinates":[[[92.5575921,24.65848],[92.5696339,24.6588244],[92.5724419,24.6572946],[92.5766327,24.6590336],[92.5775293,24.6571229],[92.5907764,24.6582046],[92.5876006,24.6551787],[92.586593,24.6494638],[92.5839913,24.6485717],[92.5838663,24.6459353],[92.5865518,24.6462458],[92.5879319,24.6449702],[92.5965248,24.6310375],[92.5964956,24.6291341],[92.6025026,24.6229739],[92.6100395,24.621645],[92.6116167,24.6243413],[92.6294912,24.6361066],[92.6327134,24.6335813],[92.636126,24.633462],[92.6370913,24.6307589],[92.6439127,24.628868],[92.6471267,24.6298723],[92.6511825,24.627934],[92.6791659,24.6274831],[92.6872341,24.6254805],[92.6873174,24.624036],[92.6910253,24.622897],[92.6957785,24.6188007],[92.6967742,24.615338],[92.6918461,24.6149655],[92.6890502,24.6125606],[92.6753131,24.6109539],[92.673762,24.6089275],[92.6664498,24.609751],[92.6699819,24.5998779],[92.6672648,24.5943218],[92.6679551,24.5911663],[92.6695882,24.5882272],[92.6752542,24.5845376],[92.6792283,24.5847937],[92.6897385,24.5751704],[92.7015241,24.5714954],[92.7016395,24.5661055],[92.7092016,24.5668781],[92.7124804,24.5688581],[92.7160285,24.5676237],[92.7160599,24.563069],[92.7184282,24.5619482],[92.7213177,24.5648806],[92.7229733,24.5744043],[92.7324221,24.5816342],[92.7331852,24.5852043],[92.7321462,24.5884957],[92.7353468,24.5903849],[92.7358818,24.5866875],[92.7386662,24.5868796],[92.7415172,24.5842052],[92.7435422,24.5852555],[92.7455885,24.5826403],[92.749531,24.5819619],[92.7507601,24.5839174],[92.7527271,24.5839269],[92.7536251,24.580846],[92.7589068,24.5777548],[92.76039,24.572935],[92.7623926,24.5711993],[92.7618609,24.56827],[92.7643793,24.5670486],[92.7694697,24.570939],[92.7721963,24.5687291],[92.775817,24.5714311],[92.7801972,24.5690642],[92.7797062,24.5657099],[92.7714508,24.5517557],[92.7736877,24.5502044],[92.7593174,24.5285982],[92.7572651,24.5230352],[92.7593717,24.5185774],[92.7629841,24.5226696],[92.7634265,24.5211353],[92.7576467,24.5125419],[92.7580526,24.5110209],[92.7560394,24.5112631],[92.7561298,24.5095705],[92.7539945,24.5086659],[92.7522069,24.505254],[92.7368411,24.5106307],[92.693059,24.5308085],[92.6734663,24.5415178],[92.6706934,24.5390867],[92.6619044,24.5395332],[92.6527132,24.5367514],[92.6470167,24.5329514],[92.643192,24.5334904],[92.6287624,24.5400565],[92.6282724,24.5519823],[92.6246049,24.5475691],[92.6252982,24.545114],[92.6223356,24.5368327],[92.622303,24.5299126],[92.6207806,24.527754],[92.6167964,24.5294777],[92.6152857,24.5286858],[92.6171803,24.5236971],[92.6145757,24.5183182],[92.6112838,24.5175988],[92.6099915,24.5146824],[92.5976321,24.5148367],[92.5983433,24.5185653],[92.5946113,24.519035],[92.5877746,24.5137874],[92.580564,24.5155831],[92.5785451,24.5185968],[92.5713582,24.5142899],[92.5704013,24.5163037],[92.5757122,24.522071],[92.5629773,24.5220894],[92.5602819,24.5241508],[92.5565317,24.5243175],[92.5547389,24.5286172],[92.544423,24.5307476],[92.5462536,24.5275948],[92.5452898,24.5193959],[92.5464711,24.508785],[92.5411038,24.5091727],[92.5407824,24.5050172],[92.5357229,24.504712],[92.535204,24.5111122],[92.5323574,24.5110269],[92.5336865,24.5128028],[92.5328382,24.5184216],[92.5246196,24.5177189],[92.5235025,24.5132754],[92.5171361,24.517035],[92.5169109,24.5133602],[92.5073758,24.5132131],[92.5073506,24.5194107],[92.5092329,24.520464],[92.5099898,24.524787],[92.5083723,24.5286514],[92.5069672,24.5290086],[92.5073551,24.5321165],[92.5056127,24.5346663],[92.5104095,24.5386165],[92.5091621,24.541378],[92.513282,24.5479018],[92.5140028,24.5556214],[92.5167951,24.5576705],[92.5142851,24.5655165],[92.5173034,24.5738848],[92.5169468,24.5762549],[92.5125538,24.5808676],[92.5087095,24.5828672],[92.5103105,24.5842145],[92.5090284,24.5872019],[92.5055962,24.5878489],[92.5046696,24.5894762],[92.50312,24.6047646],[92.5073351,24.6024119],[92.5095939,24.6034555],[92.5068289,24.6116752],[92.5080134,24.6182949],[92.5070369,24.6289287],[92.5084615,24.6268003],[92.5274991,24.6255092],[92.5263705,24.6289752],[92.5276086,24.6372863],[92.5267114,24.6445419],[92.5366714,24.6443109],[92.5375044,24.6468158],[92.5422535,24.6455334],[92.5440728,24.6540013],[92.5482062,24.6529065],[92.5473534,24.654905],[92.5433503,24.6563441],[92.5497164,24.656768],[92.5525144,24.6552956],[92.5548777,24.6601828],[92.5575921,24.65848]]]}},{"type":"Feature","properties":{"district":"Hailakandi","subdistrict":"Algapur","dt_code":"318","sdt_code":"02106","dist_lgd":289,"subdt_lgd":2106,"st_nm":"ASSAM"},"geometry":{"type":"Polygon","coordinates":[[[92.536423,24.7525398],[92.5367781,24.7459819],[92.5397513,24.7355996],[92.5361295,24.732024],[92.5421903,24.7310981],[92.543702,24.7345669],[92.5456969,24.7356845],[92.5513379,24.7345952],[92.5599013,24.7416417],[92.5607672,24.7439971],[92.5635576,24.7439282],[92.5694978,24.7414908],[92.5727413,24.7358867],[92.5760442,24.7351179],[92.579685,24.7364401],[92.5788126,24.7351466],[92.5798408,24.7331583],[92.574194,24.7292701],[92.5923292,24.7238908],[92.5973715,24.7184488],[92.5948193,24.7137575],[92.5985583,24.7133128],[92.6104186,24.7128052],[92.6122085,24.7141825],[92.6121902,24.7171779],[92.6159358,24.7147692],[92.6193449,24.7153038],[92.618739,24.7168822],[92.6243091,24.7179272],[92.6248846,24.7206135],[92.6361742,24.7234662],[92.6394535,24.725992],[92.6407979,24.7309389],[92.639069,24.7399176],[92.6463163,24.7415347],[92.6457387,24.7441158],[92.6548297,24.7408449],[92.6572066,24.7230818],[92.6571226,24.7006292],[92.6511077,24.6914713],[92.6503062,24.6845966],[92.6558136,24.6785379],[92.6564746,24.6735047],[92.6651493,24.6736158],[92.6655266,24.6276629],[92.6511825,24.627934],[92.6471267,24.6298723],[92.6439127,24.628868],[92.6370913,24.6307589],[92.636126,24.633462],[92.6327134,24.6335813],[92.6294912,24.6361066],[92.6116167,24.6243413],[92.6100395,24.621645],[92.6025026,24.6229739],[92.5964956,24.6291341],[92.5965248,24.6310375],[92.5879319,24.6449702],[92.5865518,24.6462458],[92.5838663,24.6459353],[92.5839913,24.6485717],[92.586593,24.6494638],[92.5876006,24.6551787],[92.5907764,24.6582046],[92.5775293,24.6571229],[92.5766327,24.6590336],[92.5724419,24.6572946],[92.5696339,24.6588244],[92.5575921,24.65848],[92.5548777,24.6601828],[92.5525144,24.6552956],[92.5497164,24.656768],[92.5433503,24.6563441],[92.5473534,24.654905],[92.5482062,24.6529065],[92.5440728,24.6540013],[92.5422535,24.6455334],[92.5375044,24.6468158],[92.5366714,24.6443109],[92.5267114,24.6445419],[92.5276086,24.6372863],[92.5263705,24.6289752],[92.5274991,24.6255092],[92.5094295,24.626661],[92.5074868,24.6289075],[92.5042156,24.6277018],[92.5029866,24.6287753],[92.5016504,24.6302395],[92.5040347,24.6307461],[92.5040124,24.6347603],[92.5067525,24.6357164],[92.5046139,24.6386616],[92.5041104,24.6464732],[92.5043553,24.64868],[92.5072195,24.6500824],[92.5036742,24.6531007],[92.5039182,24.6585508],[92.5064574,24.6638764],[92.498965,24.6683299],[92.499268,24.6700189],[92.4970495,24.6727958],[92.4948373,24.6718595],[92.4938186,24.6729465],[92.493486,24.6744584],[92.4953315,24.6764507],[92.4937549,24.6771037],[92.4939446,24.6801012],[92.4958489,24.6826533],[92.4937486,24.6831796],[92.4958157,24.6860027],[92.4979988,24.6865868],[92.4959512,24.6888827],[92.5001133,24.6917706],[92.5012803,24.6957935],[92.503265,24.6973931],[92.5051886,24.7061112],[92.5113394,24.7128643],[92.5116233,24.7157985],[92.5184876,24.721419],[92.5178472,24.7247227],[92.5223357,24.7294068],[92.5216148,24.7346922],[92.5228832,24.7369636],[92.5214182,24.7393233],[92.5229636,24.7413647],[92.5215825,24.743851],[92.5249748,24.7481912],[92.5250537,24.7516426],[92.5334717,24.7551015],[92.536423,24.7525398]]]}},{"type":"Feature","properties":{"district":"Karimganj","subdistrict":"Badarpur","dt_code":"317","sdt_code":"02102","dist_lgd":293,"subdt_lgd":2102,"st_nm":"ASSAM"},"geometry":{"type":"Polygon","coordinates":[[[92.4253995,24.8147815],[92.4265423,24.8130511],[92.430002,24.8133121],[92.4323141,24.8097261],[92.4360845,24.8099902],[92.4385398,24.8125204],[92.4408087,24.8086451],[92.4457829,24.8081979],[92.4452766,24.8053495],[92.4477142,24.80093],[92.4531467,24.8018391],[92.4578651,24.8000759],[92.4603451,24.7832515],[92.469496,24.7815039],[92.4748387,24.7778757],[92.4791108,24.782528],[92.4855294,24.779538],[92.4869048,24.7766969],[92.4967877,24.7764337],[92.4997416,24.782641],[92.50571,24.7828854],[92.5095824,24.7797455],[92.512613,24.7794381],[92.51371,24.7749872],[92.5198544,24.7697123],[92.5204046,24.767208],[92.5190361,24.7649529],[92.5274436,24.7612852],[92.5391237,24.759709],[92.5345842,24.7547229],[92.5250537,24.7516426],[92.5249748,24.7481912],[92.5215825,24.743851],[92.5229636,24.7413647],[92.5214182,24.7393233],[92.5228832,24.7369636],[92.5216148,24.7346922],[92.5223357,24.7294068],[92.5178472,24.7247227],[92.5184876,24.721419],[92.5116233,24.7157985],[92.5113394,24.7128643],[92.5051886,24.7061112],[92.504795,24.7024354],[92.4998852,24.704636],[92.4879356,24.7137801],[92.4675494,24.7224292],[92.4584193,24.7298567],[92.4555668,24.7262284],[92.4523356,24.7252147],[92.4367113,24.7122665],[92.4257223,24.7178142],[92.4222166,24.7254945],[92.4142862,24.7133938],[92.3973677,24.7221944],[92.3912019,24.7144191],[92.396569,24.7091185],[92.4069319,24.702851],[92.3982376,24.6875911],[92.3995784,24.6806247],[92.3991858,24.672475],[92.3874343,24.6572514],[92.3896549,24.6524388],[92.3891724,24.6467185],[92.385393,24.643667],[92.3812812,24.6445914],[92.3803844,24.6489586],[92.3720919,24.6439592],[92.3548859,24.6530026],[92.348585,24.6540992],[92.3420595,24.6526574],[92.3359832,24.6552627],[92.3346321,24.658349],[92.3315558,24.6606804],[92.3152665,24.6636297],[92.3144989,24.6679087],[92.3100265,24.6691363],[92.2963939,24.6669947],[92.2809183,24.6741581],[92.2811242,24.6702991],[92.2788559,24.6681202],[92.2548182,24.6769924],[92.2560076,24.6796975],[92.2583723,24.6795011],[92.2598824,24.6814481],[92.2577808,24.683066],[92.2607893,24.6889597],[92.2649962,24.6905005],[92.2678606,24.6943458],[92.2702353,24.6998915],[92.2761179,24.7074432],[92.2749922,24.7080802],[92.2762057,24.7107418],[92.2853586,24.7198428],[92.2941991,24.7317031],[92.2938818,24.7346106],[92.2960319,24.7364562],[92.2812565,24.7422553],[92.2819161,24.7433844],[92.279097,24.7455821],[92.2801818,24.7453887],[92.2798041,24.7481658],[92.2869411,24.7557582],[92.2875093,24.7582789],[92.2901327,24.7597144],[92.28574,24.762938],[92.2850662,24.7684796],[92.2818016,24.7753211],[92.2847061,24.7746072],[92.2849134,24.7765154],[92.2879184,24.7791935],[92.2877084,24.7810054],[92.2886243,24.7815265],[92.293612,24.7774888],[92.3036898,24.783195],[92.3056118,24.7835343],[92.3079729,24.7811733],[92.3104172,24.783469],[92.3158775,24.7844147],[92.3276717,24.7778166],[92.3283316,24.7850283],[92.3334397,24.7947653],[92.3352165,24.7944226],[92.3373543,24.7969201],[92.3450421,24.7996226],[92.3456299,24.794223],[92.3444485,24.7928054],[92.3489583,24.7915243],[92.372604,24.7894975],[92.3912633,24.7957622],[92.3904941,24.7984033],[92.3926456,24.8009303],[92.3938457,24.7997858],[92.3963464,24.8002904],[92.3976611,24.7972727],[92.4023751,24.7966879],[92.4041455,24.7932099],[92.4091841,24.7918958],[92.4103173,24.794664],[92.4049173,24.8038308],[92.4066057,24.8083208],[92.4109858,24.8107187],[92.4131617,24.8145023],[92.4253995,24.8147815]]]}},{"type":"Feature","properties":{"district":"Karimganj","subdistrict":"Patharkandi","dt_code":"317","sdt_code":"02104","dist_lgd":293,"subdt_lgd":2104,"st_nm":"ASSAM"},"geometry":{"type":"Polygon","coordinates":[[[92.4584193,24.7298567],[92.4724956,24.7195477],[92.4790924,24.7181725],[92.4879356,24.7137801],[92.4998852,24.704636],[92.504795,24.7024354],[92.5001133,24.6917706],[92.4959512,24.6888827],[92.4983833,24.6874718],[92.4937486,24.6831796],[92.4958489,24.6826533],[92.4936701,24.6779117],[92.4953315,24.6764507],[92.493486,24.6744584],[92.4948373,24.6718595],[92.4970495,24.6727958],[92.499268,24.6700189],[92.498965,24.6683299],[92.5020652,24.6657113],[92.5064574,24.6638764],[92.5039182,24.6585508],[92.5036742,24.6531007],[92.5072195,24.6500824],[92.5043553,24.64868],[92.5041104,24.6464732],[92.5046139,24.6386616],[92.5067525,24.6357164],[92.5040124,24.6347603],[92.5040347,24.6307461],[92.5016504,24.6302395],[92.5042156,24.6277018],[92.5078431,24.6283432],[92.5065116,24.626069],[92.5080134,24.6182949],[92.5068289,24.6116752],[92.5095939,24.6034555],[92.5061962,24.6026551],[92.5038669,24.6052211],[92.502843,24.6007848],[92.5049836,24.5943476],[92.5049731,24.5883205],[92.5090284,24.5872019],[92.5103105,24.5842145],[92.5087095,24.5828672],[92.5125538,24.5808676],[92.5169468,24.5762549],[92.5173034,24.5738848],[92.5142851,24.5655165],[92.5167951,24.5576705],[92.5140028,24.5556214],[92.513282,24.5479018],[92.5091621,24.541378],[92.5104095,24.5386165],[92.5056127,24.5346663],[92.5073551,24.5321165],[92.5069672,24.5290086],[92.5083723,24.5286514],[92.5099898,24.524787],[92.5092329,24.520464],[92.5073506,24.5194107],[92.5069741,24.5077242],[92.508772,24.5034207],[92.5086251,24.4971731],[92.5066533,24.4944633],[92.5063027,24.4896561],[92.5102476,24.4832574],[92.5067659,24.4722514],[92.5075628,24.467795],[92.5064321,24.4625883],[92.5080972,24.4606409],[92.5054015,24.4567527],[92.5089003,24.4547787],[92.5058557,24.4509852],[92.5063257,24.4354122],[92.5053883,24.4323808],[92.5028668,24.4306292],[92.502419,24.4189307],[92.5006246,24.4149998],[92.5017172,24.4104377],[92.4963948,24.3956732],[92.4935775,24.3926283],[92.4955669,24.3855395],[92.4905711,24.3714682],[92.4915297,24.3688854],[92.483968,24.3551995],[92.4821446,24.343315],[92.4764299,24.3259303],[92.4693417,24.3139632],[92.4695024,24.3113989],[92.4638299,24.3005096],[92.4560509,24.2902577],[92.4513904,24.2879624],[92.4495883,24.2802394],[92.4401527,24.2711296],[92.4330055,24.2559737],[92.4304249,24.254959],[92.36852,24.2538564],[92.3734061,24.2920658],[92.3714764,24.2934197],[92.3728014,24.3004758],[92.3683294,24.30495],[92.3616591,24.3065343],[92.3594448,24.3190928],[92.3715845,24.3189014],[92.3754136,24.3247937],[92.3743157,24.3346227],[92.3708944,24.3370067],[92.3709559,24.3511676],[92.3756136,24.3692492],[92.3750903,24.3830159],[92.3771389,24.3886455],[92.3859114,24.4028004],[92.3855525,24.409372],[92.3896563,24.4225269],[92.3899902,24.4282425],[92.3864791,24.4405982],[92.3860132,24.4483386],[92.3903515,24.4731989],[92.3921367,24.4995696],[92.3807994,24.5140479],[92.370085,24.5218555],[92.3816645,24.5558757],[92.3848631,24.5752621],[92.3842641,24.5879635],[92.3867405,24.5975733],[92.3928201,24.6071158],[92.3945397,24.6314007],[92.403815,24.6445156],[92.4029612,24.6536924],[92.4089481,24.6543195],[92.4102493,24.6614953],[92.4077051,24.6655628],[92.4000822,24.6682262],[92.4053625,24.6784227],[92.3995784,24.6806247],[92.3982376,24.6875911],[92.4069319,24.702851],[92.396569,24.7091185],[92.3912019,24.7144191],[92.3973677,24.7221944],[92.4142862,24.7133938],[92.4222166,24.7254945],[92.4257223,24.7178142],[92.4367113,24.7122665],[92.4523356,24.7252147],[92.4555668,24.7262284],[92.4584193,24.7298567]]]}},{"type":"Feature","properties":{"district":"Hailakandi","subdistrict":"Lala","dt_code":"318","sdt_code":"02108","dist_lgd":289,"subdt_lgd":2108,"st_nm":"ASSAM"},"geometry":{"type":"Polygon","coordinates":[[[92.6287624,24.5400565],[92.6470167,24.5329514],[92.6527132,24.5367514],[92.6619044,24.5395332],[92.6706934,24.5390867],[92.6734663,24.5415178],[92.719709,24.5180546],[92.7522069,24.505254],[92.7520357,24.5037756],[92.7541684,24.5021883],[92.7493703,24.4951676],[92.7508187,24.4920857],[92.7469811,24.4870254],[92.743657,24.4765751],[92.7406732,24.4719209],[92.7402198,24.4679079],[92.7306101,24.4490063],[92.7274989,24.4464238],[92.7261197,24.4385149],[92.721708,24.4319505],[92.7229365,24.4284568],[92.7212458,24.4265696],[92.7217884,24.425229],[92.7179686,24.4201498],[92.7172402,24.415342],[92.7150859,24.414976],[92.7128981,24.4112061],[92.7150874,24.4095364],[92.711376,24.4072242],[92.713275,24.4033155],[92.70922,24.3973468],[92.7092754,24.3933653],[92.7064712,24.3921502],[92.7073355,24.3869862],[92.7056605,24.384381],[92.7040932,24.3846379],[92.7036135,24.3754469],[92.6976358,24.3743028],[92.6953287,24.3688503],[92.692825,24.3684678],[92.6947551,24.3653611],[92.691166,24.3625189],[92.6915083,24.3575395],[92.6892503,24.3552382],[92.6897619,24.3536039],[92.6837587,24.35046],[92.684698,24.346433],[92.6790962,24.3477984],[92.6771558,24.350151],[92.6733911,24.3496421],[92.6689355,24.3460908],[92.6662995,24.3463037],[92.6656204,24.3496447],[92.6642743,24.346056],[92.6631566,24.348819],[92.6613678,24.3481558],[92.6606177,24.3440526],[92.6576812,24.3443783],[92.6591094,24.3418952],[92.6516139,24.3354685],[92.6517165,24.3310491],[92.6501104,24.3315956],[92.6492329,24.3286028],[92.646169,24.3309461],[92.6457645,24.3277817],[92.6387245,24.3284236],[92.6403558,24.3336103],[92.636296,24.3313445],[92.6354242,24.3335565],[92.6386857,24.3344455],[92.6356905,24.3366983],[92.6302363,24.3336245],[92.6247701,24.3340753],[92.6224326,24.3313421],[92.6223373,24.3281054],[92.6236831,24.3272849],[92.6215486,24.3237079],[92.6237367,24.3228024],[92.6236112,24.3202834],[92.6195539,24.3135447],[92.6194955,24.3080058],[92.618304,24.3074495],[92.6191872,24.3060192],[92.6181855,24.2981772],[92.6159139,24.2895756],[92.6197137,24.2871322],[92.6171008,24.2802458],[92.6178969,24.2770865],[92.6131101,24.2586462],[92.6141569,24.2559521],[92.6123032,24.2534676],[92.6060479,24.2484534],[92.5957081,24.2504878],[92.5890323,24.2487665],[92.5721293,24.2518817],[92.5626116,24.2512007],[92.5559526,24.2468094],[92.5508961,24.2472223],[92.5470522,24.2364539],[92.5468661,24.2329683],[92.5484842,24.2318649],[92.5467487,24.2299078],[92.5471164,24.2201571],[92.5459219,24.2169057],[92.5422966,24.2134447],[92.5432629,24.2114661],[92.5409556,24.2102403],[92.5420105,24.2075159],[92.5404818,24.2035822],[92.5366886,24.2012551],[92.5378405,24.1967694],[92.5346377,24.193667],[92.5311084,24.1851071],[92.5342123,24.1801465],[92.5289349,24.1780832],[92.5301663,24.1763234],[92.524039,24.1714395],[92.5193379,24.1738966],[92.5155153,24.1788551],[92.5099654,24.1724634],[92.5121075,24.1704832],[92.5146758,24.1707197],[92.5144112,24.1694645],[92.5069071,24.1698834],[92.5114084,24.1654085],[92.5100363,24.1646039],[92.5075345,24.1670624],[92.5032729,24.1677724],[92.5061841,24.1641316],[92.5033507,24.1634296],[92.5015073,24.1603877],[92.4942119,24.1601763],[92.4903865,24.1627931],[92.4866662,24.1620646],[92.4839217,24.1631681],[92.482414,24.160614],[92.4834206,24.1582568],[92.4794291,24.1566119],[92.4818442,24.1559692],[92.4806979,24.1500337],[92.4770454,24.1473954],[92.4806055,24.1454066],[92.4785777,24.1441259],[92.4789599,24.1423245],[92.4747647,24.1436951],[92.472238,24.1397061],[92.4688146,24.1403086],[92.4656798,24.1386493],[92.4654764,24.1362659],[92.4633074,24.1368675],[92.463786,24.1388852],[92.4612468,24.1374917],[92.4567255,24.1443649],[92.4523716,24.1441957],[92.4505777,24.1471354],[92.4491197,24.1439671],[92.4428038,24.1544613],[92.440461,24.1527469],[92.436422,24.153033],[92.4358423,24.1651316],[92.4379208,24.1695096],[92.4340116,24.1751315],[92.4357261,24.179293],[92.4323675,24.1844767],[92.421548,24.1895049],[92.4191669,24.1919388],[92.421321,24.2011924],[92.4187579,24.2046872],[92.4185735,24.2123525],[92.4211746,24.2181075],[92.4193559,24.2257221],[92.4214759,24.2478277],[92.4225321,24.2548561],[92.4330055,24.2559737],[92.4401527,24.2711296],[92.4495883,24.2802394],[92.4513904,24.2879624],[92.4560509,24.2902577],[92.4638299,24.3005096],[92.4695024,24.3113989],[92.4693417,24.3139632],[92.4764299,24.3259303],[92.4821446,24.343315],[92.483968,24.3551995],[92.4915297,24.3688854],[92.4905711,24.3714682],[92.4955669,24.3855395],[92.4935775,24.3926283],[92.4963948,24.3956732],[92.5017172,24.4104377],[92.5006246,24.4149998],[92.502419,24.4189307],[92.5028668,24.4306292],[92.5053883,24.4323808],[92.5063257,24.4354122],[92.5058557,24.4509852],[92.5089003,24.4547787],[92.5054015,24.4567527],[92.5079877,24.4599504],[92.5064321,24.4625883],[92.5075628,24.467795],[92.5067659,24.4722514],[92.5102476,24.4832574],[92.5063449,24.4890266],[92.5066533,24.4944633],[92.5086251,24.4971731],[92.5073758,24.5132131],[92.5169109,24.5133602],[92.5171361,24.517035],[92.5235025,24.5132754],[92.5246196,24.5177189],[92.5328382,24.5184216],[92.5336865,24.5128028],[92.5323574,24.5110269],[92.535204,24.5111122],[92.5357229,24.504712],[92.5407824,24.5050172],[92.5411038,24.5091727],[92.5464711,24.508785],[92.5452898,24.5193959],[92.5462536,24.5275948],[92.544423,24.5307476],[92.5547389,24.5286172],[92.5565317,24.5243175],[92.5602819,24.5241508],[92.5629773,24.5220894],[92.5757122,24.522071],[92.5704013,24.5163037],[92.5713582,24.5142899],[92.5785451,24.5185968],[92.580564,24.5155831],[92.5877746,24.5137874],[92.5946113,24.519035],[92.5983433,24.5185653],[92.5976321,24.5148367],[92.6099915,24.5146824],[92.6112838,24.5175988],[92.6145757,24.5183182],[92.6171803,24.5236971],[92.6152857,24.5286858],[92.6167964,24.5294777],[92.6207806,24.527754],[92.622303,24.5299126],[92.6223356,24.5368327],[92.6252982,24.545114],[92.6246049,24.5475691],[92.6282724,24.5519823],[92.6287624,24.5400565]]]}},{"type":"Feature","properties":{"district":"Karimganj","subdistrict":"Nilambazar","dt_code":"317","sdt_code":"02103","dist_lgd":293,"subdt_lgd":2103,"st_nm":"ASSAM"},"geometry":{"type":"Polygon","coordinates":[[[92.4102493,24.6614953],[92.4089481,24.6543195],[92.4029612,24.6536924],[92.403815,24.6445156],[92.3945397,24.6314007],[92.3928201,24.6071158],[92.3867405,24.5975733],[92.3842641,24.5879635],[92.3848631,24.5752621],[92.3816645,24.5558757],[92.370085,24.5218555],[92.3807994,24.5140479],[92.3921367,24.4995696],[92.3903515,24.4731989],[92.3860132,24.4483386],[92.3864791,24.4405982],[92.3899902,24.4282425],[92.3896563,24.4225269],[92.3855525,24.409372],[92.3859114,24.4028004],[92.3771389,24.3886455],[92.3750903,24.3830159],[92.3756136,24.3692492],[92.3709559,24.3511676],[92.3708944,24.3370067],[92.3743157,24.3346227],[92.3754136,24.3247937],[92.3715845,24.3189014],[92.3594448,24.3190928],[92.3616591,24.3065343],[92.3683294,24.30495],[92.3728014,24.3004758],[92.3714764,24.2934197],[92.3734061,24.2920658],[92.36852,24.2538564],[92.2128724,24.2499268],[92.2657299,24.3660161],[92.2681382,24.3678777],[92.2680605,24.3781068],[92.2728947,24.3789677],[92.2686372,24.3840613],[92.2715737,24.3851829],[92.2740899,24.3883174],[92.2720165,24.3923607],[92.2691082,24.3925393],[92.2708057,24.3962782],[92.2693349,24.398471],[92.2641391,24.3989549],[92.261725,24.4086901],[92.2634941,24.4094723],[92.2632806,24.4111921],[92.2544819,24.4205342],[92.2565388,24.4248377],[92.2568871,24.4320155],[92.2593604,24.4340263],[92.2593951,24.439213],[92.2534672,24.4403143],[92.25313,24.4423229],[92.2464915,24.4451966],[92.2443745,24.4443678],[92.2388936,24.4475018],[92.2348739,24.4526081],[92.23642,24.4548441],[92.236367,24.458189],[92.230184,24.4615146],[92.2305975,24.4714339],[92.2314733,24.4735225],[92.2347473,24.4745668],[92.2313254,24.480036],[92.2334778,24.4841921],[92.236649,24.4845878],[92.2348994,24.4869164],[92.2365775,24.4887141],[92.2312048,24.495213],[92.2304391,24.5017103],[92.2129365,24.5040118],[92.2201102,24.516314],[92.223801,24.5174525],[92.2311408,24.5312056],[92.2322121,24.5713895],[92.2346145,24.5751498],[92.2345915,24.5777586],[92.2330172,24.5784723],[92.2362966,24.5945625],[92.2353914,24.5975525],[92.2370081,24.5990201],[92.2392472,24.6077678],[92.2423872,24.6115332],[92.2423501,24.6153734],[92.2439937,24.616521],[92.2435378,24.6253958],[92.2482925,24.6377189],[92.2498401,24.6479554],[92.2470833,24.6547444],[92.2484679,24.6583476],[92.2516496,24.6599556],[92.2550006,24.6668655],[92.2571245,24.6733411],[92.255125,24.6741053],[92.2546476,24.6768051],[92.2788559,24.6681202],[92.2811242,24.6702991],[92.2809183,24.6741581],[92.2963939,24.6669947],[92.3100265,24.6691363],[92.3144989,24.6679087],[92.3152665,24.6636297],[92.3315558,24.6606804],[92.3346321,24.658349],[92.3359832,24.6552627],[92.3420595,24.6526574],[92.348585,24.6540992],[92.3548859,24.6530026],[92.3720919,24.6439592],[92.3803844,24.6489586],[92.3812812,24.6445914],[92.3827514,24.6434575],[92.3871444,24.6443348],[92.3891724,24.6467185],[92.3896549,24.6524388],[92.3873957,24.6571578],[92.3991858,24.672475],[92.3995784,24.6806247],[92.4053625,24.6784227],[92.4000822,24.6682262],[92.4077051,24.6655628],[92.4102493,24.6614953]]]}},{"type":"Feature","properties":{"district":"Karimganj","subdistrict":"Lakhipur","dt_code":"317","sdt_code":"02100","dist_lgd":293,"subdt_lgd":2100,"st_nm":"ASSAM"},"geometry":{"type":"Polygon","coordinates":[[[92.3072044,24.9059198],[92.3067648,24.9022165],[92.3161023,24.8951913],[92.3228912,24.8971803],[92.3267495,24.8964105],[92.3286795,24.888811],[92.3394632,24.8781046],[92.3440416,24.8801888],[92.3442847,24.8885248],[92.3458408,24.8912392],[92.3479961,24.8916222],[92.3543574,24.8794674],[92.3613221,24.8781867],[92.3634012,24.8719113],[92.3712422,24.8748345],[92.3743954,24.8742391],[92.3769533,24.8707572],[92.377564,24.8629276],[92.384054,24.8583375],[92.3841665,24.8534908],[92.3857269,24.8517826],[92.4015875,24.8486964],[92.4030451,24.8502457],[92.4032962,24.8563246],[92.4075098,24.8591111],[92.4146596,24.8582988],[92.4223649,24.8538897],[92.4209891,24.8433653],[92.4222957,24.8398175],[92.4271359,24.8370881],[92.4232623,24.8326605],[92.4274496,24.8308888],[92.428859,24.8275284],[92.4382596,24.8311044],[92.4263855,24.8226731],[92.4258456,24.8201699],[92.4276733,24.8168265],[92.4253995,24.8147815],[92.4131617,24.8145023],[92.4109858,24.8107187],[92.4066057,24.8083208],[92.4049173,24.8038308],[92.4103173,24.794664],[92.4091841,24.7918958],[92.4041455,24.7932099],[92.4023751,24.7966879],[92.3976611,24.7972727],[92.3963464,24.8002904],[92.3938457,24.7997858],[92.3926456,24.8009303],[92.3904941,24.7984033],[92.3912633,24.7957622],[92.372604,24.7894975],[92.3489583,24.7915243],[92.3444485,24.7928054],[92.3456299,24.794223],[92.3450421,24.7996226],[92.3373543,24.7969201],[92.3352165,24.7944226],[92.3334397,24.7947653],[92.3283316,24.7850283],[92.3276717,24.7778166],[92.3158775,24.7844147],[92.3104172,24.783469],[92.3079729,24.7811733],[92.3056118,24.7835343],[92.3036898,24.783195],[92.293612,24.7774888],[92.2881164,24.7819605],[92.2889187,24.7844856],[92.2874221,24.787412],[92.2885386,24.7881823],[92.2810761,24.790607],[92.2788923,24.7974193],[92.2731232,24.8001927],[92.2753108,24.803709],[92.2742374,24.8065325],[92.2762037,24.8103156],[92.2762559,24.8120374],[92.2738495,24.8141225],[92.2762896,24.8154375],[92.2727754,24.8213165],[92.2730779,24.8274428],[92.2692916,24.8298251],[92.2530046,24.8321508],[92.2522505,24.8305027],[92.24908,24.8297493],[92.2483678,24.8323007],[92.2517163,24.8342142],[92.2502398,24.835862],[92.254974,24.8384461],[92.2425123,24.8404522],[92.2426832,24.8419452],[92.2414611,24.8420228],[92.2398062,24.857696],[92.2358933,24.8589951],[92.2349325,24.8613875],[92.2382098,24.8681579],[92.246271,24.8674876],[92.244861,24.8712525],[92.2468285,24.8719902],[92.247127,24.8848869],[92.2481043,24.8854939],[92.2472268,24.8875175],[92.2394444,24.8900107],[92.2394767,24.8918938],[92.2366568,24.8919547],[92.2361125,24.8991417],[92.2328732,24.9001461],[92.2356086,24.9028692],[92.2420102,24.9046925],[92.2483673,24.9088675],[92.2591207,24.906633],[92.2670015,24.9069212],[92.2717937,24.9049164],[92.2820629,24.9058546],[92.2852795,24.9111642],[92.2969017,24.9160127],[92.3034892,24.9136004],[92.3072044,24.9059198]]]}},{"type":"Feature","properties":{"district":"Karimganj","subdistrict":"Karimganj","dt_code":"317","sdt_code":"02101","dist_lgd":293,"subdt_lgd":2101,"st_nm":"ASSAM"},"geometry":{"type":"Polygon","coordinates":[[[92.5150936,24.8795592],[92.5216678,24.864745],[92.5260891,24.8611145],[92.546057,24.868575],[92.5563085,24.8774186],[92.5672556,24.8737628],[92.5798055,24.8736769],[92.5825281,24.8718766],[92.5824452,24.8672654],[92.5851673,24.8656288],[92.5863287,24.8611223],[92.5828228,24.8510035],[92.5826471,24.8439212],[92.5676201,24.8304693],[92.5649312,24.8264193],[92.5672961,24.8249306],[92.5664656,24.824023],[92.5603623,24.8206808],[92.558696,24.8230087],[92.5514172,24.8117431],[92.5497218,24.8102797],[92.5481493,24.8111671],[92.5447435,24.807483],[92.5442904,24.804648],[92.5461009,24.8036244],[92.5451421,24.8028655],[92.5459545,24.8005683],[92.5421287,24.7980881],[92.5428838,24.7927937],[92.5406076,24.7878587],[92.5444391,24.7809591],[92.5402244,24.7767498],[92.5430943,24.7731899],[92.5423935,24.7713613],[92.5453317,24.768966],[92.5452251,24.7654992],[92.5398602,24.7596823],[92.5274436,24.7612852],[92.5190361,24.7649529],[92.5204046,24.767208],[92.5198544,24.7697123],[92.51371,24.7749872],[92.512613,24.7794381],[92.5095824,24.7797455],[92.50571,24.7828854],[92.4997416,24.782641],[92.4967877,24.7764337],[92.4869048,24.7766969],[92.4855294,24.779538],[92.4791108,24.782528],[92.4748387,24.7778757],[92.469496,24.7815039],[92.4603451,24.7832515],[92.4578651,24.8000759],[92.4531467,24.8018391],[92.4477142,24.80093],[92.4452766,24.8053495],[92.4457829,24.8081979],[92.4408087,24.8086451],[92.4385398,24.8125204],[92.4360845,24.8099902],[92.4323141,24.8097261],[92.430002,24.8133121],[92.4265423,24.8130511],[92.4253995,24.8147815],[92.4276733,24.8168265],[92.4258456,24.8201699],[92.4263855,24.8226731],[92.4382596,24.8311044],[92.428859,24.8275284],[92.4274496,24.8308888],[92.4232623,24.8326605],[92.4271359,24.8370881],[92.4222957,24.8398175],[92.4209891,24.8433653],[92.4223649,24.8538897],[92.4266888,24.852906],[92.4390891,24.8566654],[92.4414375,24.8623575],[92.4410911,24.8683518],[92.4430622,24.8710961],[92.4606451,24.8731931],[92.4761399,24.867341],[92.4770371,24.8704794],[92.4799923,24.8726862],[92.4879226,24.8713097],[92.4878692,24.8728341],[92.489573,24.8725598],[92.4909728,24.8741866],[92.5150936,24.8795592]]]}},{"type":"Feature","properties":{"district":"Hailakandi","subdistrict":"Ramkrishna Nagar","dt_code":"318","sdt_code":"02105","dist_lgd":289,"subdt_lgd":2105,"st_nm":"ASSAM"},"geometry":{"type":"Polygon","coordinates":[[[92.5962096,24.8794416],[92.6006934,24.8763596],[92.6052229,24.8660868],[92.6126254,24.8608336],[92.6217487,24.8582886],[92.6359526,24.859521],[92.6416073,24.8572005],[92.6462819,24.8528667],[92.6467219,24.850068],[92.6439268,24.8498381],[92.6340675,24.8549846],[92.6293231,24.8549801],[92.631104,24.8463676],[92.636758,24.8398629],[92.6329934,24.8312821],[92.6356693,24.8300046],[92.6393641,24.8304196],[92.6370918,24.8252401],[92.6383367,24.8219316],[92.6398777,24.8204619],[92.6426741,24.8222279],[92.6454726,24.8193565],[92.6459704,24.8152839],[92.6481361,24.814578],[92.6534931,24.8171833],[92.6580052,24.8171276],[92.6628892,24.8142836],[92.666891,24.8168465],[92.6729597,24.8178064],[92.6769104,24.8152052],[92.6775686,24.8164147],[92.6795453,24.8125245],[92.6837944,24.8145994],[92.6820083,24.8126546],[92.6829423,24.8110699],[92.6814385,24.8102714],[92.6829459,24.8080319],[92.6800008,24.8012666],[92.6745114,24.8006725],[92.6705984,24.7960288],[92.6676641,24.7893986],[92.6691618,24.7877326],[92.6676038,24.7863201],[92.6669741,24.7802896],[92.6653719,24.7797032],[92.6655784,24.7752704],[92.6635997,24.7714972],[92.6638303,24.7651009],[92.6606894,24.7582224],[92.6558439,24.75361],[92.6548297,24.7408449],[92.6457387,24.7441158],[92.6463163,24.7415347],[92.639069,24.7399176],[92.6410192,24.7323918],[92.6382387,24.7247994],[92.6248846,24.7206135],[92.6243091,24.7179272],[92.618739,24.7168822],[92.6193449,24.7153038],[92.6159358,24.7147692],[92.6121902,24.7171779],[92.6122085,24.7141825],[92.6104186,24.7128052],[92.5948193,24.7137575],[92.5973715,24.7184488],[92.5942997,24.722513],[92.5856335,24.7267824],[92.574194,24.7292701],[92.5798408,24.7331583],[92.5788126,24.7351466],[92.579685,24.7364401],[92.5760442,24.7351179],[92.5727413,24.7358867],[92.5694978,24.7414908],[92.5627329,24.744159],[92.5607672,24.7439971],[92.5599013,24.7416417],[92.5513379,24.7345952],[92.5456969,24.7356845],[92.543702,24.7345669],[92.5421903,24.7310981],[92.5361295,24.732024],[92.5397513,24.7355996],[92.5367781,24.7459819],[92.5367401,24.7517959],[92.5343598,24.7547353],[92.5452251,24.7654992],[92.5453317,24.768966],[92.5423935,24.7713613],[92.5430943,24.7731899],[92.5402244,24.7767498],[92.5444391,24.7809591],[92.5406076,24.7878587],[92.5428838,24.7927937],[92.5421287,24.7980881],[92.5459545,24.8005683],[92.5451421,24.8028655],[92.5461009,24.8036244],[92.5442904,24.804648],[92.5447435,24.807483],[92.5481493,24.8111671],[92.5497218,24.8102797],[92.5514172,24.8117431],[92.558696,24.8230087],[92.5603623,24.8206808],[92.5664656,24.824023],[92.5672961,24.8249306],[92.5649312,24.8264193],[92.5676201,24.8304693],[92.5829883,24.8443952],[92.5828228,24.8510035],[92.5863287,24.8611223],[92.5851673,24.8656288],[92.5824452,24.8672654],[92.5825711,24.8717591],[92.5798484,24.8735311],[92.5800801,24.8754603],[92.5962096,24.8794416]]]}},{"type":"Feature","properties":{"district":"Cachar","subdistrict":"Katigora","dt_code":"316","sdt_code":"02096","dist_lgd":282,"subdt_lgd":2096,"st_nm":"ASSAM"},"geometry":{"type":"Polygon","coordinates":[[[92.8274551,25.0582571],[92.8358232,25.0527117],[92.8410853,25.0544469],[92.8426732,25.057013],[92.8503849,25.0605089],[92.8528424,25.0637248],[92.8569342,25.0648954],[92.8535525,25.0315253],[92.8592632,25.0072548],[92.8636225,24.9953048],[92.8677426,24.999633],[92.8694386,24.9983739],[92.869929,24.9941897],[92.8648479,24.9882357],[92.8641993,24.985058],[92.8619845,24.9849166],[92.8643975,24.9829772],[92.8648732,24.9790817],[92.8633977,24.9768383],[92.8784092,24.9726414],[92.8779638,24.9598144],[92.8807593,24.9533888],[92.8806362,24.9493941],[92.8761481,24.9420901],[92.8756088,24.9329276],[92.8550829,24.9092016],[92.8661169,24.9065624],[92.8643282,24.9024367],[92.8645709,24.8972818],[92.8576937,24.8936894],[92.8508551,24.8964562],[92.8473115,24.8876208],[92.8358643,24.8856689],[92.822985,24.8879247],[92.8222999,24.876279],[92.8131385,24.8768886],[92.8150343,24.8746381],[92.8200866,24.8738772],[92.8201443,24.8660276],[92.8176835,24.8644066],[92.8160567,24.8609007],[92.8332602,24.8622569],[92.8359021,24.8600279],[92.8359571,24.8589778],[92.8272133,24.8558693],[92.8269498,24.8492862],[92.8291324,24.8495896],[92.8290505,24.8475123],[92.8316841,24.848835],[92.8332573,24.8457384],[92.8302017,24.8427376],[92.8328908,24.8432797],[92.8340776,24.840611],[92.8372629,24.8418457],[92.8395111,24.8401089],[92.8417726,24.8406381],[92.8431237,24.8423255],[92.8419097,24.8442262],[92.8448497,24.8452496],[92.8437729,24.8496306],[92.870101,24.8440232],[92.86212,24.8297813],[92.8666734,24.8151031],[92.8671479,24.8111208],[92.8642325,24.8100489],[92.8654988,24.8062306],[92.8603713,24.8067761],[92.8604857,24.8028765],[92.8564948,24.8069472],[92.8548287,24.8057598],[92.8526526,24.8083502],[92.8511198,24.8084718],[92.8503587,24.8066392],[92.8480345,24.8075053],[92.8460362,24.8106417],[92.839874,24.7985305],[92.8317725,24.793324],[92.8223934,24.8049521],[92.817678,24.8017095],[92.8145232,24.792794],[92.8163559,24.7859929],[92.8345831,24.7863335],[92.8409906,24.7849677],[92.8439232,24.7814749],[92.8425548,24.7780714],[92.8344338,24.7754874],[92.83268,24.7727968],[92.834739,24.7652824],[92.8388144,24.7598549],[92.8330463,24.7591912],[92.8355691,24.7561357],[92.8371183,24.750478],[92.8262358,24.7506246],[92.8263906,24.7405009],[92.8311721,24.7071632],[92.8331304,24.70553],[92.8445698,24.7054614],[92.840464,24.7010641],[92.8432247,24.7007585],[92.8417971,24.6990339],[92.8415859,24.6938247],[92.8455203,24.68719],[92.8506999,24.6853799],[92.8473535,24.6851403],[92.8502264,24.6768732],[92.8412817,24.6727352],[92.8382308,24.6685977],[92.8298874,24.6760279],[92.8232748,24.6729252],[92.8268393,24.6681345],[92.8278823,24.6459928],[92.8313039,24.6399835],[92.8292194,24.6396482],[92.8277071,24.6259036],[92.8330839,24.6111498],[92.8262169,24.6122085],[92.8211286,24.6153516],[92.8185329,24.6132209],[92.8116827,24.614283],[92.8119943,24.6180922],[92.8055103,24.6214396],[92.7996549,24.6139592],[92.7922267,24.6181663],[92.772347,24.6175806],[92.75232,24.6152747],[92.7490651,24.6090598],[92.7442757,24.6046642],[92.734129,24.6078581],[92.7340526,24.5981782],[92.7358291,24.5965499],[92.7448619,24.5956986],[92.7491858,24.591175],[92.7494576,24.5864201],[92.7515738,24.5842497],[92.749531,24.5819619],[92.7455885,24.5826403],[92.7435422,24.5852555],[92.7415172,24.5842052],[92.7386662,24.5868796],[92.7358818,24.5866875],[92.7353468,24.5903849],[92.732591,24.5890597],[92.7329706,24.5823786],[92.7229733,24.5744043],[92.7213177,24.5648806],[92.717367,24.5618856],[92.7160599,24.563069],[92.7156733,24.5679444],[92.7119127,24.56889],[92.7092016,24.5668781],[92.7016395,24.5661055],[92.7015241,24.5714954],[92.6908785,24.5745425],[92.6792283,24.5847937],[92.6752542,24.5845376],[92.6685075,24.5896223],[92.6672648,24.5943218],[92.6699819,24.5998779],[92.6664498,24.609751],[92.673762,24.6089275],[92.6753131,24.6109539],[92.6890502,24.6125606],[92.6918461,24.6149655],[92.6967742,24.615338],[92.6957785,24.6188007],[92.6910253,24.622897],[92.6873174,24.624036],[92.6872341,24.6254805],[92.6791659,24.6274831],[92.6655266,24.6276629],[92.6651493,24.6736158],[92.6564746,24.6735047],[92.6558136,24.6785379],[92.6503062,24.6845966],[92.6511077,24.6914713],[92.6571226,24.7006292],[92.6572066,24.7230818],[92.6547756,24.739665],[92.6558439,24.75361],[92.6606894,24.7582224],[92.6638303,24.7651009],[92.6635997,24.7714972],[92.6655784,24.7752704],[92.6653719,24.7797032],[92.6669741,24.7802896],[92.6676038,24.7863201],[92.6691618,24.7877326],[92.6676096,24.7891864],[92.6690447,24.792725],[92.6745114,24.8006725],[92.6800008,24.8012666],[92.6829459,24.8080319],[92.6814385,24.8102714],[92.6829423,24.8110699],[92.6820083,24.8126546],[92.6837944,24.8145994],[92.6795453,24.8125245],[92.6775686,24.8164147],[92.6769104,24.8152052],[92.6729597,24.8178064],[92.666891,24.8168465],[92.6628892,24.8142836],[92.6580052,24.8171276],[92.6534931,24.8171833],[92.6481361,24.814578],[92.6459704,24.8152839],[92.6454726,24.8193565],[92.6426741,24.8222279],[92.6398777,24.8204619],[92.6383367,24.8219316],[92.6370918,24.8252401],[92.6393641,24.8304196],[92.6356693,24.8300046],[92.6329934,24.8312821],[92.636758,24.8398629],[92.630289,24.8482043],[92.638446,24.8408392],[92.6410363,24.8271291],[92.6424662,24.8259048],[92.6477399,24.8280259],[92.6619554,24.8416513],[92.6668729,24.8445878],[92.6733981,24.8438513],[92.6921654,24.8351938],[92.6951159,24.8364165],[92.6953854,24.8389462],[92.6843052,24.8465403],[92.6817152,24.8515194],[92.6829687,24.8556807],[92.6884257,24.862615],[92.6957593,24.8669369],[92.7007665,24.867424],[92.7077635,24.8655943],[92.7161636,24.8602035],[92.7254648,24.8641961],[92.7289558,24.8690085],[92.7272593,24.8717842],[92.7243099,24.8731735],[92.7049989,24.8762862],[92.7013372,24.8828982],[92.7035465,24.8906193],[92.6852622,24.8913222],[92.6881897,24.8957065],[92.6849993,24.9054879],[92.680206,24.90729],[92.6718222,24.9149369],[92.6685304,24.9154587],[92.668626,24.9250184],[92.665293,24.9257752],[92.6640612,24.9426701],[92.6571953,24.9432888],[92.6566376,24.9476714],[92.657889,24.9520764],[92.6664722,24.9592642],[92.6717019,24.9575924],[92.6861175,24.9623523],[92.6845539,24.970458],[92.6698821,24.9700258],[92.6654152,24.9744136],[92.6587702,24.9762208],[92.6491632,24.9760961],[92.648595,24.9813798],[92.6710778,24.989762],[92.6815412,24.9921865],[92.6946369,24.9902059],[92.7012921,24.9906549],[92.7151337,25.009446],[92.726398,25.0037851],[92.7321485,25.0092833],[92.7518811,25.0135222],[92.7528813,25.012629],[92.7571206,25.0180569],[92.7589692,25.0183626],[92.7634261,25.0147432],[92.7878002,25.015872],[92.7956524,25.0258657],[92.8049323,25.0472809],[92.8223431,25.0739176],[92.828541,25.0707971],[92.8274551,25.0582571]]]}},{"type":"Feature","properties":{"district":"Cachar","subdistrict":"Maibong","dt_code":"316","sdt_code":"02095","dist_lgd":282,"subdt_lgd":0,"st_nm":"ASSAM"},"geometry":{"type":"Polygon","coordinates":[[[92.734376,25.1392549],[92.7455031,25.1357592],[92.752786,25.1390208],[92.7552435,25.1367349],[92.7577102,25.1295064],[92.7671037,25.1155222],[92.7643819,25.110075],[92.7647964,25.1031986],[92.7714082,25.0979294],[92.7779646,25.0883448],[92.7846777,25.0859186],[92.7961481,25.0880685],[92.8084827,25.0817843],[92.8126306,25.0814182],[92.8223431,25.0739176],[92.8049323,25.0472809],[92.7956524,25.0258657],[92.7878002,25.015872],[92.7634261,25.0147432],[92.7589692,25.0183626],[92.7571206,25.0180569],[92.7528813,25.012629],[92.7518811,25.0135222],[92.7321485,25.0092833],[92.726398,25.0037851],[92.7151337,25.009446],[92.7012921,24.9906549],[92.6946369,24.9902059],[92.6815412,24.9921865],[92.6710778,24.989762],[92.648595,24.9813798],[92.6491632,24.9760961],[92.6587702,24.9762208],[92.6654152,24.9744136],[92.6698821,24.9700258],[92.6845539,24.970458],[92.6861175,24.9623523],[92.6717019,24.9575924],[92.6664722,24.9592642],[92.657889,24.9520764],[92.6566376,24.9476714],[92.6571953,24.9432888],[92.6640612,24.9426701],[92.665293,24.9257752],[92.668626,24.9250184],[92.6685304,24.9154587],[92.6718222,24.9149369],[92.680206,24.90729],[92.6849993,24.9054879],[92.6881897,24.8957065],[92.6852622,24.8913222],[92.7035465,24.8906193],[92.7013384,24.8847751],[92.7034799,24.8777559],[92.7049989,24.8762862],[92.7272593,24.8717842],[92.7289558,24.8690085],[92.7254648,24.8641961],[92.7161636,24.8602035],[92.7038061,24.8669328],[92.6983524,24.8673436],[92.6928977,24.8656325],[92.6859211,24.8600863],[92.6817152,24.8515194],[92.6843052,24.8465403],[92.6953854,24.8389462],[92.6951159,24.8364165],[92.6921654,24.8351938],[92.6733981,24.8438513],[92.6668729,24.8445878],[92.6619554,24.8416513],[92.6477399,24.8280259],[92.6424662,24.8259048],[92.6410363,24.8271291],[92.638446,24.8408392],[92.630289,24.8482043],[92.6293231,24.8549801],[92.6340675,24.8549846],[92.6439268,24.8498381],[92.6467219,24.850068],[92.6462819,24.8528667],[92.6416073,24.8572005],[92.6359526,24.859521],[92.6217487,24.8582886],[92.6126254,24.8608336],[92.6052229,24.8660868],[92.6013913,24.8752764],[92.5973131,24.8791439],[92.5805797,24.8757223],[92.5798055,24.8736769],[92.5727976,24.8732595],[92.5638064,24.8745197],[92.5563085,24.8774186],[92.546057,24.868575],[92.5260891,24.8611145],[92.5216678,24.864745],[92.5185078,24.8741316],[92.5150936,24.8795592],[92.4909728,24.8741866],[92.4923138,24.8757719],[92.491158,24.8914643],[92.4968417,24.9020206],[92.4928928,24.9060996],[92.4946035,24.91586],[92.4875623,24.9206221],[92.4840018,24.928455],[92.4876174,24.9467715],[92.4836117,24.9472781],[92.4756455,24.9417735],[92.4643137,24.9413917],[92.4492658,24.9387648],[92.4478697,24.9437016],[92.4497408,24.9499877],[92.4537311,24.9536487],[92.466155,24.9570675],[92.4683654,24.9599113],[92.468179,24.9630241],[92.4605883,24.9698144],[92.4576252,24.970601],[92.4476276,24.9650015],[92.4427292,24.9662022],[92.4236956,24.9648397],[92.4203335,24.9659462],[92.419598,24.9685301],[92.4220812,24.9884907],[92.4205062,24.9903294],[92.4163468,24.989923],[92.4241987,25.0094924],[92.4242446,25.0193719],[92.4259217,25.0200617],[92.4252767,25.02956],[92.4292538,25.029149],[92.4322307,25.0351316],[92.4381921,25.0346477],[92.4382779,25.0438694],[92.4442996,25.0451909],[92.4490725,25.040565],[92.4527681,25.040753],[92.4598076,25.037043],[92.4642855,25.0374354],[92.4629825,25.0395813],[92.464291,25.0436237],[92.4622888,25.0459715],[92.4623829,25.0481293],[92.4605135,25.0487259],[92.4570498,25.0466699],[92.4569778,25.0540678],[92.4602258,25.0572879],[92.4636554,25.0549429],[92.4635738,25.0580798],[92.4653513,25.0586745],[92.4684271,25.0658888],[92.4720267,25.0672542],[92.47202,25.0746296],[92.4706725,25.0765996],[92.4753485,25.0777683],[92.4741099,25.0819728],[92.4775781,25.0825524],[92.4771563,25.0850071],[92.4794129,25.0866137],[92.4773121,25.0907805],[92.4774301,25.1001917],[92.4806294,25.1083087],[92.4910165,25.1076907],[92.4969579,25.1095064],[92.5089222,25.1042207],[92.5199494,25.1059366],[92.5292223,25.1032865],[92.5305226,25.1003103],[92.5380668,25.0986072],[92.5465069,25.1040048],[92.5554843,25.1041585],[92.5635766,25.1012439],[92.5718096,25.101602],[92.5780296,25.1044118],[92.5918398,25.1063976],[92.5984413,25.1107751],[92.6026032,25.1104612],[92.6128516,25.1033765],[92.6195443,25.1024095],[92.6219516,25.1033052],[92.6232756,25.107981],[92.63187,25.1091242],[92.6390043,25.1170546],[92.6429607,25.1178442],[92.6486595,25.1176396],[92.6530543,25.1139337],[92.6567722,25.1141185],[92.6650946,25.1091426],[92.6731473,25.109342],[92.6780963,25.1132632],[92.6838856,25.114567],[92.6929805,25.1108881],[92.6995645,25.1110397],[92.7068552,25.1157161],[92.7117521,25.1170442],[92.7217854,25.1126247],[92.7232086,25.1134867],[92.7238706,25.1182548],[92.7291071,25.1231637],[92.7341397,25.1239179],[92.7349294,25.1262663],[92.7281155,25.1368918],[92.7299009,25.1433446],[92.734376,25.1392549]]]}},{"type":"Feature","properties":{"district":"Dima Hasao","subdistrict":"Umrangso","dt_code":"315","sdt_code":"02092","dist_lgd":299,"subdt_lgd":0,"st_nm":"ASSAM"},"geometry":{"type":"Polygon","coordinates":[[[92.7955335,25.3631989],[92.824087,25.3417838],[92.8452642,25.3310762],[92.872628,25.3203686],[92.8861909,25.3177512],[92.8904739,25.3196548],[92.8971364,25.3351213],[92.89904,25.3474945],[92.9128409,25.3636748],[92.9471051,25.3631989],[92.9475215,25.341992],[92.9446364,25.3159815],[92.9532025,25.2981356],[92.9710484,25.2824311],[92.9867529,25.2624436],[92.9960328,25.2410285],[93.0110234,25.2296071],[93.04386,25.2146165],[93.0574229,25.2117611],[93.0781242,25.2139026],[93.0910477,25.2171848],[93.0915761,25.2012439],[93.0996662,25.1926778],[93.1004447,25.182721],[93.104347,25.1769151],[93.1184334,25.1701574],[93.1332844,25.1655853],[93.1434483,25.1517511],[93.1524903,25.1293842],[93.1525143,25.0885764],[93.1353822,25.0495533],[93.1192019,25.0305176],[93.0992582,25.0007401],[93.0680198,25.0007297],[93.0682028,25.003469],[93.0653587,25.0045832],[93.0633545,25.002193],[93.0619516,25.0023972],[93.0600566,25.0082322],[93.0548198,25.0107975],[93.0580148,25.0169537],[93.0609758,25.0175459],[93.0591571,25.0230533],[93.0568782,25.0253028],[93.0549534,25.0251507],[93.0506137,25.0337838],[93.0367903,25.036689],[93.034148,25.0416249],[93.0290153,25.0434652],[93.0216103,25.0509029],[93.022358,25.0526587],[93.0212064,25.0549237],[93.0142961,25.0618903],[93.021104,25.0756031],[93.0253316,25.075637],[93.0318769,25.0781516],[93.0321998,25.079875],[93.0377017,25.082207],[93.0390572,25.0858234],[93.0431129,25.0885699],[93.0470974,25.0993152],[93.0353292,25.105159],[93.030848,25.1055702],[93.0245082,25.103236],[93.0222784,25.1040658],[93.016475,25.0977098],[92.9841771,25.0937708],[92.9774744,25.0857006],[92.9708303,25.0853293],[92.9590581,25.0901434],[92.9549063,25.0870697],[92.9526488,25.0831527],[92.9550129,25.0767737],[92.9518359,25.0691705],[92.9427367,25.0690635],[92.9301604,25.0790528],[92.9207364,25.0769573],[92.9172046,25.0795699],[92.910664,25.0782635],[92.8975027,25.0793395],[92.8926513,25.0746503],[92.8885503,25.076286],[92.8856852,25.0751644],[92.8813365,25.0676953],[92.8726775,25.0644778],[92.8691738,25.0669958],[92.8611856,25.0639632],[92.8547828,25.0645195],[92.8503849,25.0605089],[92.8426732,25.057013],[92.8410853,25.0544469],[92.8358232,25.0527117],[92.8274551,25.0582571],[92.828541,25.0707971],[92.8126306,25.0814182],[92.8084827,25.0817843],[92.7961481,25.0880685],[92.7846777,25.0859186],[92.7779646,25.0883448],[92.7714082,25.0979294],[92.7647964,25.1031986],[92.7643819,25.110075],[92.7671037,25.1155222],[92.7577102,25.1295064],[92.7539655,25.1381848],[92.752786,25.1390208],[92.7468772,25.1357029],[92.7446397,25.1358842],[92.732987,25.1395245],[92.7302827,25.1432953],[92.7282001,25.1363381],[92.7348994,25.125991],[92.7341397,25.1239179],[92.7291071,25.1231637],[92.7238706,25.1182548],[92.7225388,25.1127243],[92.7117521,25.1170442],[92.7068552,25.1157161],[92.6995645,25.1110397],[92.6929805,25.1108881],[92.6838856,25.114567],[92.6780963,25.1132632],[92.6731473,25.109342],[92.6650946,25.1091426],[92.6567722,25.1141185],[92.6530543,25.1139337],[92.6486595,25.1176396],[92.6429607,25.1178442],[92.6390043,25.1170546],[92.63187,25.1091242],[92.6232756,25.107981],[92.6219516,25.1033052],[92.6195443,25.1024095],[92.6128516,25.1033765],[92.6026032,25.1104612],[92.5984413,25.1107751],[92.5918398,25.1063976],[92.5780296,25.1044118],[92.5718096,25.101602],[92.5635766,25.1012439],[92.5554843,25.1041585],[92.5465069,25.1040048],[92.5455315,25.1038493],[92.539414,25.0989423],[92.5391824,25.0989103],[92.5348427,25.1081134],[92.5290699,25.1150615],[92.5286364,25.1184019],[92.5230979,25.1259708],[92.522651,25.1330339],[92.5206713,25.136476],[92.5216175,25.1390288],[92.5234389,25.1389352],[92.524899,25.1351889],[92.5383553,25.1334897],[92.543092,25.1310731],[92.5489021,25.1304121],[92.5553562,25.1269525],[92.5606096,25.1303228],[92.5681831,25.1282387],[92.5766113,25.1309929],[92.5832042,25.128112],[92.5880817,25.1287836],[92.5928174,25.1258912],[92.5950123,25.1221997],[92.6042879,25.1234384],[92.6088977,25.1226184],[92.6163245,25.1158014],[92.6214328,25.1150264],[92.6255678,25.1229614],[92.6288764,25.1261845],[92.6272888,25.1309478],[92.6283104,25.1381027],[92.6355151,25.14349],[92.638684,25.1477272],[92.6442094,25.1506641],[92.6520883,25.152298],[92.6557598,25.1549522],[92.6580198,25.1588374],[92.658427,25.1719491],[92.6634752,25.1766679],[92.6679552,25.1740848],[92.6686277,25.1765563],[92.6772379,25.1825444],[92.683384,25.179536],[92.6871091,25.180362],[92.6909854,25.1787635],[92.6939003,25.1792364],[92.7026158,25.1883777],[92.7092405,25.1900707],[92.7161361,25.1957819],[92.7372235,25.2005385],[92.7428748,25.2066519],[92.7467963,25.2065068],[92.7548445,25.2018286],[92.7628124,25.2015866],[92.7674742,25.2034903],[92.776214,25.1996146],[92.7819215,25.2032473],[92.7860497,25.2093478],[92.7950297,25.2097501],[92.8020867,25.215125],[92.8028349,25.2169624],[92.801518,25.2202386],[92.7891053,25.224678],[92.7820301,25.2301624],[92.7716682,25.22998],[92.7701647,25.237334],[92.7618879,25.2465284],[92.7626349,25.2492688],[92.7664589,25.2521395],[92.7711848,25.2509873],[92.7749709,25.252001],[92.7777453,25.2581775],[92.7741135,25.2625578],[92.7691969,25.2655921],[92.7686189,25.2681193],[92.7766489,25.2700251],[92.7797436,25.2735297],[92.7874922,25.2740896],[92.7924952,25.2825646],[92.787302,25.2900272],[92.7872331,25.2962063],[92.7834325,25.2994447],[92.781318,25.3049816],[92.7815394,25.3076854],[92.7869321,25.3143734],[92.7834346,25.3297852],[92.7817981,25.3331829],[92.7759315,25.3347273],[92.7741667,25.3365144],[92.7831603,25.3601056],[92.7891089,25.3643887],[92.7955335,25.3631989]]]}},{"type":"Feature","properties":{"district":"Dima Hasao","subdistrict":"Silonijan","dt_code":"315","sdt_code":"02091","dist_lgd":299,"subdt_lgd":2091,"st_nm":"ASSAM"},"geometry":{"type":"Polygon","coordinates":[[[93.0068298,25.8253726],[92.9982352,25.8076862],[92.9994266,25.7938364],[93.0032406,25.7865054],[93.0059725,25.7864942],[93.0116028,25.7895905],[93.0165931,25.800097],[93.0186312,25.8012855],[93.0250741,25.7942496],[93.0350892,25.7954343],[93.0528997,25.7846444],[93.0520659,25.7787135],[93.0551851,25.7810395],[93.0584503,25.7810095],[93.0591492,25.7792903],[93.0564625,25.778937],[93.0558155,25.7773253],[93.0582542,25.7753677],[93.0573885,25.7726593],[93.060095,25.7730939],[93.0629038,25.7767139],[93.0660321,25.7757739],[93.0645722,25.7744599],[93.0666716,25.7727142],[93.0661042,25.771035],[93.0678439,25.7708642],[93.0684687,25.7670867],[93.0723815,25.7669573],[93.0736864,25.769246],[93.0753377,25.7660601],[93.080655,25.7684449],[93.0805495,25.7709272],[93.0831473,25.7684546],[93.0857782,25.7709693],[93.0867309,25.7693403],[93.0911962,25.7717875],[93.090524,25.7693276],[93.0947097,25.7695793],[93.0938584,25.7211145],[93.0810688,25.7068377],[93.0313975,25.6913712],[92.991839,25.6724099],[92.9793468,25.6509948],[92.9722084,25.6224412],[92.9686392,25.5742571],[92.9757776,25.5457036],[93.0186079,25.5117963],[93.0275309,25.5010887],[93.0318139,25.4926416],[93.0346693,25.464564],[93.0308621,25.4355346],[93.0089711,25.4065051],[92.9713756,25.3903248],[92.956623,25.3789034],[92.9471051,25.3631989],[92.9128409,25.3636748],[92.89904,25.3474945],[92.8971364,25.3351213],[92.8904739,25.3196548],[92.8861909,25.3177512],[92.872628,25.3203686],[92.8452642,25.3310762],[92.824087,25.3417838],[92.7955335,25.3631989],[92.7891089,25.3643887],[92.7831603,25.3601056],[92.7741667,25.3365144],[92.7699139,25.3382121],[92.7637346,25.3335767],[92.7605509,25.3337458],[92.7559323,25.3386394],[92.7545976,25.3423756],[92.7496633,25.3444748],[92.7499508,25.3499365],[92.746415,25.3583251],[92.7395478,25.3613051],[92.738788,25.3669521],[92.7323565,25.3689159],[92.7332591,25.3727202],[92.7380197,25.3793334],[92.7310943,25.3800021],[92.7237452,25.3788157],[92.7179423,25.3726268],[92.7098775,25.3845115],[92.7017638,25.3844798],[92.698282,25.3863187],[92.6928278,25.3976729],[92.6881491,25.4020802],[92.6777754,25.4070222],[92.6735293,25.4140242],[92.6675212,25.414825],[92.6635327,25.4064986],[92.6616442,25.4063546],[92.6564127,25.411542],[92.651902,25.419243],[92.6514611,25.4258419],[92.6544151,25.4326026],[92.6536201,25.4335235],[92.6470827,25.4282438],[92.6395613,25.4175657],[92.6367189,25.4214115],[92.6358396,25.4273154],[92.6256456,25.4349165],[92.6252479,25.4311387],[92.628384,25.4238764],[92.6276385,25.4219671],[92.6246067,25.4209246],[92.6185828,25.4230007],[92.6150989,25.4211138],[92.6112577,25.4151692],[92.6089171,25.413499],[92.6059104,25.4137875],[92.6045027,25.4209007],[92.6069768,25.4276262],[92.6030739,25.4351271],[92.6046127,25.4476027],[92.5976077,25.4506708],[92.6004485,25.4647536],[92.5986131,25.4681384],[92.5956393,25.470205],[92.5918903,25.4704209],[92.5841106,25.4655985],[92.5825923,25.4710684],[92.5803594,25.4720834],[92.5744648,25.4662635],[92.5688128,25.4636978],[92.5665509,25.4633584],[92.5646655,25.4654836],[92.5643631,25.4736123],[92.5736541,25.4904782],[92.5910912,25.5011452],[92.5973028,25.5024599],[92.599898,25.506351],[92.6090836,25.5118136],[92.6202049,25.516057],[92.6229903,25.5194331],[92.6276859,25.5219742],[92.6319144,25.5277377],[92.6377646,25.5302378],[92.6429936,25.5352291],[92.6420593,25.5415752],[92.645634,25.5561622],[92.6567856,25.5608452],[92.6574847,25.5697546],[92.6612575,25.5725024],[92.6826816,25.5766829],[92.6828671,25.5792655],[92.6787058,25.5807978],[92.6799176,25.58501],[92.6843264,25.5903134],[92.695629,25.5989637],[92.7124841,25.5990355],[92.7140166,25.5976799],[92.7153104,25.5902607],[92.7216823,25.5887801],[92.7299102,25.5919076],[92.739028,25.5932504],[92.7449731,25.5979322],[92.7494781,25.5991307],[92.7505278,25.602754],[92.7496934,25.6089708],[92.7543622,25.6150768],[92.7581719,25.6160957],[92.7640478,25.6143855],[92.7679455,25.6170786],[92.7682366,25.6198185],[92.7620789,25.6218491],[92.7585353,25.6256396],[92.7583678,25.6287266],[92.7610539,25.6309992],[92.7662454,25.6323574],[92.7715809,25.6396734],[92.7756675,25.6409899],[92.7795074,25.6456821],[92.7831566,25.6464926],[92.789505,25.6596759],[92.786773,25.6633391],[92.7753017,25.6711707],[92.7746066,25.6743431],[92.7782524,25.6799785],[92.7850296,25.6820143],[92.7994533,25.6904408],[92.801341,25.6979973],[92.8137573,25.7023501],[92.8147399,25.7091297],[92.8177229,25.7112524],[92.82162,25.7185477],[92.8209454,25.7414482],[92.8294217,25.7423769],[92.8431068,25.751146],[92.8680924,25.7533786],[92.8836149,25.7565885],[92.9220809,25.7719699],[92.9263644,25.7754512],[92.9281894,25.7838784],[92.9278287,25.7920258],[92.9324862,25.7995167],[92.9324391,25.8020282],[92.9284603,25.8065998],[92.9330238,25.8065387],[92.9440348,25.8032232],[92.9484065,25.8085834],[92.9559021,25.8084982],[92.9618192,25.8168956],[92.9641621,25.8180738],[92.966658,25.8173521],[92.9670437,25.8149914],[92.9599703,25.809753],[92.9564017,25.8034689],[92.9589585,25.7985345],[92.9697025,25.7912397],[92.9673586,25.7818996],[92.9703721,25.7825218],[92.9803741,25.7905248],[92.9819847,25.7891354],[92.9796205,25.7811726],[92.984043,25.7805596],[92.9856751,25.7823826],[92.9873791,25.7917614],[92.9875253,25.800906],[92.986063,25.8038765],[92.9825573,25.805065],[92.9808791,25.8087037],[92.9860066,25.8136991],[92.9897958,25.8224003],[92.9969528,25.8255291],[93.0055467,25.8267571],[93.0068298,25.8253726]]]}}]}